# record 0 of tracings (4096 samples x 12 leads), one row per sample
# I	II	III	aVR	aVL	aVF	V1	V2	V3	V4	V5	V6
0.000000	0.000000	0.000000	0.000000	0.000000	0.000000	0.000000	0.000000	0.000000	0.000000	0.000000	0.000000
0.000000	0.000000	0.000000	0.000000	0.000000	0.000000	0.000000	0.000000	0.000000	0.000000	0.000000	0.000000
0.000000	0.000000	0.000000	0.000000	0.000000	0.000000	0.000000	0.000000	0.000000	0.000000	0.000000	0.000000
0.000000	0.000000	0.000000	0.000000	0.000000	0.000000	0.000000	0.000000	0.000000	0.000000	0.000000	0.000000
0.000000	0.000000	0.000000	0.000000	0.000000	0.000000	0.000000	0.000000	0.000000	0.000000	0.000000	0.000000
0.000000	0.000000	0.000000	0.000000	0.000000	0.000000	0.000000	0.000000	0.000000	0.000000	0.000000	0.000000
0.000000	0.000000	0.000000	0.000000	0.000000	0.000000	0.000000	0.000000	0.000000	0.000000	0.000000	0.000000
0.000000	0.000000	0.000000	0.000000	0.000000	0.000000	0.000000	0.000000	0.000000	0.000000	0.000000	0.000000
0.000000	0.000000	0.000000	0.000000	0.000000	0.000000	0.000000	0.000000	0.000000	0.000000	0.000000	0.000000
0.000000	0.000000	0.000000	0.000000	0.000000	0.000000	0.000000	0.000000	0.000000	0.000000	0.000000	0.000000
0.000000	0.000000	0.000000	0.000000	0.000000	0.000000	0.000000	0.000000	0.000000	0.000000	0.000000	0.000000
0.000000	0.000000	0.000000	0.000000	0.000000	0.000000	0.000000	0.000000	0.000000	0.000000	0.000000	0.000000
0.000000	0.000000	0.000000	0.000000	0.000000	0.000000	0.000000	0.000000	0.000000	0.000000	0.000000	0.000000
0.000000	0.000000	0.000000	0.000000	0.000000	0.000000	0.000000	0.000000	0.000000	0.000000	0.000000	0.000000
0.000000	0.000000	0.000000	0.000000	0.000000	0.000000	0.000000	0.000000	0.000000	0.000000	0.000000	0.000000
0.000000	0.000000	0.000000	0.000000	0.000000	0.000000	0.000000	0.000000	0.000000	0.000000	0.000000	0.000000
0.000000	0.000000	0.000000	0.000000	0.000000	0.000000	0.000000	0.000000	0.000000	0.000000	0.000000	0.000000
0.000000	0.000000	0.000000	0.000000	0.000000	0.000000	0.000000	0.000000	0.000000	0.000000	0.000000	0.000000
0.000000	0.000000	0.000000	0.000000	0.000000	0.000000	0.000000	0.000000	0.000000	0.000000	0.000000	0.000000
0.000000	0.000000	0.000000	0.000000	0.000000	0.000000	0.000000	0.000000	0.000000	0.000000	0.000000	0.000000
0.000000	0.000000	0.000000	0.000000	0.000000	0.000000	0.000000	0.000000	0.000000	0.000000	0.000000	0.000000
0.000000	0.000000	0.000000	0.000000	0.000000	0.000000	0.000000	0.000000	0.000000	0.000000	0.000000	0.000000
0.000000	0.000000	0.000000	0.000000	0.000000	0.000000	0.000000	0.000000	0.000000	0.000000	0.000000	0.000000
0.000000	0.000000	0.000000	0.000000	0.000000	0.000000	0.000000	0.000000	0.000000	0.000000	0.000000	0.000000
0.000000	0.000000	0.000000	0.000000	0.000000	0.000000	0.000000	0.000000	0.000000	0.000000	0.000000	0.000000
0.000000	0.000000	0.000000	0.000000	0.000000	0.000000	0.000000	0.000000	0.000000	0.000000	0.000000	0.000000
0.000000	0.000000	0.000000	0.000000	0.000000	0.000000	0.000000	0.000000	0.000000	0.000000	0.000000	0.000000
0.000000	0.000000	0.000000	0.000000	0.000000	0.000000	0.000000	0.000000	0.000000	0.000000	0.000000	0.000000
0.000000	0.000000	0.000000	0.000000	0.000000	0.000000	0.000000	0.000000	0.000000	0.000000	0.000000	0.000000
0.000000	0.000000	0.000000	0.000000	0.000000	0.000000	0.000000	0.000000	0.000000	0.000000	0.000000	0.000000
0.000000	0.000000	0.000000	0.000000	0.000000	0.000000	0.000000	0.000000	0.000000	0.000000	0.000000	0.000000
0.000000	0.000000	0.000000	0.000000	0.000000	0.000000	0.000000	0.000000	0.000000	0.000000	0.000000	0.000000
0.000000	0.000000	0.000000	0.000000	0.000000	0.000000	0.000000	0.000000	0.000000	0.000000	0.000000	0.000000
0.000000	0.000000	0.000000	0.000000	0.000000	0.000000	0.000000	0.000000	0.000000	0.000000	0.000000	0.000000
0.000000	0.000000	0.000000	0.000000	0.000000	0.000000	0.000000	0.000000	0.000000	0.000000	0.000000	0.000000
0.000000	0.000000	0.000000	0.000000	0.000000	0.000000	0.000000	0.000000	0.000000	0.000000	0.000000	0.000000
0.000000	0.000000	0.000000	0.000000	0.000000	0.000000	0.000000	0.000000	0.000000	0.000000	0.000000	0.000000
0.000000	0.000000	0.000000	0.000000	0.000000	0.000000	0.000000	0.000000	0.000000	0.000000	0.000000	0.000000
0.000000	0.000000	0.000000	0.000000	0.000000	0.000000	0.000000	0.000000	0.000000	0.000000	0.000000	0.000000
0.000000	0.000000	0.000000	0.000000	0.000000	0.000000	0.000000	0.000000	0.000000	0.000000	0.000000	0.000000
0.000000	0.000000	0.000000	0.000000	0.000000	0.000000	0.000000	0.000000	0.000000	0.000000	0.000000	0.000000
0.000000	0.000000	0.000000	0.000000	0.000000	0.000000	0.000000	0.000000	0.000000	0.000000	0.000000	0.000000
0.000000	0.000000	0.000000	0.000000	0.000000	0.000000	0.000000	0.000000	0.000000	0.000000	0.000000	0.000000
0.000000	0.000000	0.000000	0.000000	0.000000	0.000000	0.000000	0.000000	0.000000	0.000000	0.000000	0.000000
0.000000	0.000000	0.000000	0.000000	0.000000	0.000000	0.000000	0.000000	0.000000	0.000000	0.000000	0.000000
0.000000	0.000000	0.000000	0.000000	0.000000	0.000000	0.000000	0.000000	0.000000	0.000000	0.000000	0.000000
0.000000	0.000000	0.000000	0.000000	0.000000	0.000000	0.000000	0.000000	0.000000	0.000000	0.000000	0.000000
0.000000	0.000000	0.000000	0.000000	0.000000	0.000000	0.000000	0.000000	0.000000	0.000000	0.000000	0.000000
-0.103445	-0.044989	0.058456	0.074217	-0.080951	0.006734	-0.058514	-0.035990	-0.004499	-0.031490	-0.031513	-0.067519
-0.118904	-0.051695	0.067210	0.085299	-0.093057	0.007758	-0.067153	-0.041358	-0.005157	-0.036192	-0.036159	-0.077483
-0.112900	-0.049097	0.063802	0.080999	-0.088351	0.007352	-0.063906	-0.039271	-0.004922	-0.034358	-0.034411	-0.073733
-0.116512	-0.050651	0.065861	0.083581	-0.091186	0.007605	-0.065707	-0.040549	-0.005038	-0.035489	-0.035384	-0.075824
-0.113810	-0.049503	0.064308	0.081656	-0.089059	0.007403	-0.064636	-0.039396	-0.004986	-0.034442	-0.034819	-0.074556
-0.116691	-0.050718	0.065973	0.083705	-0.091332	0.007627	-0.064827	-0.035810	-0.004981	-0.030774	-0.034713	-0.074894
-0.113523	-0.049810	0.063713	0.081666	-0.088618	0.006952	-0.059975	-0.034816	-0.005021	-0.029846	-0.030001	-0.069921
-0.106632	-0.045543	0.061089	0.076088	-0.083861	0.007773	-0.059617	-0.035182	-0.005480	-0.030163	-0.029596	-0.069662
-0.128332	-0.044989	0.083343	0.086661	-0.105838	0.019177	-0.060029	-0.034802	-0.009872	-0.029668	-0.030181	-0.070172
-0.125836	-0.044562	0.081274	0.085199	-0.103555	0.018356	-0.054998	-0.035515	-0.009572	-0.025606	-0.029504	-0.069503
-0.119776	-0.040136	0.079640	0.079956	-0.099708	0.019752	-0.055025	-0.034919	-0.010106	-0.024979	-0.025105	-0.065165
-0.120320	-0.039484	0.080836	0.079902	-0.100578	0.020676	-0.055042	-0.030467	-0.014482	-0.024995	-0.024579	-0.064481
-0.119398	-0.040054	0.079344	0.079726	-0.099371	0.019645	-0.049924	-0.029925	-0.015201	-0.025038	-0.024857	-0.065209
-0.110711	-0.034958	0.075753	0.072834	-0.093232	0.020398	-0.050519	-0.030035	-0.014539	-0.024548	-0.020498	-0.064460
-0.109913	-0.035011	0.074902	0.072462	-0.092407	0.019946	-0.049893	-0.029966	-0.015080	-0.020084	-0.020004	-0.060128
-0.110057	-0.035049	0.075008	0.072553	-0.092533	0.019979	-0.045481	-0.030093	-0.019573	-0.019529	-0.020038	-0.059569
-0.104991	-0.029926	0.075065	0.067458	-0.090028	0.022570	-0.044961	-0.029680	-0.020033	-0.020186	-0.019724	-0.059849
-0.104902	-0.030528	0.074373	0.067715	-0.089638	0.021923	-0.044579	-0.025598	-0.020092	-0.019496	-0.015538	-0.055500
-0.100607	-0.029879	0.070728	0.065243	-0.085668	0.020425	-0.040062	-0.024966	-0.019339	-0.015084	-0.015025	-0.055006
-0.095363	-0.025511	0.069852	0.060437	-0.082607	0.022170	-0.039594	-0.025029	-0.015108	-0.014584	-0.014951	-0.055058
-0.095035	-0.024898	0.070137	0.059967	-0.082586	0.022619	-0.039857	-0.024972	-0.009917	-0.015014	-0.014914	-0.054678
-0.094407	-0.025142	0.069266	0.059774	-0.081836	0.022062	-0.035506	-0.025090	-0.005512	-0.015390	-0.010017	-0.050595
-0.094967	-0.024299	0.070668	0.059633	-0.082818	0.023185	-0.034474	-0.024349	-0.004862	-0.014967	-0.009994	-0.049944
-0.115452	-0.020158	0.095294	0.067805	-0.105373	0.037568	-0.029824	-0.020075	-0.000541	-0.010470	-0.010005	-0.050097
-0.129518	-0.014893	0.114625	0.072206	-0.122072	0.049866	-0.029757	-0.014997	0.005102	-0.009714	-0.005053	-0.049653
-0.120586	-0.010213	0.110373	0.065399	-0.115479	0.050080	-0.029623	-0.009987	0.004898	-0.005544	-0.005087	-0.045612
-0.114352	-0.004342	0.110009	0.059347	-0.112181	0.052834	-0.025070	-0.005019	0.010094	-0.004491	-0.004924	-0.044932
-0.106286	-0.000227	0.106058	0.053257	-0.106172	0.052916	-0.024482	-0.000482	0.014915	0.000258	-0.004555	-0.045102
-0.104054	0.000382	0.104436	0.051836	-0.104245	0.052409	-0.025034	0.000149	0.015221	0.000000	-0.000099	-0.044657
-0.090829	0.009956	0.100784	0.040436	-0.095807	0.055370	-0.019892	0.005419	0.019515	-0.000284	-0.000450	-0.040606
-0.079228	0.020022	0.099251	0.029603	-0.089240	0.059636	-0.020070	0.009943	0.019960	0.004505	0.000111	-0.039939
-0.065728	0.029999	0.095726	0.017864	-0.080727	0.062863	-0.019891	0.010479	0.020079	0.005513	0.004462	-0.040089
-0.054541	0.040047	0.094588	0.007247	-0.074564	0.067318	-0.015169	0.014942	0.019894	0.009737	0.005201	-0.039677
-0.040743	0.049834	0.090577	-0.004545	-0.065660	0.070206	-0.014585	0.019908	0.020121	0.010407	0.004500	-0.035580
-0.034966	0.054951	0.089918	-0.009992	-0.062442	0.072434	-0.015688	0.020027	0.019833	0.015080	0.005097	-0.034982
-0.035036	0.050353	0.085389	-0.007659	-0.060212	0.067871	-0.029674	0.014809	0.020255	0.014611	0.009512	-0.034995
-0.035163	0.044966	0.080129	-0.004902	-0.057646	0.062548	-0.044840	0.010417	0.019539	0.015162	0.010109	-0.035037
-0.039510	0.039898	0.079409	-0.000194	-0.059459	0.059653	-0.060839	0.009315	0.021192	0.024538	0.009650	-0.034544
-0.040065	0.035632	0.075696	0.002217	-0.057881	0.055664	-0.074300	0.005174	0.018861	0.029979	0.010038	-0.030097
-0.045349	0.029640	0.074989	0.007854	-0.060169	0.052314	-0.070177	-0.000282	0.016988	0.035018	0.019807	-0.029516
-0.044410	0.025958	0.070367	0.009226	-0.057388	0.048163	-0.069660	0.000103	0.052988	0.040072	0.025404	-0.030211
-0.009740	0.054261	0.064001	-0.022260	-0.036871	0.059131	-0.070147	0.009891	0.051726	0.044500	0.029833	-0.029439
-0.021954	0.044516	0.066470	-0.011281	-0.044212	0.055493	-0.069991	0.015605	0.048871	0.045024	0.035113	-0.025147
-0.015889	0.041654	0.057544	-0.012882	-0.036716	0.049599	-0.069487	0.019884	0.050546	0.045040	0.040010	-0.024466
0.029982	0.092751	0.062769	-0.061367	-0.016393	0.077760	-0.065289	0.024804	0.044661	0.045012	0.044688	-0.025123
-0.035217	0.087412	0.122629	-0.026097	-0.078923	0.105021	-0.064956	0.019629	0.045748	0.045044	0.040237	-0.024948
-0.023158	0.073862	0.097019	-0.025352	-0.060088	0.085441	-0.065048	0.015016	0.044752	0.045017	0.039381	-0.024378
-0.004168	0.065615	0.069783	-0.030724	-0.036975	0.067699	-0.064994	0.014698	0.040644	0.045053	0.040228	-0.020032
0.006241	0.054490	0.048249	-0.030365	-0.021004	0.051370	-0.065018	0.009725	0.039794	0.044959	0.039875	-0.014946
0.013008	0.046189	0.033181	-0.029599	-0.010086	0.039685	-0.064566	0.005115	0.040498	0.045400	0.040463	-0.009864
-0.057090	0.033965	0.091055	0.011563	-0.074073	0.062510	-0.060059	0.005120	0.039841	0.044393	0.039353	-0.010546
-0.086049	0.006153	0.092202	0.039948	-0.089125	0.049178	-0.059598	-0.004942	0.030459	0.030159	0.025189	-0.034813
-0.109576	-0.020807	0.088768	0.065191	-0.099172	0.033980	-0.059986	-0.010137	0.019818	0.019869	0.014856	-0.054135
-0.140267	-0.048857	0.091410	0.094562	-0.115839	0.021277	-0.060374	-0.014546	0.010177	0.010361	0.005379	-0.066315
-0.144999	-0.055486	0.089513	0.100242	-0.117256	0.017014	-0.060002	-0.025154	-0.000231	-0.004605	-0.009623	-0.093750
-0.145386	-0.055054	0.090332	0.100220	-0.117859	0.017639	-0.055401	-0.030349	-0.009154	-0.014879	-0.019860	-0.091048
-0.144353	-0.054619	0.089733	0.099486	-0.117043	0.017557	-0.054973	-0.035000	-0.015751	-0.025162	-0.030186	-0.089400
-0.146357	-0.056167	0.090190	0.101262	-0.118273	0.017011	-0.054958	-0.039561	-0.019151	-0.030221	-0.035182	-0.090287
-0.159311	-0.069391	0.089920	0.114351	-0.124616	0.010265	-0.055069	-0.039948	-0.021291	-0.029928	-0.034988	-0.089885
-0.155825	-0.065696	0.090129	0.110761	-0.122977	0.012217	-0.054899	-0.040147	-0.038816	-0.030084	-0.034989	-0.090131
-0.154423	-0.064474	0.089949	0.109449	-0.122186	0.012737	-0.055294	-0.039805	-0.036053	-0.029983	-0.035152	-0.089989
-0.155339	-0.065281	0.090058	0.110310	-0.122699	0.012388	-0.059413	-0.040545	-0.034654	-0.030059	-0.034562	-0.089618
-0.154790	-0.064882	0.089909	0.109836	-0.122349	0.012513	-0.060053	-0.039868	-0.035218	-0.029957	-0.035086	-0.085082
-0.155367	-0.064575	0.090792	0.109971	-0.123079	0.013108	-0.059990	-0.035566	-0.034893	-0.030627	-0.039567	-0.084557
-0.149764	-0.060159	0.089605	0.104961	-0.119684	0.014723	-0.059980	-0.034783	-0.035091	-0.034666	-0.040042	-0.085122
-0.135187	-0.060085	0.075102	0.097636	-0.105144	0.007509	-0.060013	-0.035491	-0.034950	-0.035133	-0.039999	-0.084927
-0.124342	-0.059859	0.064484	0.092100	-0.094413	0.002313	-0.059988	-0.034927	-0.035054	-0.034921	-0.039990	-0.085049
-0.115252	-0.060294	0.054958	0.087773	-0.085105	-0.002668	-0.060608	-0.030471	-0.034980	-0.035108	-0.040567	-0.085043
-0.104646	-0.059352	0.045293	0.081999	-0.074969	-0.007029	-0.064675	-0.029963	-0.035016	-0.034830	-0.044701	-0.084670
-0.100224	-0.065752	0.034472	0.082988	-0.067348	-0.015640	-0.065156	-0.030030	-0.034977	-0.035429	-0.045016	-0.080526
-0.109614	-0.084424	0.025189	0.097019	-0.067402	-0.029617	-0.064936	-0.030070	-0.035060	-0.035011	-0.045071	-0.080019
-0.140697	-0.075359	0.065337	0.108028	-0.103017	-0.005011	-0.065162	-0.029479	-0.034987	-0.030344	-0.044866	-0.079957
-0.178904	-0.064900	0.114004	0.121902	-0.146454	0.024552	-0.064860	-0.025450	-0.035184	-0.030255	-0.045464	-0.080047
-0.171192	-0.059612	0.111580	0.115402	-0.141386	0.025984	-0.065582	-0.025049	-0.034994	-0.029304	-0.049291	-0.079936
-0.159457	-0.050114	0.109343	0.104785	-0.134400	0.029615	-0.064170	-0.025077	-0.035275	-0.025999	-0.050387	-0.080171
-0.149878	-0.039778	0.110099	0.094828	-0.129988	0.035160	-0.050572	-0.025775	-0.034835	-0.024618	-0.049606	-0.079884
-0.145717	-0.035571	0.110146	0.090644	-0.127932	0.037288	-0.034566	-0.024812	-0.035775	-0.026195	-0.051118	-0.080215
-0.164072	-0.054247	0.109825	0.109159	-0.136949	0.027789	-0.019958	0.000062	-0.033868	-0.029241	-0.048783	-0.079860
-0.201656	-0.091158	0.110498	0.146407	-0.156077	0.009670	-0.010209	0.024382	-0.036616	-0.037286	-0.052148	-0.106278
-0.217931	-0.108507	0.109424	0.163219	-0.163677	0.000458	0.009780	0.045681	-0.033404	-0.057760	-0.077419	-0.139043
-0.178501	-0.067097	0.111404	0.122799	-0.144952	0.022154	0.024637	0.114733	0.028429	-0.017193	-0.057811	-0.121775
-0.131712	-0.023831	0.107880	0.077772	-0.119796	0.042024	0.051257	0.190617	0.091397	0.026186	-0.027804	-0.098869
-0.080174	0.033573	0.113747	0.023300	-0.096960	0.073660	0.078329	0.260259	0.169006	0.084374	0.027329	-0.060764
-0.049512	0.097087	0.146600	-0.023788	-0.098056	0.121844	0.072716	0.325258	0.265754	0.175447	0.092249	-0.019439
0.008525	0.142747	0.134222	-0.075636	-0.062848	0.138484	0.062930	0.382144	0.369970	0.274795	0.178400	0.029106
0.067545	0.177739	0.110193	-0.122642	-0.021324	0.143966	0.008156	0.398633	0.440460	0.360517	0.251465	0.080521
0.233139	0.247485	0.014345	-0.240312	0.109397	0.130915	-0.052037	0.322468	0.486363	0.435264	0.329347	0.145017
0.303861	0.266942	-0.036920	-0.285402	0.170391	0.115011	-0.153157	0.239591	0.513690	0.495428	0.395069	0.209595
0.362971	0.284494	-0.078477	-0.323732	0.220724	0.103008	-0.260774	0.110797	0.482169	0.520034	0.450550	0.265470
0.493286	0.336100	-0.157186	-0.414693	0.325236	0.089457	-0.349757	-0.038270	0.448854	0.521137	0.504331	0.334720
0.550761	0.410703	-0.140058	-0.480732	0.345410	0.135322	-0.425215	-0.207521	0.381401	0.520916	0.547303	0.400695
0.532050	0.387600	-0.144450	-0.459825	0.338250	0.121575	-0.510132	-0.457323	0.182030	0.391987	0.506383	0.420233
0.483169	0.243623	-0.239547	-0.363396	0.361358	0.002038	-0.599411	-0.758273	-0.126789	0.148717	0.358895	0.380756
0.286977	0.187789	-0.099188	-0.237383	0.193083	0.044301	-0.671524	-1.138458	-0.338042	0.012189	0.302188	0.340154
0.175698	0.141663	-0.034035	-0.158681	0.104867	0.053814	-0.713913	-1.370702	-0.457787	-0.083198	0.256637	0.330349
0.077524	0.079319	0.001795	-0.078421	0.037865	0.040557	-0.702670	-1.397165	-0.527545	-0.162397	0.184173	0.319381
-0.006329	0.020410	0.026739	-0.007041	-0.016534	0.023574	-0.688411	-1.334529	-0.567971	-0.233882	0.120855	0.275832
-0.008207	0.000850	0.009058	0.003679	-0.008632	0.004954	-0.641872	-1.217302	-0.568674	-0.276464	0.063606	0.234874
-0.017576	-0.022016	-0.004441	0.019796	-0.006567	-0.013228	-0.594348	-1.119453	-0.556537	-0.293747	0.016095	0.190266
-0.062835	-0.083176	-0.020341	0.073005	-0.021247	-0.051759	-0.555916	-1.021738	-0.519142	-0.287196	0.004351	0.145270
-0.051562	-0.081756	-0.030194	0.066659	-0.010684	-0.055975	-0.514054	-0.873673	-0.471234	-0.274230	-0.004900	0.114647
-0.080568	-0.074703	0.005865	0.077636	-0.043217	-0.034419	-0.435731	-0.677446	-0.353893	-0.226020	-0.015465	0.085116
-0.112433	-0.075431	0.037002	0.093932	-0.074718	-0.019215	-0.359551	-0.549108	-0.287062	-0.175108	-0.019906	0.054462
-0.108745	-0.070366	0.038379	0.089555	-0.073562	-0.015993	-0.289368	-0.444481	-0.232140	-0.154679	-0.045395	0.024834
-0.161675	-0.069955	0.091720	0.115815	-0.126698	0.010882	-0.220336	-0.335284	-0.188389	-0.139985	-0.074330	0.004656
-0.152627	-0.064879	0.087747	0.108753	-0.120187	0.011434	-0.174016	-0.259127	-0.150879	-0.120101	-0.071068	-0.014974
-0.133298	-0.059562	0.073736	0.096430	-0.103517	0.007087	-0.130844	-0.190806	-0.108507	-0.105083	-0.069293	-0.035485
-0.126615	-0.061108	0.065507	0.093861	-0.096061	0.002200	-0.089404	-0.133365	-0.070484	-0.095008	-0.070343	-0.054865
-0.108380	-0.053593	0.054787	0.080986	-0.081583	0.000597	-0.055258	-0.080513	-0.054226	-0.085037	-0.069617	-0.059761
-0.102747	-0.057866	0.044881	0.080306	-0.073814	-0.006492	-0.044545	-0.063959	-0.044726	-0.079790	-0.065662	-0.060518
-0.121926	-0.080766	0.041160	0.101346	-0.081543	-0.019803	-0.040087	-0.055171	-0.029832	-0.070618	-0.064966	-0.068866
-0.144440	-0.084847	0.059593	0.114643	-0.102016	-0.012627	-0.034754	-0.040014	-0.020051	-0.060302	-0.065045	-0.076353
-0.206175	-0.140731	0.065445	0.173453	-0.135810	-0.037643	-0.029899	-0.029854	-0.014849	-0.054941	-0.065035	-0.094095
-0.162487	-0.097665	0.064822	0.130076	-0.113655	-0.016422	-0.024879	-0.019814	-0.009965	-0.049951	-0.064572	-0.091154
-0.114298	-0.049263	0.065034	0.081781	-0.089666	0.007885	-0.019984	-0.009994	-0.004915	-0.045026	-0.060095	-0.089218
-0.120339	-0.055189	0.065150	0.087764	-0.092745	0.004981	-0.015461	0.000095	-0.000060	-0.040477	-0.059524	-0.090302
-0.118941	-0.054656	0.064285	0.086799	-0.091613	0.004814	-0.014849	0.010118	0.005388	-0.039795	-0.060181	-0.089851
-0.121668	-0.055686	0.065982	0.088677	-0.093825	0.005148	-0.015008	0.019964	0.009780	-0.034642	-0.059481	-0.090110
-0.143148	-0.053785	0.089362	0.098467	-0.116255	0.017788	-0.015011	0.029979	0.004989	-0.029970	-0.055114	-0.089996
-0.167681	-0.071825	0.095856	0.119753	-0.131769	0.012015	-0.014420	0.034969	0.004605	-0.029686	-0.054559	-0.089486
-0.212649	-0.117982	0.094667	0.165315	-0.153658	-0.011657	-0.010291	0.034934	0.005146	-0.024693	-0.055031	-0.085252
-0.201672	-0.106437	0.095235	0.154054	-0.148453	-0.005601	-0.009919	0.035500	0.004940	-0.019866	-0.055345	-0.084967
-0.189105	-0.094175	0.094930	0.141640	-0.142018	0.000378	-0.010033	0.039948	0.005046	-0.019414	-0.055042	-0.085011
-0.180204	-0.085169	0.095035	0.132686	-0.137619	0.004933	-0.009981	0.040430	0.004975	-0.015550	-0.050345	-0.085063
-0.165135	-0.070099	0.095036	0.117617	-0.130086	0.012468	-0.010035	0.040143	0.005016	-0.014889	-0.050109	-0.084824
-0.154497	-0.059584	0.094913	0.107040	-0.124705	0.017664	-0.009570	0.044520	0.004982	-0.015027	-0.049363	-0.085471
-0.146052	-0.050837	0.095215	0.098444	-0.120634	0.022189	-0.005037	0.044999	0.005013	-0.014987	-0.045719	-0.084945
-0.149217	-0.054409	0.094808	0.101813	-0.122012	0.020199	-0.004608	0.045028	0.004984	-0.014998	-0.044902	-0.080462
-0.150959	-0.056142	0.094816	0.103550	-0.122888	0.019337	-0.005005	0.044982	0.005009	-0.015031	-0.045065	-0.079908
-0.133684	-0.053659	0.080025	0.093671	-0.106854	0.013183	-0.005386	0.044991	0.004987	-0.014550	-0.044533	-0.080038
-0.128423	-0.056971	0.071452	0.092697	-0.099938	0.007241	-0.004982	0.045045	0.005002	-0.010077	-0.040102	-0.079972
-0.119991	-0.088114	0.031877	0.104052	-0.075934	-0.028119	-0.000412	0.044908	0.005520	-0.009531	-0.039515	-0.080088
-0.096289	-0.086082	0.010207	0.091186	-0.053248	-0.037937	-0.000001	0.045473	0.009941	-0.010146	-0.040192	-0.079809
-0.193985	-0.084222	0.109763	0.139104	-0.151874	0.012770	0.000036	0.054239	0.014994	-0.009930	-0.039469	-0.080476
-0.173321	-0.085307	0.088014	0.129314	-0.130667	0.001353	-0.000054	0.055674	0.019907	-0.010025	-0.035125	-0.079948
-0.139428	-0.080313	0.059115	0.109870	-0.099271	-0.010599	0.000066	0.054844	0.020017	-0.010018	-0.034525	-0.075426
-0.169155	-0.079942	0.089213	0.124549	-0.129184	0.004636	0.000029	0.055029	0.014816	-0.009733	-0.034904	-0.074951
-0.150958	-0.080392	0.070566	0.115675	-0.110762	-0.004913	0.005461	0.055003	0.010663	-0.005494	-0.030382	-0.074940
-0.130096	-0.080017	0.050080	0.105057	-0.090088	-0.014969	0.009914	0.054954	0.009292	-0.005069	-0.030152	-0.075105
-0.094611	-0.075424	0.019186	0.085018	-0.056899	-0.028119	0.010487	0.055129	0.005615	-0.004847	-0.029803	-0.074869
-0.065707	-0.074967	-0.009260	0.070337	-0.028223	-0.042113	0.014924	0.054724	0.004780	-0.005208	-0.030064	-0.075157
-0.114588	-0.075054	0.039534	0.094821	-0.077061	-0.017760	0.019905	0.055654	-0.000329	-0.004624	-0.024756	-0.074669
-0.164489	-0.074376	0.090113	0.119433	-0.127301	0.007868	0.020027	0.054428	-0.005042	-0.005962	-0.025416	-0.075914
-0.150321	-0.070555	0.079766	0.110438	-0.115043	0.004605	0.014789	0.056122	-0.005336	-0.004136	-0.023596	-0.074273
-0.139849	-0.069983	0.069866	0.104916	-0.104857	-0.000058	0.010428	0.078617	-0.010107	-0.006669	-0.026467	-0.076188
-0.129528	-0.069436	0.060092	0.099482	-0.094810	-0.004672	0.009277	0.076229	-0.010174	-0.033535	-0.058656	-0.098311
-0.116147	-0.065684	0.050462	0.090916	-0.083304	-0.007611	0.005216	0.074151	-0.005595	-0.031152	-0.056050	-0.096322
-0.102369	-0.064927	0.037442	0.083648	-0.069906	-0.013742	-0.000362	0.075306	-0.004422	-0.028849	-0.054530	-0.094245
-0.103209	-0.065017	0.038192	0.084113	-0.070700	-0.013412	0.000221	0.074817	-0.000341	-0.025406	-0.055538	-0.095174
-0.172108	-0.064548	0.107560	0.118328	-0.139834	0.021506	0.009483	0.075109	0.000491	-0.025262	-0.049721	-0.089888
-0.140993	-0.060079	0.080914	0.100536	-0.110954	0.010418	0.014984	0.074946	0.004927	-0.025069	-0.050180	-0.090089
-0.116533	-0.059551	0.056982	0.088042	-0.086758	-0.001284	0.020013	0.075055	0.005404	-0.020361	-0.049953	-0.090016
-0.163161	-0.060136	0.103026	0.111648	-0.133093	0.021445	0.025008	0.074922	0.005131	-0.020088	-0.045013	-0.084952
-0.161450	-0.059554	0.101895	0.110502	-0.131673	0.021171	0.029608	0.075036	0.009467	-0.019487	-0.045475	-0.085498
-0.153380	-0.054807	0.098573	0.104094	-0.125976	0.021883	0.029436	0.074973	0.010617	-0.015163	-0.044936	-0.084933
-0.146254	-0.050465	0.095789	0.098359	-0.121021	0.022662	0.030117	0.075052	0.014468	-0.014452	-0.040447	-0.080453
-0.138787	-0.043873	0.094914	0.091330	-0.116851	0.025521	0.034972	0.074866	0.015192	-0.015084	-0.039995	-0.079982
-0.141430	-0.047080	0.094350	0.094255	-0.117890	0.023635	0.034584	0.075135	0.019954	-0.009913	-0.039525	-0.079524
-0.168045	-0.078689	0.089355	0.123367	-0.128700	0.005333	0.035046	0.075106	0.020030	-0.010059	-0.035142	-0.075154
-0.161191	-0.071285	0.089906	0.116238	-0.125549	0.009311	0.039659	0.085725	0.020020	-0.009948	-0.034466	-0.074467
-0.149223	-0.059598	0.089625	0.104410	-0.119424	0.015013	0.039870	0.109240	0.024866	-0.005105	-0.035094	-0.075074
-0.140386	-0.054649	0.085737	0.097518	-0.113062	0.015544	0.040520	0.110563	0.025427	-0.005027	-0.029916	-0.069918
-0.129945	-0.045109	0.084836	0.087527	-0.107391	0.019864	0.039884	0.109181	0.029969	-0.004982	-0.030082	-0.070085
-0.119862	-0.034607	0.085255	0.077234	-0.102559	0.025324	0.035533	0.110368	0.029910	-0.005006	-0.029945	-0.069956
-0.110600	-0.030423	0.080177	0.070512	-0.095389	0.024877	0.034628	0.109587	0.025038	-0.005022	-0.025137	-0.065093
-0.109148	-0.029502	0.079646	0.069325	-0.094397	0.025072	0.030600	0.110677	0.025362	-0.004976	-0.024974	-0.065040
-0.111564	-0.031086	0.080478	0.071325	-0.096021	0.024696	0.029368	0.109472	0.025048	-0.005075	-0.025453	-0.065009
-0.118126	-0.053695	0.064431	0.085910	-0.091279	0.005368	0.025514	0.111029	0.020244	-0.004878	-0.025153	-0.064488
-0.101599	-0.046061	0.055538	0.073830	-0.078569	0.004739	0.024799	0.133764	0.020216	-0.005358	-0.015272	-0.060074
-0.077658	-0.034606	0.043052	0.056132	-0.060355	0.004223	0.020195	0.130947	0.019649	-0.004749	-0.010381	-0.054980
-0.057633	-0.025194	0.032438	0.041413	-0.045036	0.003622	0.020485	0.129453	0.025935	0.004993	-0.004955	-0.050022
-0.030606	-0.014910	0.015695	0.022758	-0.023150	0.000392	0.013132	0.124418	0.028071	0.010450	0.004556	-0.045007
-0.020169	-0.004941	0.015228	0.012555	-0.017699	0.005144	0.017025	0.126304	0.022525	0.014809	0.010067	-0.039957
-0.114495	-0.000175	0.114319	0.057335	-0.114407	0.057072	0.062360	0.168356	0.067813	0.020144	0.014971	-0.035037
-0.123331	-0.004642	0.118689	0.063986	-0.121010	0.057024	0.061788	0.176002	0.076832	0.024827	0.019862	-0.030133
-0.117399	-0.005287	0.112112	0.061343	-0.114755	0.053413	0.058661	0.174348	0.073975	0.030249	0.020579	-0.029455
-0.126429	-0.010202	0.116226	0.068315	-0.121327	0.053012	0.060523	0.174998	0.075521	0.034444	0.019846	-0.030100
-0.123110	-0.009268	0.113841	0.066189	-0.118476	0.052287	0.059711	0.175497	0.079754	0.035754	0.025150	-0.024908
-0.126667	-0.016039	0.110629	0.071353	-0.118648	0.047295	0.060218	0.174534	0.080117	0.034300	0.024837	-0.025092
-0.121858	-0.012703	0.109155	0.067281	-0.115507	0.048226	0.059891	0.176114	0.080049	0.036303	0.025206	-0.024931
-0.082364	0.028252	0.110616	0.027056	-0.096490	0.069434	0.060080	0.198498	0.084677	0.053964	0.029571	-0.020168
-0.114150	-0.004062	0.110088	0.059106	-0.112119	0.053013	0.059976	0.196379	0.085641	0.045738	0.030682	-0.019942
-0.139269	-0.034106	0.105162	0.086688	-0.122215	0.035528	0.060024	0.194368	0.083952	0.039575	0.028937	-0.020535
-0.105666	-0.001177	0.104489	0.053422	-0.105078	0.051656	0.060066	0.211648	0.087168	0.055325	0.031553	-0.019517
-0.069163	0.035990	0.105152	0.016586	-0.087157	0.070571	0.059675	0.248347	0.123448	0.084774	0.063890	-0.005582
-0.046226	0.058685	0.104911	-0.006230	-0.075568	0.081798	0.055580	0.245959	0.126312	0.089861	0.065576	0.005153
-0.038337	0.066230	0.104567	-0.013946	-0.071452	0.085398	0.054982	0.244582	0.124773	0.090444	0.064792	0.014909
-0.016044	0.083702	0.099746	-0.033829	-0.057895	0.091724	0.055001	0.239345	0.124878	0.114286	0.084687	0.025050
-0.018895	0.080893	0.099788	-0.030999	-0.059342	0.090341	0.054978	0.241130	0.125478	0.120517	0.094970	0.034949
-0.026076	0.073912	0.099988	-0.023918	-0.063032	0.086950	0.054998	0.268799	0.148967	0.125232	0.100426	0.044845
-0.023611	0.075969	0.099580	-0.026179	-0.061596	0.087774	0.055019	0.266065	0.154951	0.130079	0.109960	0.050127
-0.026017	0.068594	0.094611	-0.021288	-0.060314	0.081602	0.055001	0.264532	0.154993	0.130471	0.115497	0.049602
-0.028438	0.066703	0.095141	-0.019133	-0.061789	0.080922	0.054981	0.265008	0.159921	0.134574	0.119778	0.055137
-0.032528	0.062537	0.095065	-0.015005	-0.063796	0.078801	0.055051	0.265388	0.160307	0.135093	0.125382	0.064368
-0.031763	0.064378	0.096141	-0.016307	-0.063952	0.080259	0.054590	0.265118	0.165256	0.145369	0.130233	0.070817
0.012107	0.104406	0.092299	-0.058256	-0.040096	0.098352	0.054805	0.260385	0.164433	0.149874	0.129872	0.079166
0.032312	0.099927	0.067615	-0.066120	-0.017651	0.083771	0.064987	0.260019	0.166006	0.160668	0.145160	0.086254
0.037884	0.150380	0.112495	-0.094132	-0.037305	0.131437	0.069356	0.259895	0.188826	0.179425	0.169297	0.109262
0.048744	0.153604	0.104861	-0.101174	-0.028059	0.129233	0.059960	0.260662	0.186237	0.175458	0.175356	0.115661
0.044597	0.148200	0.103603	-0.096399	-0.029503	0.125902	0.054641	0.260053	0.179786	0.174646	0.179793	0.114213
-0.035546	0.146325	0.181871	-0.055390	-0.108708	0.164098	0.050091	0.250259	0.179980	0.174967	0.175102	0.110449
-0.007811	0.144749	0.152560	-0.068469	-0.080185	0.148654	0.044980	0.239907	0.175344	0.175430	0.169697	0.109868
0.025281	0.145481	0.120200	-0.085381	-0.047459	0.132840	0.040020	0.230188	0.175114	0.175050	0.169650	0.110126
0.037049	0.140190	0.103140	-0.088619	-0.033045	0.121665	0.035026	0.219910	0.170356	0.170440	0.165446	0.110038
0.047582	0.140041	0.092459	-0.093812	-0.022439	0.116250	0.029899	0.210135	0.165169	0.170008	0.164963	0.109766
-0.007416	0.135035	0.142451	-0.063810	-0.074934	0.138743	0.025580	0.199375	0.164479	0.169946	0.159534	0.105563
-0.006550	0.134990	0.141540	-0.064220	-0.074045	0.138265	0.024356	0.185806	0.160660	0.170588	0.155252	0.105080
0.000287	0.134714	0.134427	-0.067500	-0.067070	0.134570	0.020546	0.174318	0.159592	0.169574	0.154368	0.104928
-0.010356	0.120321	0.130677	-0.054983	-0.070517	0.125499	0.019822	0.160340	0.150414	0.155398	0.150639	0.105303
-0.014314	0.110335	0.124649	-0.048010	-0.069481	0.117492	0.014604	0.149457	0.139802	0.145311	0.149417	0.104652
-0.020230	0.100053	0.120283	-0.039912	-0.070256	0.110168	0.010059	0.135147	0.130216	0.135071	0.136313	0.090616
-0.029466	0.085351	0.114818	-0.027943	-0.072142	0.100085	0.009504	0.124539	0.119812	0.120382	0.124227	0.079500
-0.035141	0.075046	0.110187	-0.019952	-0.072664	0.092616	0.005290	0.114837	0.110384	0.109995	0.110427	0.069924
-0.045262	0.065014	0.110277	-0.009876	-0.077770	0.087645	0.004480	0.100454	0.104275	0.099906	0.099416	0.055442
-0.050020	0.060159	0.110179	-0.005069	-0.080100	0.085169	0.000127	0.090079	0.095833	0.090722	0.085194	0.045114
-0.045220	0.059382	0.104602	-0.007081	-0.074911	0.081992	-0.000524	0.079891	0.089236	0.084893	0.074457	0.034839
-0.049442	0.055435	0.104877	-0.002997	-0.077160	0.080156	0.000067	0.070192	0.080463	0.080006	0.065128	0.025362
-0.050205	0.054245	0.104450	-0.002020	-0.077327	0.079347	-0.005053	0.064942	0.074254	0.074978	0.055328	0.019305
-0.049403	0.051273	0.100676	-0.000935	-0.075039	0.075974	-0.004996	0.060030	0.065795	0.070050	0.050012	0.010744
-0.050560	0.049409	0.099969	0.000575	-0.075264	0.074689	-0.004962	0.054976	0.059285	0.064435	0.040364	0.004304
-0.064156	0.035592	0.099748	0.014282	-0.081952	0.067670	-0.010060	0.049985	0.050320	0.055078	0.030031	-0.004693
-0.070738	0.024682	0.095419	0.023028	-0.083079	0.060051	-0.009488	0.044633	0.044885	0.044948	0.025016	-0.010091
-0.085076	0.010521	0.095597	0.037277	-0.090337	0.053059	-0.010118	0.034366	0.040050	0.035032	0.019976	-0.014994
-0.094607	0.000269	0.094876	0.047169	-0.094742	0.047573	-0.014536	0.025195	0.034967	0.024946	0.014993	-0.020021
-0.069509	0.020535	0.090044	0.024487	-0.079776	0.055289	-0.014995	0.019752	0.029953	0.015149	0.009940	-0.024882
-0.055586	0.034557	0.090143	0.010515	-0.072864	0.062350	-0.015469	0.010080	0.025030	0.009997	0.005426	-0.025074
-0.104502	-0.015303	0.089199	0.059902	-0.096851	0.036948	-0.019886	0.000056	0.020114	0.005118	0.004959	-0.029938
-0.150114	-0.064296	0.085818	0.107205	-0.117966	0.010761	-0.020530	-0.004975	0.019459	0.004448	0.000381	-0.035116
-0.150169	-0.065776	0.084393	0.107972	-0.117281	0.009309	-0.019913	-0.004942	0.020054	0.005053	-0.005027	-0.034889
-0.149788	-0.064830	0.084958	0.107309	-0.117373	0.010064	-0.025085	-0.005079	0.014940	-0.000068	-0.010380	-0.040567
-0.149240	-0.065120	0.084119	0.107180	-0.116680	0.009500	-0.024957	-0.004945	0.015007	0.000000	-0.015009	-0.044837
-0.151428	-0.064996	0.086431	0.108212	-0.118929	0.010717	-0.025049	-0.005101	0.015036	0.000029	-0.015378	-0.045600
-0.183629	-0.065020	0.118609	0.124324	-0.151119	0.026795	-0.029902	-0.004792	0.009927	-0.005073	-0.020057	-0.049585
-0.165625	-0.065030	0.100595	0.115328	-0.133110	0.017782	-0.029963	-0.004840	0.010510	-0.004492	-0.024879	-0.050692
-0.150909	-0.064994	0.085915	0.107952	-0.118412	0.010460	-0.030082	-0.015040	0.009888	-0.005118	-0.030025	-0.054279
-0.179388	-0.065087	0.114301	0.122238	-0.146845	0.024607	-0.029397	-0.024596	0.005462	-0.009537	-0.029848	-0.055681
-0.180583	-0.065036	0.115547	0.122809	-0.148065	0.025256	-0.025333	-0.020534	0.005000	-0.009996	-0.025221	-0.059647
-0.179913	-0.065542	0.114371	0.122727	-0.147142	0.024415	-0.024901	-0.019853	0.004528	-0.010471	-0.024888	-0.060108
-0.169710	-0.053793	0.115917	0.111752	-0.142814	0.031062	-0.025065	-0.020079	0.000131	-0.014876	-0.025195	-0.059969
-0.166572	-0.051889	0.114684	0.109230	-0.140628	0.031398	-0.024944	-0.019953	-0.000523	-0.015529	-0.024576	-0.060040
-0.198649	-0.083457	0.115192	0.141053	-0.156921	0.015868	-0.025036	-0.020020	0.000099	-0.014895	-0.030692	-0.059965
-0.196314	-0.081470	0.114844	0.138892	-0.155579	0.016687	-0.024924	-0.019971	-0.005072	-0.020085	-0.048933	-0.060014
-0.189841	-0.074653	0.115188	0.132247	-0.152514	0.020268	-0.025102	-0.020026	-0.004948	-0.019941	-0.046239	-0.060014
-0.189674	-0.074826	0.114847	0.132250	-0.152260	0.020010	-0.024847	-0.019973	-0.005033	-0.020056	-0.044282	-0.060012
-0.185122	-0.069924	0.115197	0.127523	-0.150160	0.022636	-0.025237	-0.020051	-0.009898	-0.024865	-0.045282	-0.059935
-0.184481	-0.070141	0.114340	0.127311	-0.149410	0.022099	-0.024195	-0.019557	-0.009990	-0.025034	-0.044844	-0.060456
-0.175042	-0.064841	0.110202	0.119941	-0.142622	0.022681	-0.020980	-0.014644	-0.009592	-0.024548	-0.045119	-0.064940
-0.165495	-0.060231	0.105264	0.112863	-0.135379	0.022516	-0.019327	-0.015350	-0.010814	-0.025412	-0.044947	-0.065478
-0.169076	-0.059529	0.109547	0.114302	-0.139312	0.025009	-0.026204	-0.035088	-0.029944	-0.039528	-0.045030	-0.064817
-0.165635	-0.055927	0.109708	0.110781	-0.137671	0.026891	-0.049112	-0.049946	-0.045034	-0.045418	-0.045000	-0.065090
-0.163808	-0.053764	0.110044	0.108786	-0.136926	0.028140	-0.046144	-0.045468	-0.040415	-0.044815	-0.044997	-0.064968
-0.176129	-0.061567	0.114562	0.118848	-0.145345	0.026497	-0.043831	-0.044514	-0.039556	-0.045132	-0.045074	-0.065035
-0.203772	-0.088678	0.115094	0.146225	-0.159433	0.013208	-0.040422	-0.045206	-0.040186	-0.044914	-0.044677	-0.064962
-0.200613	-0.086168	0.114445	0.143391	-0.157529	0.014138	-0.040235	-0.044477	-0.039497	-0.045058	-0.040581	-0.065012
-0.194802	-0.084165	0.110636	0.139483	-0.152719	0.013236	-0.040103	-0.040147	-0.035136	-0.044984	-0.039976	-0.065017
-0.194891	-0.085366	0.109525	0.140129	-0.152208	0.012079	-0.035343	-0.039503	-0.034511	-0.045026	-0.040010	-0.065002
-0.189499	-0.084513	0.104986	0.137006	-0.147243	0.010237	-0.034908	-0.040219	-0.035219	-0.044981	-0.039952	-0.064983
-0.185109	-0.080710	0.104400	0.132910	-0.144754	0.011845	-0.030029	-0.039487	-0.034487	-0.045015	-0.040031	-0.064995
-0.184167	-0.079895	0.104272	0.132031	-0.144219	0.012188	-0.029971	-0.035106	-0.030104	-0.044984	-0.039950	-0.065027
-0.181070	-0.080144	0.100926	0.130607	-0.140998	0.010391	-0.030081	-0.034578	-0.029578	-0.045579	-0.040086	-0.064996
-0.178631	-0.079655	0.098976	0.129143	-0.138804	0.009661	-0.024879	-0.034993	-0.029994	-0.049673	-0.039839	-0.064987
-0.171500	-0.075605	0.095895	0.123553	-0.133698	0.010145	-0.025568	-0.035408	-0.030409	-0.050092	-0.040242	-0.064996
-0.167305	-0.074992	0.092313	0.121149	-0.129809	0.008661	-0.024817	-0.034938	-0.029936	-0.049969	-0.039258	-0.065028
-0.173986	-0.074993	0.098992	0.124489	-0.136489	0.011999	-0.020581	-0.030503	-0.025504	-0.050041	-0.040392	-0.064998
-0.236798	-0.075026	0.161772	0.155912	-0.199285	0.043373	-0.019752	-0.029801	-0.024804	-0.049955	-0.044288	-0.064989
-0.191187	-0.074548	0.116639	0.132867	-0.153913	0.021046	-0.020501	-0.030478	-0.025471	-0.050047	-0.046190	-0.064996
-0.140913	-0.070104	0.070809	0.105508	-0.105861	0.000353	-0.019913	-0.029926	-0.024932	-0.049963	-0.059378	-0.065053
-0.168358	-0.069533	0.098825	0.118946	-0.133592	0.014646	-0.015460	-0.025465	-0.020448	-0.050089	-0.055596	-0.064425
-0.170952	-0.070179	0.100772	0.120566	-0.135862	0.015296	-0.014939	-0.024922	-0.019946	-0.049842	-0.054692	-0.060283
-0.169332	-0.069509	0.099823	0.119421	-0.134578	0.015157	-0.015064	-0.025047	-0.020007	-0.050460	-0.055532	-0.059942
-0.165169	-0.065099	0.100070	0.115134	-0.132620	0.017486	-0.014351	-0.024973	-0.020028	-0.049974	-0.049867	-0.060015
-0.164596	-0.064599	0.099998	0.114598	-0.132297	0.017699	-0.010560	-0.024527	-0.019432	-0.045392	-0.049654	-0.060073
-0.164868	-0.064940	0.099928	0.114904	-0.132398	0.017494	-0.009989	-0.020111	-0.015279	-0.045086	-0.049960	-0.059663
-0.165551	-0.065480	0.100072	0.115515	-0.132812	0.017296	-0.009437	-0.020437	-0.014951	-0.044381	-0.045027	-0.055606
-0.164164	-0.064259	0.099905	0.114211	-0.132034	0.017823	-0.005647	-0.019901	-0.014987	-0.040709	-0.044978	-0.054938
-0.155813	-0.055606	0.100207	0.105709	-0.128010	0.022301	-0.004932	-0.015528	-0.015066	-0.039910	-0.045074	-0.055090
-0.149144	-0.049535	0.099608	0.099340	-0.124376	0.025036	-0.005039	-0.014791	-0.014843	-0.040064	-0.039913	-0.054818
-0.141447	-0.040702	0.100745	0.091075	-0.121096	0.030021	-0.004538	-0.015482	-0.015469	-0.039533	-0.040514	-0.055476
-0.128152	-0.034231	0.093921	0.081191	-0.111037	0.029845	-0.000072	-0.014923	-0.014929	-0.035100	-0.039900	-0.054936
-0.117797	-0.025130	0.092667	0.071463	-0.105232	0.033769	0.000467	-0.010455	-0.010450	-0.034516	-0.035444	-0.050453
-0.156821	-0.019344	0.137476	0.088083	-0.147148	0.059066	-0.000081	-0.009941	-0.009952	-0.035192	-0.034999	-0.049943
-0.168211	-0.035722	0.132489	0.101966	-0.150350	0.048384	-0.000399	-0.010064	-0.010004	-0.034474	-0.034495	-0.049997
-0.193131	-0.074193	0.118938	0.133662	-0.156035	0.022373	-0.005107	-0.009349	-0.010004	-0.030109	-0.030169	-0.050053
-0.196103	-0.085812	0.110291	0.140958	-0.153197	0.012239	-0.009842	-0.005560	-0.009992	-0.029575	-0.029406	-0.049412
-0.184700	-0.084567	0.100133	0.134633	-0.142416	0.007783	-0.015345	-0.004999	-0.010048	-0.029854	-0.030148	-0.045302
-0.174603	-0.085817	0.088786	0.130210	-0.131695	0.001484	-0.019772	-0.004441	-0.009543	-0.025503	-0.024783	-0.044910
-0.155376	-0.074198	0.081178	0.114787	-0.118277	0.003490	-0.014944	-0.000659	-0.005088	-0.024994	-0.025266	-0.045059
-0.160384	-0.066252	0.094132	0.113318	-0.127258	0.013940	-0.014677	0.000067	-0.004516	-0.025057	-0.024507	-0.044963
-0.138504	-0.052958	0.085546	0.095731	-0.112025	0.016294	-0.014967	-0.000065	-0.005170	-0.024685	-0.025793	-0.045049
-0.127290	-0.048027	0.079263	0.087659	-0.103276	0.015618	-0.015425	0.000466	-0.004906	-0.020591	-0.043961	-0.044527
-0.176419	-0.101936	0.074484	0.139178	-0.125452	-0.013726	-0.014957	0.004900	-0.005065	-0.019939	-0.041195	-0.040108
-0.166924	-0.097160	0.069764	0.132042	-0.118344	-0.013698	-0.010447	0.005510	-0.004953	-0.020084	-0.039310	-0.039511
-0.148273	-0.083806	0.064466	0.116040	-0.106369	-0.009670	-0.009962	0.004751	-0.005074	-0.019675	-0.040249	-0.040158
-0.141130	-0.080120	0.061010	0.110625	-0.101070	-0.009555	-0.010022	0.005591	-0.004533	-0.015581	-0.039875	-0.039906
-0.133183	-0.069676	0.063507	0.101429	-0.098345	-0.003084	-0.009971	0.009999	-0.000088	-0.014969	-0.040076	-0.040067
-0.132335	-0.060083	0.072252	0.096209	-0.102294	0.006085	-0.010079	0.014912	0.000479	-0.015003	-0.040023	-0.039969
-0.167880	-0.054770	0.113109	0.111325	-0.140494	0.029169	-0.009684	0.020322	-0.000195	-0.014988	-0.039734	-0.039998
-0.135812	-0.060196	0.075616	0.098004	-0.105714	0.007710	-0.005593	0.024766	0.000503	-0.014998	-0.035554	-0.040007
-0.100211	-0.059899	0.040312	0.080055	-0.070261	-0.009794	-0.004941	0.019986	0.004942	-0.015003	-0.035002	-0.039982
-0.119653	-0.060073	0.059580	0.089863	-0.089616	-0.000246	-0.005030	0.019593	0.005396	-0.014998	-0.034992	-0.040078
-0.124663	-0.064949	0.059714	0.094806	-0.092188	-0.002618	-0.004967	0.020130	0.005049	-0.014993	-0.034993	-0.039678
-0.125062	-0.064550	0.060512	0.094806	-0.092787	-0.002019	-0.004626	0.019936	0.004542	-0.014998	-0.034992	-0.035580
-0.144558	-0.065167	0.079390	0.104862	-0.111974	0.007111	0.000060	0.020052	0.005166	-0.015005	-0.035046	-0.034978
-0.160127	-0.074701	0.085426	0.117414	-0.122777	0.005363	0.000275	0.019977	0.009379	-0.014999	-0.034414	-0.035002
-0.164780	-0.080050	0.084731	0.122415	-0.124756	0.002340	0.000212	0.020019	0.010390	-0.014998	-0.030303	-0.034983
-0.154945	-0.069681	0.085264	0.112313	-0.120105	0.007791	-0.000740	0.019988	0.009182	-0.014990	-0.029909	-0.034996
-0.149769	-0.065417	0.084352	0.107593	-0.117060	0.009467	0.001182	0.020017	0.011213	-0.015008	-0.030053	-0.035010
-0.144632	-0.059421	0.085211	0.102026	-0.114921	0.012895	-0.001270	0.019991	0.008726	-0.014990	-0.029970	-0.034996
-0.140939	-0.051124	0.089815	0.096032	-0.115377	0.019346	-0.028481	0.019997	-0.018512	-0.014996	-0.030007	-0.034983
-0.132996	-0.042947	0.090049	0.087972	-0.111523	0.023551	-0.026225	0.019998	-0.016205	-0.014984	-0.029985	-0.035002
-0.133191	-0.043191	0.090000	0.088191	-0.111595	0.023405	-0.024149	0.020009	-0.013656	-0.015018	-0.030018	-0.034978
-0.182220	-0.092141	0.090079	0.137180	-0.136149	-0.001031	-0.025299	0.019999	-0.010015	-0.014970	-0.029993	-0.035580
-0.181372	-0.091642	0.089730	0.136507	-0.135551	-0.000956	-0.024840	0.019997	-0.009855	-0.015059	-0.029960	-0.039678
-0.169528	-0.084419	0.085109	0.126973	-0.127319	0.000345	-0.025118	0.020006	-0.010320	-0.014673	-0.030019	-0.040078
-0.165419	-0.085515	0.079904	0.125467	-0.122662	-0.002805	-0.024940	0.020001	-0.005513	-0.014991	-0.029954	-0.039982
-0.155291	-0.080114	0.075177	0.117703	-0.115234	-0.002469	-0.025059	0.020016	-0.004393	-0.025454	-0.030074	-0.040007
-0.149681	-0.080007	0.069674	0.114844	-0.109677	-0.005166	-0.024977	0.019976	-0.000421	-0.034696	-0.029856	-0.039998
-0.140458	-0.074592	0.065866	0.107525	-0.103162	-0.004363	-0.025021	0.020040	0.000593	-0.030166	-0.030174	-0.039969
-0.134340	-0.069860	0.064480	0.102100	-0.099410	-0.002690	-0.025037	0.019976	-0.000753	-0.029376	-0.029718	-0.040067
-0.145995	-0.070616	0.075379	0.108306	-0.110687	0.002381	-0.024418	0.019528	-0.009446	-0.030244	-0.030503	-0.039909
-0.163396	-0.064370	0.099027	0.113883	-0.131211	0.017328	-0.020310	0.015120	-0.015221	-0.029608	-0.028742	-0.040157
-0.156658	-0.065775	0.090883	0.111216	-0.123770	0.012554	-0.019903	0.015437	-0.024865	-0.025654	-0.031416	-0.039517
-0.178730	-0.093813	0.084917	0.136272	-0.131823	-0.004448	-0.020059	0.014902	-0.029998	-0.024911	-0.058093	-0.040102
-0.180861	-0.100838	0.080023	0.140850	-0.130442	-0.010408	-0.019954	0.010529	-0.029901	-0.025116	-0.056216	-0.044539
-0.169711	-0.099659	0.070052	0.134685	-0.119882	-0.014804	-0.020033	0.009796	-0.030074	-0.024678	-0.054292	-0.045043
-0.165191	-0.100167	0.065024	0.132679	-0.115108	-0.017571	-0.019939	0.010482	-0.029958	-0.020594	-0.055337	-0.044990
-0.159949	-0.099933	0.060015	0.129941	-0.109982	-0.019959	-0.020081	0.009921	-0.030047	-0.019972	-0.054827	-0.045023
-0.155033	-0.100084	0.054949	0.127559	-0.104991	-0.022568	-0.019880	0.005456	-0.029990	-0.019998	-0.055138	-0.044997
-0.149953	-0.099888	0.050065	0.124920	-0.100009	-0.024912	-0.020185	0.004943	-0.030019	-0.020041	-0.054911	-0.044997
-0.145303	-0.100501	0.044802	0.122902	-0.095053	-0.027849	-0.019473	0.005065	-0.029999	-0.019540	-0.055066	-0.044997
-0.145307	-0.104929	0.040377	0.125118	-0.092842	-0.032276	-0.020150	0.004347	-0.030017	-0.015087	-0.054987	-0.045023
-0.138619	-0.105520	0.033099	0.122070	-0.085859	-0.036210	-0.024445	0.000560	-0.030000	-0.014512	-0.055025	-0.044993
-0.136325	-0.104792	0.031532	0.120559	-0.083929	-0.036630	-0.025208	-0.000001	-0.029993	-0.015191	-0.055026	-0.045043
-0.168869	-0.105121	0.063748	0.136995	-0.116309	-0.020686	-0.024508	-0.000553	-0.029998	-0.014461	-0.054539	-0.044546
-0.175528	-0.104936	0.070592	0.140232	-0.123060	-0.017172	-0.025096	-0.004357	-0.030012	-0.010110	-0.050106	-0.040096
-0.174352	-0.105133	0.069220	0.139743	-0.121786	-0.017957	-0.029544	-0.005051	-0.030001	-0.009518	-0.049516	-0.039527
-0.174969	-0.104628	0.070341	0.139799	-0.122655	-0.017144	-0.030042	-0.004968	-0.029992	-0.010105	-0.050155	-0.040143
-0.170380	-0.100620	0.069761	0.135500	-0.120070	-0.015429	-0.030002	-0.005423	-0.030004	-0.009974	-0.049908	-0.039930
-0.170175	-0.099958	0.070217	0.135066	-0.120196	-0.014871	-0.029977	-0.009975	-0.030006	-0.010112	-0.050071	-0.040033
-0.169916	-0.100093	0.069824	0.135005	-0.119870	-0.015134	-0.030593	-0.010400	-0.030010	-0.014525	-0.049969	-0.040046
-0.169878	-0.099658	0.070220	0.134768	-0.120049	-0.014719	-0.034672	-0.009953	-0.029983	-0.019909	-0.049996	-0.039702
-0.165070	-0.095583	0.069487	0.130327	-0.117278	-0.013048	-0.035113	-0.010075	-0.030025	-0.020448	-0.050007	-0.035564
-0.165135	-0.094995	0.070140	0.130065	-0.117637	-0.012428	-0.034934	-0.014972	-0.029973	-0.024533	-0.049986	-0.034990
-0.169540	-0.095008	0.074532	0.132274	-0.122036	-0.010238	-0.035114	-0.019502	-0.030085	-0.024737	-0.050078	-0.034996
-0.170034	-0.095001	0.075033	0.132517	-0.122533	-0.009984	-0.034671	-0.015148	-0.029683	-0.029967	-0.049676	-0.034993
-0.169563	-0.094575	0.074988	0.132069	-0.122275	-0.009793	-0.030593	-0.015056	-0.025582	-0.035342	-0.045579	-0.034992
-0.165096	-0.090064	0.075032	0.127580	-0.120064	-0.007516	-0.029973	-0.014926	-0.024979	-0.035367	-0.044985	-0.035045
-0.164601	-0.089607	0.074995	0.127104	-0.119798	-0.007306	-0.030009	-0.015114	-0.024998	-0.040331	-0.045002	-0.034410
-0.164974	-0.089980	0.074995	0.127477	-0.119984	-0.007493	-0.029991	-0.014828	-0.025043	-0.039939	-0.044988	-0.030306
-0.165378	-0.090383	0.074995	0.127880	-0.120186	-0.007694	-0.030002	-0.015486	-0.024542	-0.035496	-0.044997	-0.029898
-0.165056	-0.090014	0.075042	0.127535	-0.120049	-0.007486	-0.030035	-0.014923	-0.020094	-0.035034	-0.045018	-0.030067
-0.160391	-0.085397	0.074994	0.122894	-0.117693	-0.005202	-0.029432	-0.010457	-0.019518	-0.034977	-0.044996	-0.029946
-0.160035	-0.085023	0.075012	0.122529	-0.117524	-0.005006	-0.025282	-0.009955	-0.020164	-0.035018	-0.044990	-0.030037
-0.159496	-0.084507	0.074990	0.122001	-0.117243	-0.004758	-0.024949	-0.010004	-0.019904	-0.034984	-0.044991	-0.029943
-0.155234	-0.080161	0.075073	0.117697	-0.115154	-0.002544	-0.024993	-0.010004	-0.020092	-0.035026	-0.045051	-0.030064
-0.154381	-0.079474	0.074907	0.116928	-0.114644	-0.002284	-0.025065	-0.009992	-0.019388	-0.034991	-0.044414	-0.030419
-0.155301	-0.080050	0.075251	0.117676	-0.115276	-0.002399	-0.024841	-0.010044	-0.015320	-0.034994	-0.040302	-0.035204
-0.149991	-0.074951	0.075040	0.112471	-0.112516	0.000045	-0.025468	-0.009543	-0.014912	-0.034996	-0.039916	-0.039831
-0.140805	-0.075030	0.065775	0.107917	-0.103290	-0.004627	-0.024930	-0.005085	-0.015018	-0.035013	-0.040049	-0.034914
-0.134196	-0.075038	0.059158	0.104617	-0.096677	-0.007940	-0.020449	-0.004518	-0.015038	-0.034997	-0.039987	-0.034696
-0.125510	-0.069915	0.055596	0.097712	-0.090553	-0.007160	-0.019945	-0.005139	-0.014695	-0.034990	-0.039982	-0.034945
-0.119543	-0.070507	0.049036	0.095025	-0.084289	-0.010736	-0.020002	-0.004923	-0.010553	-0.035004	-0.040025	-0.035428
-0.115505	-0.069907	0.045598	0.092706	-0.080551	-0.012155	-0.020006	-0.005018	-0.009986	-0.035005	-0.039965	-0.034959
-0.103349	-0.065465	0.037884	0.084407	-0.070617	-0.013790	-0.019997	-0.005015	-0.009969	-0.035014	-0.040085	-0.030444
-0.097021	-0.064964	0.032058	0.080992	-0.064539	-0.016453	-0.019991	-0.004925	-0.010054	-0.034969	-0.039823	-0.029953
-0.127941	-0.064541	0.063401	0.096241	-0.095671	-0.000570	-0.019999	-0.005110	-0.009660	-0.035037	-0.040477	-0.030021
-0.121734	-0.060111	0.061623	0.090922	-0.091679	0.000756	-0.020005	-0.004802	-0.010031	-0.034956	-0.039930	-0.029979
-0.118944	-0.059473	0.059470	0.089208	-0.089207	-0.000002	-0.019998	-0.005354	-0.019816	-0.035092	-0.035455	-0.030077
-0.115727	-0.060173	0.055554	0.087950	-0.085641	-0.002310	-0.019991	-0.004127	-0.025367	-0.034824	-0.034941	-0.029679
-0.115071	-0.059821	0.055250	0.087446	-0.085161	-0.002285	-0.019998	-0.006087	-0.030108	-0.035480	-0.035004	-0.025589
-0.115122	-0.060171	0.054951	0.087646	-0.085037	-0.002610	-0.020008	-0.023736	-0.035172	-0.034928	-0.035012	-0.024954
-0.110429	-0.059797	0.050632	0.085113	-0.080531	-0.004583	-0.019998	-0.020715	-0.029992	-0.030455	-0.034996	-0.025025
-0.109577	-0.060250	0.049326	0.084914	-0.079452	-0.005462	-0.019995	-0.019460	-0.029973	-0.029947	-0.034987	-0.024977
-0.105768	-0.059317	0.046451	0.082543	-0.076110	-0.006433	-0.019998	-0.020249	-0.030282	-0.030004	-0.034998	-0.024611
-0.104180	-0.060942	0.043238	0.082561	-0.073709	-0.008852	-0.020008	-0.019898	-0.025499	-0.030013	-0.035011	-0.019978
-0.116544	-0.069115	0.047428	0.092830	-0.081986	-0.010844	-0.019998	-0.019520	-0.025038	-0.029996	-0.034997	-0.019685
-0.164139	-0.076405	0.087734	0.120272	-0.125937	0.005665	-0.019995	-0.015252	-0.025005	-0.029993	-0.034987	-0.019860
-0.170229	-0.098170	0.072060	0.134200	-0.121145	-0.013055	-0.019998	-0.014968	-0.024589	-0.029999	-0.034997	-0.020609
-0.150914	-0.096447	0.054467	0.123681	-0.102691	-0.020990	-0.020008	-0.015014	-0.020065	-0.030011	-0.035014	-0.019405
-0.149919	-0.093589	0.056329	0.121754	-0.103124	-0.018630	-0.020001	-0.015007	-0.019537	-0.029991	-0.035000	-0.021215
-0.145555	-0.090763	0.054793	0.118159	-0.100174	-0.017985	-0.019995	-0.015029	-0.020187	-0.030038	-0.034991	-0.039222
-0.144309	-0.089130	0.055179	0.116720	-0.099744	-0.016975	-0.020008	-0.014570	-0.019479	-0.029540	-0.035007	-0.035919
-0.140765	-0.085895	0.054869	0.113330	-0.097817	-0.015513	-0.020001	-0.010039	-0.015102	-0.025096	-0.035006	-0.034814
-0.139427	-0.084288	0.055140	0.111857	-0.097284	-0.014574	-0.020012	-0.009608	-0.014576	-0.024518	-0.035017	-0.035161
-0.135050	-0.080393	0.054656	0.107722	-0.094853	-0.012869	-0.019991	-0.009998	-0.014860	-0.025165	-0.034976	-0.029870
-0.130043	-0.079528	0.050515	0.104785	-0.090279	-0.014506	-0.020019	-0.010394	-0.010498	-0.024912	-0.035034	-0.030569
-0.125084	-0.074600	0.050484	0.099842	-0.087784	-0.012058	-0.019989	-0.009967	-0.010000	-0.025067	-0.034970	-0.029867
-0.125145	-0.075150	0.049995	0.100147	-0.087570	-0.012577	-0.020059	-0.005437	-0.010038	-0.024969	-0.035093	-0.025494
-0.129373	-0.084523	0.044850	0.106948	-0.087111	-0.019836	-0.019732	-0.004955	-0.009726	-0.025023	-0.034681	-0.024989
-0.120371	-0.074868	0.045502	0.097619	-0.082937	-0.014683	-0.015561	-0.005034	-0.005539	-0.024996	-0.030634	-0.024550
-0.114076	-0.070318	0.043758	0.092197	-0.078917	-0.013280	-0.014478	-0.004951	-0.005021	-0.025015	-0.029341	-0.020121
-0.121347	-0.064575	0.056773	0.092961	-0.089060	-0.003901	-0.009761	-0.005115	-0.004951	-0.025029	-0.025572	-0.019488
-0.148952	-0.055925	0.093027	0.102438	-0.120990	0.018551	-0.009976	-0.004642	-0.004917	-0.024821	-0.024793	-0.020057
-0.129743	-0.048849	0.080894	0.089296	-0.105319	0.016023	-0.010299	-0.000711	-0.000018	-0.020029	-0.020057	-0.014963
-0.115596	-0.046900	0.068696	0.081248	-0.092146	0.010898	-0.005470	0.000785	0.000010	-0.015004	-0.019999	-0.014995
-0.138515	-0.073137	0.065377	0.105826	-0.101946	-0.003880	-0.004532	0.004248	-0.000005	-0.010522	-0.019964	-0.015063
-0.131165	-0.066155	0.065011	0.098660	-0.098088	-0.000572	-0.000119	0.005501	0.004944	-0.009817	-0.015178	-0.009909
-0.119152	-0.054544	0.064608	0.086848	-0.091880	0.005032	-0.000388	0.009232	0.004912	-0.004663	-0.014465	-0.010556
-0.110507	-0.046018	0.064488	0.078263	-0.087498	0.009235	0.000019	0.010823	0.005080	0.000040	-0.010620	-0.009824
-0.099462	-0.034472	0.064990	0.066967	-0.082226	0.015259	0.004630	0.014235	0.005444	0.000300	-0.009459	-0.005599
-0.055328	0.009977	0.065305	0.022676	-0.060317	0.037641	0.005125	0.015513	0.009896	0.005296	-0.005145	-0.004572
-0.014527	0.049140	0.063667	-0.017306	-0.039097	0.056404	0.010039	0.019238	0.009565	0.010128	-0.005394	-0.000724
-0.030718	0.035544	0.066262	-0.002413	-0.048490	0.050903	0.009974	0.020821	0.010105	0.010602	-0.004954	0.000790
-0.064142	0.024963	0.089105	0.019590	-0.076624	0.057034	0.010088	0.024259	0.014484	0.014434	-0.000440	0.004241
-0.071028	0.015138	0.086166	0.027945	-0.078597	0.050652	0.014841	0.025476	0.015176	0.015091	-0.000013	0.005506
-0.084437	0.000480	0.084917	0.041979	-0.084677	0.042698	0.015357	0.029346	0.014541	0.014961	0.000432	0.009222
-0.095832	-0.010430	0.085403	0.053131	-0.090617	0.037486	0.014948	0.030093	0.015039	0.015019	0.004951	0.010841
-0.098986	-0.019564	0.079422	0.059275	-0.089204	0.029929	0.005339	0.029976	0.019620	0.015003	0.005400	0.014216
-0.095702	-0.015507	0.080194	0.055605	-0.087948	0.032343	-0.005018	0.030032	0.019901	0.014991	0.005146	0.015545
-0.094562	-0.014433	0.080129	0.054497	-0.087346	0.032848	-0.015047	0.029999	0.020431	0.015016	0.009502	0.019208
-0.085742	-0.010084	0.075659	0.047913	-0.080701	0.032788	-0.024881	0.030032	0.020033	0.015023	0.010039	0.020883
-0.084524	-0.009609	0.074915	0.047067	-0.079720	0.032653	-0.035326	0.030003	0.014708	0.014385	0.009344	0.024104
-0.084972	-0.009836	0.075137	0.047404	-0.080054	0.032650	-0.039802	0.030036	0.015095	0.015064	0.010207	0.026333
-0.080175	-0.005564	0.074611	0.042869	-0.077393	0.034524	-0.035499	0.030003	0.025207	0.035527	0.029884	0.043809
-0.075324	-0.004290	0.071034	0.039807	-0.073179	0.033372	-0.035051	0.030042	0.034322	0.054200	0.044938	0.040670
-0.064861	-0.000666	0.064194	0.032763	-0.064527	0.031764	-0.034985	0.030008	0.045393	0.045668	0.035483	0.034326
-0.064986	0.000469	0.065456	0.032259	-0.065221	0.032962	-0.035041	0.029763	0.054644	0.039223	0.029615	0.030427
-0.059621	-0.000420	0.059201	0.030020	-0.059411	0.029390	-0.034999	0.019628	0.040752	0.030907	0.025208	0.029796
-0.072244	-0.014339	0.057905	0.043292	-0.065074	0.021783	-0.035052	0.010043	0.029979	0.024142	0.019914	0.025176
-0.077042	-0.025599	0.051443	0.051320	-0.064242	0.012922	-0.034437	0.004591	0.019943	0.015803	0.015107	0.019872
-0.023083	-0.034700	-0.011617	0.028892	-0.005733	-0.023159	-0.030291	-0.005032	0.005264	0.009498	0.009783	0.020109
-0.047234	-0.045201	0.002033	0.046218	-0.024633	-0.021584	-0.029951	-0.014506	-0.005728	0.000741	0.000054	0.014505
-0.080786	-0.054397	0.026389	0.067591	-0.053587	-0.014004	-0.029995	-0.019974	-0.014256	-0.005759	-0.010004	0.010069
-0.109689	-0.065635	0.044054	0.087662	-0.076871	-0.010791	-0.030065	-0.024593	-0.000523	-0.014349	-0.020039	0.009640
-0.144603	-0.084725	0.059878	0.114664	-0.102241	-0.012423	-0.029839	-0.024888	0.009913	-0.020312	-0.029909	0.004742
-0.130029	-0.090095	0.039935	0.110062	-0.084982	-0.025080	-0.030468	-0.025725	0.004877	-0.029891	-0.040439	-0.000139
-0.110355	-0.090697	0.019658	0.100526	-0.065007	-0.035520	-0.029920	-0.029141	0.000126	-0.034365	-0.049295	-0.000589
-0.083912	-0.089499	-0.005587	0.086706	-0.039163	-0.047543	-0.025460	-0.030450	-0.005142	-0.030504	-0.045363	-0.004412
-0.066963	-0.091174	-0.024211	0.079069	-0.021376	-0.057693	-0.024913	-0.029115	-0.009658	-0.029777	-0.040256	-0.005339
-0.117749	-0.118462	-0.000713	0.118106	-0.058518	-0.059587	-0.025032	-0.031110	-0.010572	-0.025365	-0.039378	-0.009493
-0.136189	-0.116153	0.020035	0.126171	-0.078112	-0.048059	-0.024954	-0.048738	-0.015012	-0.025176	-0.035203	-0.010088
-0.160498	-0.114566	0.045932	0.137532	-0.103215	-0.034317	-0.025072	-0.045738	-0.019904	-0.019330	-0.029607	-0.014591
-0.193863	-0.115402	0.078461	0.154633	-0.136162	-0.018470	-0.024866	-0.044426	-0.025288	-0.020725	-0.030644	-0.019883
-0.161101	-0.110191	0.050909	0.135646	-0.106005	-0.029641	-0.025223	-0.045340	-0.029964	-0.049242	-0.049209	-0.020522
-0.134526	-0.110307	0.024219	0.122416	-0.079373	-0.043044	-0.024439	-0.044180	-0.029956	-0.049841	-0.060625	-0.024432
-0.114899	-0.109754	0.005145	0.112327	-0.060022	-0.052304	-0.030792	-0.040739	-0.045608	-0.050701	-0.064230	-0.025489
-0.095415	-0.110060	-0.014645	0.102738	-0.040385	-0.062353	-0.049291	-0.039805	-0.064512	-0.069351	-0.060292	-0.030040
-0.109221	-0.104832	0.004389	0.107027	-0.056805	-0.050221	-0.045491	-0.040133	-0.060797	-0.065943	-0.059954	-0.030194
-0.130139	-0.105238	0.024901	0.117689	-0.077520	-0.040168	-0.039885	-0.039978	-0.054938	-0.064323	-0.060010	-0.025606
-0.144737	-0.104735	0.040002	0.124736	-0.092369	-0.032367	-0.039715	-0.039505	-0.050575	-0.065203	-0.060076	-0.024360
-0.166033	-0.100314	0.065719	0.133174	-0.115876	-0.017298	-0.035082	-0.035299	-0.049806	-0.064901	-0.059803	-0.020400
-0.142924	-0.099524	0.043400	0.121224	-0.093162	-0.028062	-0.035058	-0.035020	-0.044731	-0.065106	-0.060528	-0.019268
-0.135108	-0.101567	0.033542	0.118337	-0.084325	-0.034012	-0.029985	-0.034982	-0.039941	-0.064986	-0.059863	-0.015782
-0.142441	-0.098425	0.044017	0.120433	-0.093229	-0.027204	-0.025122	-0.035855	-0.039889	-0.064610	-0.055647	-0.014283
-0.057662	-0.097264	-0.039602	0.077463	-0.009030	-0.068433	-0.024800	-0.034948	-0.034716	-0.060269	-0.054815	-0.010489
-0.144005	-0.143321	0.000684	0.143663	-0.072345	-0.071319	-0.020891	-0.020929	-0.030253	-0.060284	-0.055423	-0.009425
-0.187954	-0.130593	0.057360	0.159274	-0.122657	-0.036616	-0.019408	-0.004950	-0.029171	-0.059804	-0.054572	-0.004840
-0.185083	-0.121472	0.063612	0.153278	-0.124348	-0.028930	-0.005089	0.009947	-0.026199	-0.060631	-0.055965	-0.005217
-0.142564	-0.107143	0.035421	0.124853	-0.088993	-0.035861	0.005347	0.024523	-0.024158	-0.059307	-0.053261	-0.025538
-0.110661	-0.104923	0.005738	0.107792	-0.058199	-0.049592	0.019829	0.035722	-0.026669	-0.061606	-0.057756	-0.044702
-0.152680	-0.173991	-0.021311	0.163336	-0.065684	-0.097651	0.029162	0.064836	-0.022299	-0.058217	-0.087262	-0.066361
-0.097629	-0.139767	-0.042138	0.118698	-0.027746	-0.090952	0.020882	0.099706	0.016519	-0.027751	-0.062840	-0.083803
-0.093378	-0.085877	0.007501	0.089628	-0.050440	-0.039188	0.071055	0.181770	0.063522	0.007399	-0.033096	-0.036487
-0.066637	0.006885	0.073522	0.029876	-0.070079	0.040203	0.123625	0.298266	0.187359	0.112664	0.048607	0.015904
-0.053539	0.072455	0.125994	-0.009458	-0.089766	0.099224	0.107574	0.362745	0.287206	0.206126	0.134872	0.059729
0.023656	0.123568	0.099912	-0.073612	-0.038128	0.111740	0.082775	0.393025	0.359265	0.279995	0.185543	0.100808
0.115207	0.176610	0.061403	-0.145909	0.026902	0.119007	0.032487	0.368566	0.441898	0.360892	0.249782	0.154749
0.276885	0.233861	-0.043024	-0.255373	0.159955	0.095418	-0.026893	0.332835	0.482896	0.434603	0.325658	0.214939
0.397298	0.260885	-0.136413	-0.329092	0.266855	0.062236	-0.128142	0.243017	0.478476	0.491499	0.394390	0.275474
0.465119	0.295997	-0.169122	-0.380558	0.317121	0.063438	-0.242342	0.113051	0.461839	0.513229	0.446130	0.334371
0.531116	0.318709	-0.212408	-0.424913	0.371762	0.053151	-0.332606	-0.036592	0.399686	0.503004	0.504637	0.401582
0.498105	0.307832	-0.190273	-0.402969	0.344189	0.058780	-0.393168	-0.224109	0.326339	0.488299	0.540742	0.458522
0.475717	0.286610	-0.189107	-0.381164	0.332412	0.048752	-0.476857	-0.479219	0.118147	0.341151	0.483527	0.441605
0.462545	0.189054	-0.273491	-0.325799	0.368018	-0.042219	-0.543296	-0.766471	-0.146905	0.130824	0.357504	0.418963
0.266695	0.122585	-0.144110	-0.194640	0.205402	-0.010762	-0.653779	-1.191965	-0.378177	-0.025553	0.278102	0.400768
0.150344	0.066340	-0.084004	-0.108342	0.117174	-0.008832	-0.705126	-1.396102	-0.491581	-0.129628	0.211902	0.379844
0.088834	0.038958	-0.049876	-0.063896	0.069355	-0.005459	-0.675958	-1.347938	-0.545398	-0.179929	0.163997	0.366269
0.052469	0.020293	-0.032176	-0.036381	0.042323	-0.005941	-0.644263	-1.299129	-0.565094	-0.231297	0.120662	0.349410
0.006155	-0.025015	-0.031170	0.009430	0.018663	-0.028093	-0.595904	-1.201990	-0.556712	-0.274139	0.064519	0.295728
-0.046143	-0.070297	-0.024154	0.058220	-0.010994	-0.047225	-0.549499	-1.100234	-0.548594	-0.256455	0.015817	0.244835
-0.074083	-0.094796	-0.020714	0.084439	-0.026685	-0.057755	-0.495970	-0.990511	-0.492355	-0.234382	-0.000487	0.220347
-0.111507	-0.090613	0.020893	0.101060	-0.066200	-0.034860	-0.439364	-0.825020	-0.429271	-0.216174	-0.010094	0.194992
-0.143954	-0.089709	0.054245	0.116831	-0.099099	-0.017732	-0.380391	-0.651413	-0.355766	-0.199739	-0.025037	0.155040
-0.136629	-0.090363	0.046266	0.113496	-0.091447	-0.022049	-0.320217	-0.539209	-0.285379	-0.180933	-0.035162	0.119648
-0.128881	-0.089270	0.039612	0.109075	-0.084246	-0.024829	-0.249581	-0.424941	-0.229807	-0.164311	-0.060711	0.089767
-0.115344	-0.085723	0.029621	0.100533	-0.072483	-0.028051	-0.180176	-0.315493	-0.180475	-0.145709	-0.079462	0.059975
-0.109978	-0.084885	0.025093	0.097432	-0.067535	-0.029896	-0.134094	-0.243717	-0.144108	-0.129822	-0.075538	0.049601
-0.100053	-0.085039	0.015013	0.092546	-0.057533	-0.035013	-0.095479	-0.175934	-0.110445	-0.115033	-0.074999	0.044490
-0.096113	-0.085129	0.010984	0.090621	-0.053548	-0.037073	-0.069558	-0.129281	-0.084447	-0.100601	-0.075042	0.035571
-0.124796	-0.084289	0.040508	0.104543	-0.082652	-0.021890	-0.049713	-0.090545	-0.060304	-0.089941	-0.075109	0.029352
-0.150976	-0.080511	0.070465	0.115744	-0.110721	-0.005023	-0.039850	-0.053795	-0.049498	-0.080011	-0.074716	0.020166
-0.112623	-0.079499	0.033123	0.096061	-0.072873	-0.023188	-0.034338	-0.020201	-0.045449	-0.074963	-0.070595	0.014938
-0.084954	-0.081131	0.003823	0.083043	-0.044388	-0.038654	-0.025644	-0.009464	-0.039841	-0.064995	-0.070011	0.010118
-0.140331	-0.078345	0.061987	0.109338	-0.101159	-0.008179	-0.019241	-0.004959	-0.030374	-0.054973	-0.070006	0.009423
-0.144398	-0.081854	0.062544	0.113126	-0.103471	-0.009655	-0.010243	0.000284	-0.024859	-0.049949	-0.070046	0.010049
-0.176504	-0.117842	0.058662	0.147173	-0.117583	-0.029590	-0.004828	0.005038	-0.019898	-0.045444	-0.069542	0.004925
-0.172466	-0.111838	0.060628	0.142152	-0.116547	-0.025605	-0.000093	0.010071	-0.015641	-0.045010	-0.065103	0.005011
-0.158738	-0.103641	0.055098	0.131189	-0.106918	-0.024271	0.005164	0.015054	-0.014895	-0.045013	-0.064522	0.005027
-0.155618	-0.100487	0.055131	0.128053	-0.105375	-0.022678	0.009817	0.020067	-0.015012	-0.044685	-0.065174	-0.000070
-0.150035	-0.094790	0.055245	0.122413	-0.102640	-0.019773	0.015531	0.025032	-0.014560	-0.040549	-0.064489	0.000508
-0.144858	-0.089701	0.055157	0.117279	-0.100007	-0.017272	0.019872	0.030014	-0.010026	-0.039990	-0.060100	-0.000116
-0.135067	-0.084843	0.050224	0.109955	-0.092646	-0.017309	0.020571	0.035057	-0.009611	-0.039979	-0.059585	-0.004537
-0.139946	-0.089585	0.050361	0.114766	-0.095154	-0.019612	0.024639	0.039805	-0.009966	-0.040029	-0.059985	-0.004997
-0.140192	-0.090088	0.050104	0.115140	-0.095148	-0.019992	0.025608	0.040051	-0.010419	-0.039537	-0.060406	-0.005469
-0.135595	-0.089968	0.045627	0.112781	-0.090611	-0.022170	0.029966	0.040006	-0.009919	-0.035099	-0.059947	-0.009881
-0.134993	-0.090066	0.044927	0.112529	-0.089960	-0.022569	0.035061	0.040022	-0.005509	-0.034508	-0.055502	-0.010530
-0.134898	-0.089800	0.045098	0.112349	-0.089998	-0.022351	0.039796	0.039974	-0.004807	-0.035206	-0.054796	-0.009912
-0.135025	-0.090640	0.044385	0.112833	-0.089705	-0.023128	0.040052	0.040020	-0.005472	-0.034445	-0.055469	-0.015085
-0.134973	-0.094292	0.040681	0.114632	-0.087827	-0.026806	0.040001	0.039981	-0.004924	-0.030154	-0.054944	-0.014951
-0.135617	-0.095688	0.039930	0.115653	-0.087773	-0.027879	0.040019	0.040045	-0.000449	-0.029475	-0.050446	-0.015050
-0.139572	-0.099532	0.040040	0.119552	-0.089806	-0.029746	0.039987	0.039916	0.000048	-0.030182	-0.049938	-0.019900
-0.140001	-0.100617	0.039384	0.120309	-0.089693	-0.030616	0.040008	0.040086	-0.000002	-0.029886	-0.050005	-0.019969
-0.135321	-0.104829	0.030491	0.120075	-0.082906	-0.037169	0.040012	0.039861	-0.000029	-0.030078	-0.050040	-0.020044
-0.125218	-0.105103	0.020115	0.115160	-0.072666	-0.042494	0.040006	0.040269	0.000583	-0.029951	-0.049430	-0.019980
-0.109006	-0.099828	0.009178	0.104417	-0.059092	-0.045325	0.039990	0.039230	0.004695	-0.030016	-0.045272	-0.020017
-0.101024	-0.100677	0.000347	0.100850	-0.050685	-0.050165	0.039999	0.041058	0.005080	-0.029981	-0.044949	-0.019991
-0.128753	-0.099673	0.029080	0.114213	-0.078916	-0.035297	0.040014	0.063750	0.004972	-0.030020	-0.044999	-0.020014
-0.156043	-0.095937	0.060106	0.125990	-0.108074	-0.017916	0.040003	0.065737	0.005010	-0.029991	-0.045064	-0.020000
-0.143522	-0.093764	0.049759	0.118643	-0.096641	-0.022003	0.039940	0.064323	0.005011	-0.029994	-0.044836	-0.019996
-0.137349	-0.096319	0.041030	0.116834	-0.089190	-0.027645	0.040454	0.065339	0.004972	-0.029998	-0.045467	-0.020001
-0.151545	-0.123123	0.028422	0.137334	-0.089983	-0.047350	0.044932	0.064823	0.005053	-0.030012	-0.044941	-0.020008
-0.139886	-0.116072	0.023814	0.127979	-0.081850	-0.046129	0.045476	0.065141	0.004911	-0.029998	-0.040447	-0.019998
-0.186284	-0.104338	0.081946	0.145311	-0.134115	-0.011196	0.044822	0.064905	0.005166	-0.029993	-0.039944	-0.019995
-0.172737	-0.095137	0.077600	0.133937	-0.125169	-0.008769	0.045085	0.065061	0.004520	-0.029998	-0.040002	-0.019998
-0.154364	-0.085563	0.068801	0.119963	-0.111582	-0.008381	0.044967	0.064993	0.005088	-0.030012	-0.040016	-0.020008
-0.140135	-0.074621	0.065514	0.107378	-0.102825	-0.004553	0.045024	0.065024	0.009542	-0.030001	-0.039990	-0.019998
-0.120328	-0.065530	0.054797	0.092929	-0.087562	-0.005367	0.044981	0.064974	0.010043	-0.029992	-0.040041	-0.019999
-0.129943	-0.079695	0.050248	0.104819	-0.090095	-0.014724	0.044986	0.064988	0.009993	-0.030008	-0.039540	-0.019997
-0.130515	-0.085702	0.044814	0.108108	-0.087664	-0.020444	0.045051	0.065027	0.010003	-0.030005	-0.035100	-0.020016
-0.125217	-0.084540	0.040677	0.104879	-0.082947	-0.021932	0.044915	0.064984	0.009998	-0.030012	-0.034517	-0.019990
-0.125292	-0.085473	0.039818	0.105383	-0.082555	-0.022827	0.045301	0.064983	0.009996	-0.029986	-0.035160	-0.020015
-0.124110	-0.084043	0.040066	0.104076	-0.082088	-0.021988	0.049414	0.064971	0.009996	-0.030024	-0.034905	-0.019985
-0.125981	-0.085975	0.040005	0.105978	-0.082993	-0.022985	0.050055	0.065045	0.009999	-0.029980	-0.035080	-0.020038
-0.123641	-0.083701	0.039940	0.103671	-0.081791	-0.021880	0.049992	0.064940	0.010013	-0.030079	-0.034944	-0.019957
-0.116875	-0.076823	0.040053	0.096849	-0.078464	-0.018385	0.049996	0.065173	0.009930	-0.029697	-0.035086	-0.020117
-0.148042	-0.108169	0.039872	0.128105	-0.093957	-0.034149	0.049997	0.069938	0.010476	-0.025604	-0.034504	-0.019411
-0.146434	-0.106277	0.040157	0.126356	-0.093295	-0.033060	0.050024	0.075066	0.014883	-0.024415	-0.030143	-0.015678
-0.139552	-0.099197	0.040355	0.119375	-0.089953	-0.029421	0.050000	0.079407	0.015511	-0.019865	-0.029479	-0.014422
-0.140781	-0.100234	0.040546	0.120507	-0.090663	-0.029844	0.049996	0.080329	0.014924	-0.019739	-0.030066	-0.010196
-0.118630	-0.095182	0.023448	0.106906	-0.071039	-0.035867	0.049998	0.084412	0.020042	-0.019661	-0.024954	-0.010353
-0.112922	-0.095189	0.017732	0.104055	-0.065327	-0.038728	0.050049	0.085529	0.020005	-0.015046	-0.025013	-0.010015
-0.147583	-0.090261	0.057321	0.118922	-0.102452	-0.016470	0.049427	0.090330	0.019952	-0.014539	-0.025044	-0.005378
-0.141964	-0.085250	0.056714	0.113607	-0.099339	-0.014268	0.045275	0.089636	0.025057	-0.015032	-0.019932	-0.004893
-0.133720	-0.084383	0.049337	0.109051	-0.091528	-0.017523	0.044932	0.090389	0.024484	-0.009984	-0.020512	-0.000002
-0.126123	-0.080736	0.045387	0.103429	-0.085755	-0.017675	0.045003	0.109014	0.025124	-0.009990	-0.019894	-0.000014
-0.119136	-0.079375	0.039761	0.099255	-0.079448	-0.019807	0.045062	0.110072	0.029536	-0.010060	-0.015461	0.000036
-0.110470	-0.075132	0.035338	0.092801	-0.072904	-0.019897	0.044654	0.109729	0.029972	-0.004935	-0.014998	0.004852
-0.104372	-0.069866	0.034506	0.087119	-0.069439	-0.017680	0.040578	0.109353	0.030471	-0.005529	-0.014527	0.005439
-0.095744	-0.065760	0.029984	0.080752	-0.062864	-0.017888	0.039938	0.110635	0.034865	-0.004900	-0.010132	0.009921
-0.094705	-0.064335	0.030369	0.079520	-0.062537	-0.016983	0.040072	0.128928	0.035554	0.000053	-0.009470	0.010503
-0.090144	-0.060128	0.030016	0.075136	-0.060080	-0.015056	0.039676	0.135275	0.034843	0.004955	-0.010106	0.009926
-0.084874	-0.055344	0.029530	0.070109	-0.057202	-0.012907	0.040355	0.140315	0.040144	0.010007	-0.004919	0.015072
-0.085201	-0.055043	0.030158	0.070122	-0.057680	-0.012442	0.054464	0.144988	0.039844	0.015032	-0.005081	0.014951
-0.075026	-0.050309	0.024717	0.062667	-0.049871	-0.012796	0.064982	0.145559	0.040226	0.019391	-0.004939	0.015026
-0.069895	-0.045322	0.024574	0.057608	-0.047235	-0.010374	0.070011	0.149304	0.044348	0.020335	-0.000170	0.019895
-0.070201	-0.044873	0.025327	0.057537	-0.047764	-0.009773	0.074432	0.151172	0.046255	0.024821	0.000048	0.019912
-0.059669	-0.034832	0.024836	0.047250	-0.042253	-0.004998	0.075711	0.169558	0.064349	0.030197	-0.000494	0.020092
-0.056051	-0.029797	0.026254	0.042924	-0.041153	-0.001771	0.079360	0.175014	0.070363	0.034209	-0.000097	0.019898
-0.032856	-0.024766	0.008091	0.028811	-0.020473	-0.008337	0.080343	0.179957	0.069809	0.035635	0.009733	0.019977
-0.023172	-0.020762	0.002410	0.021967	-0.012791	-0.009176	0.084713	0.189349	0.070445	0.038956	0.020087	0.019514
-0.075826	-0.013831	0.061995	0.044828	-0.068910	0.024082	0.085227	0.195838	0.075087	0.041640	0.029924	0.030305
-0.083835	-0.011799	0.072036	0.047817	-0.077936	0.030119	0.080093	0.198854	0.074496	0.043605	0.040092	0.034325
-0.107148	-0.038429	0.068718	0.072789	-0.087933	0.015145	0.080654	0.201266	0.075970	0.046595	0.049694	0.036129
-0.101808	-0.031598	0.070211	0.066703	-0.086010	0.019306	0.079228	0.228858	0.103562	0.078578	0.055113	0.063921
-0.094320	-0.019505	0.074815	0.056912	-0.084568	0.027655	0.081392	0.236109	0.116135	0.086187	0.059877	0.070971
-0.090591	-0.015081	0.075510	0.052836	-0.083050	0.030214	0.103288	0.239522	0.119854	0.084646	0.065212	0.075102
-0.079539	-0.004339	0.075200	0.041939	-0.077369	0.035430	0.101200	0.235483	0.115483	0.085284	0.069478	0.075144
-0.076040	0.004344	0.080384	0.035848	-0.078212	0.042364	0.099016	0.234900	0.114717	0.089833	0.070743	0.075386
-0.068769	0.011023	0.079791	0.028873	-0.074280	0.045407	0.095951	0.229763	0.110449	0.089751	0.068990	0.074686
-0.056449	0.023808	0.080257	0.016320	-0.068353	0.052033	0.094228	0.231019	0.109977	0.090586	0.070845	0.075701
-0.037889	0.041708	0.079597	-0.001909	-0.058743	0.060652	0.090437	0.259025	0.134964	0.119670	0.104292	0.104264
0.007549	0.083194	0.075644	-0.045372	-0.034047	0.079419	0.089426	0.265403	0.160023	0.145419	0.125586	0.124938
0.011927	0.086865	0.074938	-0.049396	-0.031505	0.080901	0.085155	0.264978	0.160248	0.150332	0.130319	0.129652
0.008888	0.083984	0.075097	-0.046436	-0.033105	0.079540	0.084575	0.265080	0.159821	0.150475	0.135080	0.130832
0.010878	0.085564	0.074686	-0.048221	-0.031904	0.080125	0.084846	0.264826	0.159304	0.154742	0.139913	0.134186
0.014259	0.084809	0.070550	-0.049534	-0.028145	0.077680	0.080563	0.259688	0.160996	0.155375	0.145090	0.135538
0.025796	0.095840	0.070045	-0.060818	-0.022124	0.082942	0.079354	0.255037	0.178850	0.160226	0.149980	0.144373
0.043680	0.113621	0.069941	-0.078651	-0.013130	0.091781	0.075633	0.254779	0.175737	0.159933	0.155139	0.150662
0.036145	0.106064	0.069919	-0.071104	-0.016887	0.087992	0.074603	0.249586	0.174207	0.165993	0.159817	0.159649
0.034057	0.099040	0.064983	-0.066549	-0.015463	0.082012	0.070589	0.245251	0.170794	0.189239	0.165557	0.165129
0.045948	0.110987	0.065038	-0.078468	-0.009545	0.088012	0.069486	0.245033	0.169422	0.186139	0.169368	0.169997
0.068786	0.134267	0.065481	-0.101526	0.001652	0.099874	0.064742	0.235376	0.164835	0.183885	0.165502	0.175103
0.070713	0.135697	0.064984	-0.103205	0.002864	0.100341	0.064985	0.224999	0.164903	0.180374	0.164834	0.179891
0.069352	0.134766	0.065414	-0.102059	0.001969	0.100090	0.065241	0.220010	0.165324	0.180269	0.160049	0.185009
0.075284	0.135195	0.059912	-0.105239	0.007686	0.097553	0.060574	0.210110	0.160535	0.180147	0.160059	0.184955
0.075349	0.134950	0.059601	-0.105150	0.007874	0.097276	0.059382	0.199982	0.159507	0.175374	0.160011	0.180599
0.075081	0.135230	0.060150	-0.105156	0.007466	0.097690	0.055387	0.194782	0.155218	0.174890	0.155100	0.179605
0.075397	0.134841	0.059444	-0.105119	0.007977	0.097142	0.054307	0.180014	0.154607	0.170069	0.154644	0.175714
0.065117	0.120311	0.055194	-0.092714	0.004962	0.087752	0.050763	0.170058	0.149974	0.170022	0.150060	0.174333
0.055718	0.110111	0.054393	-0.082915	0.000663	0.082252	0.049311	0.160007	0.150418	0.169652	0.149670	0.170740
0.039123	0.094448	0.055326	-0.066785	-0.008102	0.074887	0.045336	0.144927	0.149784	0.155481	0.149693	0.169276
0.032195	0.086610	0.054415	-0.059403	-0.011110	0.070513	0.044878	0.135434	0.140581	0.144905	0.140079	0.155354
0.053063	0.108218	0.055154	-0.080640	-0.001046	0.081686	0.045083	0.125032	0.134373	0.135110	0.129993	0.144359
0.036537	0.096040	0.059502	-0.066289	-0.011482	0.077771	0.044943	0.110287	0.125688	0.124966	0.120138	0.135215
0.019105	0.079308	0.060202	-0.049207	-0.020548	0.069755	0.045025	0.100145	0.119507	0.115043	0.109643	0.124864
0.000435	0.065280	0.064845	-0.032857	-0.032205	0.065062	0.044963	0.089575	0.110965	0.104541	0.100129	0.115076
-0.015122	0.050453	0.065575	-0.017665	-0.040348	0.058014	0.045056	0.081112	0.104958	0.090109	0.095116	0.104998
-0.025409	0.040107	0.065516	-0.007349	-0.045462	0.052811	0.044943	0.068303	0.090196	0.079543	0.080109	0.095003
-0.039812	0.029770	0.069582	0.005021	-0.054697	0.049676	0.045115	0.061872	0.079566	0.069864	0.069619	0.084958
-0.049910	0.020650	0.070560	0.014630	-0.060235	0.045605	0.044406	0.087957	0.070173	0.055399	0.060137	0.074985
-0.055019	0.014858	0.069876	0.020080	-0.062447	0.042367	0.040685	0.076224	0.059923	0.045144	0.049947	0.065032
-0.055452	0.010138	0.065590	0.022657	-0.060521	0.037864	0.039430	0.063726	0.050001	0.034686	0.039979	0.054926
-0.059808	0.004767	0.064576	0.027520	-0.062192	0.034671	0.035167	0.055485	0.040128	0.029927	0.030147	0.045171
-0.060374	0.000355	0.060728	0.030009	-0.060551	0.030542	0.035379	0.044647	0.034926	0.029610	0.024955	0.039894
-0.065168	-0.005950	0.059218	0.035559	-0.062193	0.026634	0.034986	0.035306	0.030642	0.025003	0.020033	0.035662
-0.064981	-0.009196	0.055785	0.037088	-0.060383	0.023294	0.030406	0.024603	0.029405	0.024603	0.014910	0.034394
-0.070828	-0.016469	0.054360	0.043649	-0.062594	0.018945	0.030031	0.019982	0.025178	0.024810	0.010269	0.030184
-0.093502	-0.043587	0.049915	0.068545	-0.071709	0.003164	0.029511	0.020002	0.024923	0.020524	0.009445	0.029920
-0.090604	-0.041090	0.049514	0.065847	-0.070059	0.004212	0.025140	0.020008	0.020023	0.019439	0.004976	0.025029
-0.084319	-0.039516	0.044803	0.061918	-0.064561	0.002643	0.024471	0.019951	0.015003	0.014851	0.000080	0.019991
-0.080188	-0.035638	0.044550	0.057913	-0.062369	0.004456	0.025086	0.020070	0.014823	0.014711	-0.005275	0.019838
-0.074669	-0.034474	0.040194	0.054571	-0.057431	0.002860	0.019925	0.019411	0.010493	0.014755	-0.010207	0.015469
-0.090843	-0.051396	0.039447	0.071119	-0.065145	-0.005974	0.020061	0.015666	0.009471	0.009321	-0.010655	0.014505
-0.114158	-0.074181	0.039977	0.094170	-0.077068	-0.017102	0.019963	0.014419	0.004815	0.005222	-0.019506	0.009767
-0.110780	-0.070599	0.040181	0.090690	-0.075480	-0.015209	0.015058	0.010193	0.004761	0.004766	-0.030073	0.009835
-0.108986	-0.069428	0.039557	0.089207	-0.074271	-0.014935	0.015322	0.010360	0.004643	0.000459	-0.034425	0.009496
-0.110666	-0.070236	0.040430	0.090451	-0.075548	-0.014903	0.015213	0.010015	0.000044	-0.000042	-0.035074	0.005619
-0.093955	-0.065298	0.028657	0.079626	-0.061306	-0.018320	0.009366	0.005383	-0.000470	-0.004624	-0.034991	0.004955
-0.091855	-0.065091	0.026764	0.078473	-0.059309	-0.019163	0.010615	0.004895	0.000030	-0.009829	-0.035025	0.005035
-0.132438	-0.064489	0.067949	0.098464	-0.100193	0.001730	0.009003	0.000009	-0.005024	-0.010576	-0.034999	0.004554
-0.127263	-0.060151	0.067112	0.093707	-0.097187	0.003480	-0.008783	0.000026	-0.005014	-0.014334	-0.035024	0.000074
-0.124506	-0.059516	0.064990	0.092011	-0.094748	0.002737	-0.005687	-0.000569	-0.004948	-0.015631	-0.035004	-0.000476
-0.125321	-0.060091	0.065229	0.092706	-0.095275	0.002569	-0.004483	-0.009768	-0.010068	-0.019701	-0.035004	0.000199
-0.124783	-0.060392	0.064391	0.092587	-0.094587	0.001999	-0.005234	-0.015455	-0.009479	-0.020066	-0.035004	-0.000522
-0.130291	-0.064918	0.065373	0.097604	-0.097832	0.000228	-0.004905	-0.025001	-0.010131	-0.020009	-0.035015	-0.004905
-0.125071	-0.065550	0.059521	0.095310	-0.092296	-0.003015	-0.004508	-0.029354	-0.014519	-0.019947	-0.034997	-0.005428
-0.124562	-0.064652	0.059910	0.094607	-0.092236	-0.002371	-0.000273	-0.025281	-0.015032	-0.020298	-0.034990	-0.005136
-0.125313	-0.065336	0.059978	0.095325	-0.092645	-0.002679	0.000060	-0.024959	-0.015421	-0.024436	-0.035004	-0.009508
-0.124635	-0.064552	0.060083	0.094594	-0.092359	-0.002234	-0.000050	-0.025061	-0.019966	-0.025036	-0.035005	-0.010007
-0.125733	-0.065792	0.059941	0.095763	-0.092837	-0.002926	0.000079	-0.024426	-0.020407	-0.025003	-0.035014	-0.009965
-0.118806	-0.058895	0.059911	0.088850	-0.089358	0.000508	-0.000303	-0.020325	-0.020132	-0.024998	-0.034969	-0.010278
-0.111850	-0.056863	0.054987	0.084356	-0.083418	-0.000938	-0.004440	-0.019918	-0.024540	-0.025003	-0.035037	-0.014461
-0.138181	-0.083130	0.055051	0.110656	-0.096616	-0.014040	-0.004992	-0.020082	-0.024947	-0.025004	-0.034956	-0.014991
-0.136638	-0.081202	0.055436	0.108920	-0.096037	-0.012883	-0.005094	-0.019406	-0.025121	-0.025008	-0.035092	-0.015090
-0.134249	-0.079261	0.054988	0.106755	-0.094619	-0.012136	-0.004668	-0.015313	-0.024667	-0.024975	-0.034828	-0.014689
-0.134765	-0.080434	0.054332	0.107599	-0.094548	-0.013051	-0.000620	-0.014929	-0.020598	-0.025020	-0.035480	-0.010582
-0.129982	-0.079099	0.050883	0.104541	-0.090432	-0.014108	0.000090	-0.015006	-0.019967	-0.024977	-0.034931	-0.009973
-0.125415	-0.075845	0.049570	0.100630	-0.087493	-0.013137	-0.000104	-0.015066	-0.020012	-0.025045	-0.030454	-0.010005
-0.125186	-0.074598	0.050588	0.099892	-0.087887	-0.012005	0.000169	-0.014687	-0.019992	-0.024914	-0.029947	-0.009996
-0.124150	-0.075603	0.048547	0.099877	-0.086348	-0.013528	-0.000490	-0.010594	-0.019999	-0.025154	-0.030005	-0.010000
-0.125866	-0.074872	0.050995	0.100369	-0.088430	-0.011939	0.000093	-0.009937	-0.020007	-0.024350	-0.030012	-0.010003
-0.118025	-0.070510	0.047515	0.094267	-0.082770	-0.011497	0.004531	-0.010089	-0.019998	-0.026299	-0.029993	-0.009998
-0.097814	-0.069913	0.027901	0.083863	-0.062858	-0.021006	0.005068	-0.009683	-0.019992	-0.039119	-0.030038	-0.009994
-0.137372	-0.070006	0.067366	0.103689	-0.102369	-0.001320	0.004959	-0.005587	-0.019998	-0.035195	-0.029547	-0.009999
-0.137208	-0.070055	0.067154	0.103631	-0.102181	-0.001450	0.005056	-0.004962	-0.020007	-0.034941	-0.025087	-0.010003
-0.129512	-0.069406	0.060106	0.099459	-0.094809	-0.004650	0.004895	-0.005013	-0.019998	-0.035038	-0.024528	-0.009999
-0.119684	-0.065267	0.054417	0.092475	-0.087050	-0.005425	0.005339	-0.005028	-0.019994	-0.030054	-0.025143	-0.009996
-0.121024	-0.064906	0.056118	0.092965	-0.088571	-0.004394	0.009376	-0.004570	-0.020006	-0.030071	-0.024931	-0.010006
-0.158467	-0.065063	0.093404	0.111765	-0.125936	0.014171	0.010099	-0.000047	-0.019999	-0.029982	-0.025027	-0.009995
-0.155725	-0.064425	0.091300	0.110075	-0.123512	0.013438	0.009899	0.000402	-0.020018	-0.029474	-0.025034	-0.010016
-0.144779	-0.060217	0.084562	0.102498	-0.114671	0.012173	0.010174	0.000126	-0.019972	-0.025266	-0.024714	-0.009975
-0.144714	-0.059993	0.084721	0.102353	-0.114717	0.012364	0.009517	0.004539	-0.020049	-0.024967	-0.020535	-0.010039
-0.140432	-0.059901	0.080531	0.100166	-0.110482	0.010315	0.010092	0.004934	-0.019942	-0.025014	-0.020019	-0.009946
-0.139743	-0.060203	0.079540	0.099973	-0.109642	0.009668	0.014542	0.005080	-0.020116	-0.024499	-0.019936	-0.010097
-0.134750	-0.059787	0.074964	0.097269	-0.104857	0.007588	0.015050	0.005055	-0.019817	-0.020130	-0.020073	-0.009830
-0.145833	-0.075353	0.070480	0.110593	-0.108156	-0.002437	0.014993	0.010005	-0.020528	-0.020425	-0.019860	-0.010488
-0.168695	-0.098787	0.069908	0.133741	-0.119301	-0.014440	0.015009	0.009994	-0.019873	-0.019904	-0.020250	-0.009911
-0.161659	-0.095614	0.066045	0.128637	-0.113852	-0.014785	0.015000	0.010017	-0.015571	-0.015534	-0.018980	-0.005469
-0.159233	-0.094533	0.064701	0.126883	-0.111967	-0.014916	0.015000	0.014913	-0.014619	-0.014771	-0.020839	-0.004933
-0.160327	-0.095189	0.065138	0.127758	-0.112733	-0.015025	0.014998	0.014958	-0.010687	-0.015513	-0.034018	-0.005041
-0.159884	-0.094956	0.064928	0.127420	-0.112406	-0.015014	0.015009	0.015016	-0.009269	-0.014866	-0.030637	-0.004949
-0.160159	-0.095075	0.065084	0.127617	-0.112621	-0.014995	0.014999	0.015555	-0.005690	-0.010544	-0.029423	-0.005104
-0.159538	-0.094659	0.064879	0.127098	-0.112208	-0.014890	0.015001	0.019701	-0.004472	-0.009781	-0.030208	-0.004659
-0.150465	-0.085121	0.065343	0.117793	-0.107904	-0.009889	0.014999	0.020078	0.004693	-0.010486	-0.029884	-0.000623
-0.145126	-0.079573	0.065554	0.112349	-0.105340	-0.007010	0.015006	0.019947	0.010726	-0.009916	-0.030088	0.000095
-0.135137	-0.074839	0.060298	0.104988	-0.097717	-0.007270	0.014999	0.020592	0.014755	-0.005455	-0.029951	-0.000103
-0.125536	-0.070581	0.054955	0.098059	-0.090246	-0.007813	0.014996	0.024690	0.020233	-0.004944	-0.030031	0.000172
-0.113993	-0.064219	0.049775	0.089106	-0.081884	-0.007222	0.014999	0.025062	0.024395	-0.005008	-0.029978	-0.000491
-0.106369	-0.061991	0.044378	0.084180	-0.075374	-0.008806	0.015006	0.025019	0.025079	-0.004999	-0.030027	0.000088
-0.128157	-0.083264	0.044893	0.105710	-0.086525	-0.019185	0.014999	0.024937	0.024985	-0.004995	-0.029989	0.004531
-0.121390	-0.081106	0.040284	0.101248	-0.080837	-0.020411	0.014995	0.025151	0.025023	-0.005042	-0.029994	0.005046
-0.113426	-0.079516	0.033910	0.096471	-0.073668	-0.022803	0.015008	0.024531	0.025007	-0.004541	-0.029998	0.004981
-0.110927	-0.080367	0.030560	0.095647	-0.070743	-0.024904	0.015002	0.025093	0.025009	-0.000080	-0.030013	0.005020
-0.103186	-0.079620	0.023566	0.091403	-0.063376	-0.028027	0.015008	0.029546	0.025023	0.000479	-0.029998	0.004948
-0.106961	-0.080625	0.026336	0.093793	-0.066649	-0.027144	0.014993	0.030046	0.024979	-0.000151	-0.029995	0.005195
-0.132501	-0.078958	0.053543	0.105729	-0.093022	-0.012707	0.015015	0.029995	0.025042	0.000078	-0.030006	0.009949
-0.106683	-0.065687	0.040996	0.086185	-0.073840	-0.012345	0.014987	0.030016	0.024954	-0.000023	-0.030005	0.015020
-0.078955	-0.055007	0.023949	0.066981	-0.051452	-0.015529	0.015038	0.029995	0.025093	-0.000029	-0.030015	0.019996
-0.050168	-0.040430	0.009738	0.045299	-0.029953	-0.015346	0.014912	0.030046	0.024826	0.000244	-0.029979	0.025002
-0.029878	-0.029063	0.000815	0.029470	-0.015347	-0.014124	0.015357	0.029546	0.025481	0.004739	-0.030033	0.029839
-0.080757	-0.057081	0.023676	0.068919	-0.052216	-0.016703	0.014942	0.025093	0.024924	0.005051	-0.029991	0.029958
-0.122350	-0.107651	0.014698	0.115001	-0.068524	-0.046477	0.005196	0.024528	0.020456	-0.004936	-0.029512	0.019660
-0.107862	-0.096984	0.010879	0.102423	-0.059370	-0.043053	-0.000128	0.025151	0.019949	-0.009887	-0.025145	0.010447
-0.126991	-0.083866	0.043125	0.105429	-0.085058	-0.020371	0.005117	0.024931	0.020005	-0.005447	-0.025394	0.029904
-0.111857	-0.070791	0.041066	0.091324	-0.076462	-0.014862	0.004917	0.025027	0.020009	-0.005060	-0.024974	0.045005
-0.099145	-0.060224	0.038921	0.079685	-0.069033	-0.010651	0.005046	0.025047	0.019997	-0.004951	-0.020415	0.039974
-0.084737	-0.044632	0.040106	0.064684	-0.062421	-0.002263	0.009891	0.024706	0.019995	-0.005043	-0.020031	0.039757
-0.071022	-0.035691	0.035331	0.053357	-0.053177	-0.000180	0.009946	0.020565	0.020000	-0.004966	-0.019516	0.040079
-0.094139	-0.058961	0.035178	0.076550	-0.064658	-0.011891	0.010046	0.019984	0.020007	-0.005059	-0.015133	0.040016
-0.100715	-0.065849	0.034866	0.083282	-0.067791	-0.015491	0.010481	0.019997	0.019992	-0.004397	-0.014480	0.039443
-0.099687	-0.064674	0.035013	0.082181	-0.067350	-0.014831	0.014838	0.019997	0.020041	-0.000344	-0.015065	0.035294
-0.095076	-0.065138	0.029939	0.080107	-0.062507	-0.017599	0.014642	0.019995	0.019541	0.000127	-0.009953	0.034934
-0.095029	-0.064940	0.030090	0.079984	-0.062560	-0.017425	0.014990	0.020035	0.015092	-0.000098	-0.010004	0.035043
-0.094914	-0.065000	0.029914	0.079957	-0.062414	-0.017543	0.019682	0.019424	0.014511	0.000119	-0.010042	0.034995
-0.090142	-0.065018	0.025124	0.077580	-0.057633	-0.019947	0.019842	0.015263	0.015151	-0.000181	-0.004926	0.035026
-0.089779	-0.064877	0.024902	0.077328	-0.057341	-0.019988	0.020530	0.014949	0.014907	0.000488	-0.005511	0.034568
-0.090812	-0.065280	0.025531	0.078046	-0.058172	-0.019874	0.019861	0.014966	0.015044	-0.000086	-0.004875	0.030047
-0.088867	-0.063935	0.024932	0.076401	-0.056899	-0.019501	0.015559	0.015082	0.014987	-0.004545	-0.000473	0.029606
-0.086175	-0.066132	0.020043	0.076153	-0.053109	-0.023044	0.014786	0.014823	0.014966	-0.005035	0.000044	0.029993
-0.103186	-0.083468	0.019719	0.093327	-0.061452	-0.031875	0.015491	0.015278	0.015048	-0.005012	0.000438	0.030389
-0.095801	-0.080672	0.015130	0.088236	-0.055465	-0.032771	0.014924	0.014176	0.014913	-0.004970	0.004950	0.029977
-0.094879	-0.078929	0.015951	0.086904	-0.055415	-0.031489	0.010456	0.015521	0.015127	-0.005062	0.005457	0.025428
-0.083811	-0.075353	0.008459	0.079582	-0.046135	-0.033447	0.009956	0.018938	0.014963	-0.004713	0.004941	0.024952
-0.087540	-0.075277	0.012264	0.081408	-0.049902	-0.031506	0.010002	0.021498	0.025030	-0.000522	0.004598	0.025015
-0.132477	-0.075072	0.057405	0.103774	-0.094941	-0.008834	0.010035	0.043748	0.034980	-0.000047	-0.000081	0.024974
-0.122246	-0.070365	0.051880	0.096305	-0.087063	-0.009242	0.009413	0.041055	0.030753	0.000144	-0.004901	0.025078
-0.113669	-0.070062	0.043607	0.091866	-0.078638	-0.013228	0.005305	0.039612	0.029793	-0.000388	-0.009947	0.024678
-0.111004	-0.069487	0.041517	0.090245	-0.076260	-0.013985	0.004898	0.040480	0.025081	-0.004283	-0.009971	0.020582
-0.093364	-0.065178	0.028186	0.079271	-0.060775	-0.018496	0.005075	0.035374	0.024954	-0.005270	-0.015044	0.019971
-0.092145	-0.064453	0.027692	0.078299	-0.059919	-0.018380	0.004387	0.035133	0.025080	-0.003968	-0.019952	0.020004
-0.081663	-0.065072	0.016591	0.073367	-0.049127	-0.024240	0.000320	0.034933	0.019940	-0.006018	-0.020149	0.019986
-0.018546	-0.059916	-0.041370	0.039231	0.011412	-0.050643	-0.000101	0.034653	0.020499	-0.023838	-0.024971	0.019998
-0.027546	-0.060072	-0.032526	0.043809	0.002490	-0.046299	0.000047	0.030006	0.019947	-0.021273	-0.029931	0.020006
-0.046258	-0.059958	-0.013700	0.053108	-0.016279	-0.036829	-0.000049	0.029649	0.015370	-0.019257	-0.029954	0.019998
-0.084712	-0.055060	0.029652	0.069886	-0.057182	-0.012704	0.000180	0.029818	0.015227	-0.020307	-0.025115	0.019992
-0.129607	-0.055063	0.074544	0.092335	-0.102075	0.009740	0.005011	0.025512	0.015171	-0.019837	-0.025058	0.019998
-0.094220	-0.054926	0.039294	0.074573	-0.066757	-0.007816	0.009919	0.024992	0.010548	-0.020116	-0.024940	0.020007
-0.061913	-0.055129	0.006784	0.058521	-0.034349	-0.024172	0.015222	0.025048	0.009477	-0.019943	-0.025124	0.019998
-0.082960	-0.054618	0.028342	0.068789	-0.055651	-0.013138	0.015125	0.024698	0.005145	-0.020037	-0.024656	0.019995
-0.071622	-0.050638	0.020984	0.061130	-0.046303	-0.014827	0.009832	0.020564	0.005373	-0.019999	-0.020626	0.019998
-0.063493	-0.049904	0.013589	0.056699	-0.038541	-0.018158	0.005734	0.019981	0.004991	-0.019987	-0.019917	0.020008
-0.071945	-0.050135	0.021810	0.061040	-0.046878	-0.014163	0.004882	0.019996	0.000358	-0.020076	-0.020100	0.019998
-0.093314	-0.049657	0.043657	0.071486	-0.068486	-0.003000	0.005055	0.019988	0.000109	-0.019683	-0.019825	0.019995
-0.091418	-0.050075	0.041344	0.070746	-0.066381	-0.004365	0.004970	0.019998	-0.000658	-0.015581	-0.020479	0.019998
-0.094195	-0.055174	0.039021	0.074684	-0.066608	-0.008077	0.005021	0.020005	-0.004266	-0.014973	-0.019922	0.020008
-0.090445	-0.049990	0.040455	0.070218	-0.065450	-0.004767	0.004989	0.019998	-0.005181	-0.015005	-0.015455	0.019996
-0.089462	-0.049948	0.039514	0.069705	-0.064488	-0.005217	0.005004	0.019992	-0.004665	-0.014995	-0.014943	0.019994
-0.089880	-0.050278	0.039602	0.070079	-0.064741	-0.005338	0.004994	0.019998	-0.000599	-0.015000	-0.014998	0.019999
-0.084336	-0.045506	0.038830	0.064921	-0.061583	-0.003338	0.005002	0.020007	0.000039	-0.015006	-0.015030	0.020006
-0.080090	-0.044989	0.035101	0.062540	-0.057596	-0.004944	0.004996	0.019998	-0.000013	-0.014998	-0.014416	0.020003
-0.080050	-0.045024	0.035026	0.062537	-0.057538	-0.004999	0.004999	0.019995	0.000003	-0.014996	-0.010284	0.019987
-0.074351	-0.044480	0.029871	0.059416	-0.052111	-0.007305	0.005000	0.019998	-0.000005	-0.015000	-0.009917	0.020011
-0.070433	-0.040197	0.030236	0.055315	-0.050335	-0.004981	0.005002	0.020008	0.000004	-0.015030	-0.010016	0.019992
-0.069038	-0.039352	0.029686	0.054195	-0.049362	-0.004833	0.005000	0.019998	-0.000003	-0.014434	-0.010007	0.020005
-0.065801	-0.040228	0.025573	0.053014	-0.045687	-0.007327	0.004999	0.019994	0.000003	-0.010289	-0.009902	0.020141
-0.058487	-0.034633	0.023854	0.046560	-0.041170	-0.005390	0.005000	0.020006	0.000001	-0.009951	-0.010506	0.024898
-0.057545	-0.035535	0.022009	0.046540	-0.039777	-0.006763	0.005002	0.019999	0.000001	-0.009988	-0.015020	0.024958
-0.050593	-0.033444	0.017149	0.042018	-0.033871	-0.008147	0.005000	0.020016	0.000000	-0.010066	-0.019954	0.020451
-0.060421	-0.036852	0.023569	0.048636	-0.041995	-0.006641	0.004999	0.019973	0.000001	-0.009849	-0.025063	0.019950
-0.153987	-0.072951	0.081036	0.113469	-0.117511	0.004042	0.005000	0.020039	-0.000007	-0.010470	-0.029913	0.020005
-0.114031	-0.071636	0.042395	0.092834	-0.078213	-0.014620	0.005002	0.019950	0.000009	-0.009927	-0.034977	0.020008
-0.067727	-0.069471	-0.001744	0.068599	-0.032992	-0.035607	0.005000	0.020093	-0.000017	-0.005450	-0.034919	0.019998
-0.055546	-0.065622	-0.010076	0.060584	-0.022735	-0.037849	0.004999	0.019832	0.000022	-0.004953	-0.030129	0.019994
-0.044949	-0.065170	-0.020221	0.055060	-0.012364	-0.042695	0.005001	0.020481	-0.000040	-0.005004	-0.030047	0.020000
-0.059498	-0.065104	-0.005606	0.062301	-0.026946	-0.035355	0.005008	0.019925	0.000058	-0.005002	-0.029947	0.020006
-0.064869	-0.060417	0.004451	0.062643	-0.034660	-0.027983	0.004967	0.015456	-0.000095	-0.004992	-0.030125	0.019998
-0.075087	-0.059723	0.015364	0.067405	-0.045226	-0.022180	0.005031	0.014950	0.000167	-0.005041	-0.029656	0.019991
-0.079993	-0.055537	0.024455	0.067765	-0.052224	-0.015541	0.004921	0.015006	-0.000483	-0.004543	-0.025629	0.019998
-0.064771	-0.054994	0.009777	0.059882	-0.037274	-0.022608	0.005104	0.015006	0.000085	-0.000080	-0.024919	0.020008
-0.050239	-0.055560	-0.005320	0.052900	-0.022459	-0.030440	0.004835	0.014994	0.004542	0.000482	-0.025099	0.019996
-0.039149	-0.059668	-0.020519	0.049408	-0.009315	-0.040094	0.005219	0.015042	0.005045	-0.000159	-0.024824	0.019995
-0.025722	-0.060074	-0.034352	0.042898	0.004315	-0.047213	0.004638	0.014549	0.004992	0.000096	-0.025479	0.019992
-0.060894	-0.059985	0.000909	0.060440	-0.030902	-0.029538	0.005426	0.010081	0.005002	-0.000054	-0.024924	0.020014
-0.088231	-0.060005	0.028226	0.074118	-0.058228	-0.015890	-0.001612	0.009529	0.005001	0.000034	-0.020455	0.019986
-0.082830	-0.059986	0.022844	0.071408	-0.052837	-0.018571	-0.002949	0.010146	0.004998	0.000031	-0.019951	0.020009
-0.132453	-0.059967	0.072486	0.096210	-0.102470	0.006260	0.032992	0.009932	0.005004	-0.000439	-0.019999	0.019971
-0.105019	-0.060074	0.044945	0.082546	-0.074982	-0.007564	0.031144	0.010020	0.004971	-0.004922	-0.020042	0.020050
-0.082211	-0.059907	0.022304	0.071059	-0.052257	-0.018802	0.028878	0.010048	0.005585	-0.005475	-0.019414	0.019910
-0.096036	-0.060152	0.035884	0.078094	-0.065960	-0.012134	0.030305	0.009706	0.009692	-0.004824	-0.015314	0.020304
-0.029588	-0.059516	-0.029927	0.044552	0.000170	-0.044722	0.030227	0.005565	0.010096	-0.005100	-0.014912	0.024416
-0.032050	-0.060110	-0.028060	0.046080	-0.001995	-0.044085	0.030096	0.004978	0.009962	-0.004907	-0.015050	0.025041
-0.051319	-0.064538	-0.013219	0.057928	-0.019050	-0.038878	0.025361	0.004983	0.010039	-0.005623	-0.014964	0.024994
-0.094579	-0.065038	0.029541	0.079809	-0.062060	-0.017749	0.025024	0.005005	0.009989	-0.009658	-0.015059	0.024995
-0.134569	-0.064992	0.069576	0.099780	-0.102073	0.002292	0.024988	0.004968	0.010023	-0.010102	-0.014537	0.024997
-0.126265	-0.065029	0.061236	0.095647	-0.093750	-0.001897	0.025005	0.005036	0.009988	-0.009957	-0.010090	0.025010
-0.119434	-0.065003	0.054431	0.092218	-0.086932	-0.005286	0.025069	0.004938	0.010038	-0.010043	-0.009521	0.025005
-0.115280	-0.064995	0.050284	0.090138	-0.082782	-0.007355	0.024683	0.005071	0.009796	-0.009949	-0.010191	0.024947
-0.109585	-0.065003	0.044582	0.087294	-0.077083	-0.010210	0.020584	0.004863	0.005018	-0.010478	-0.009491	0.025458
-0.106199	-0.065038	0.041161	0.085618	-0.073680	-0.011938	0.019966	0.005242	0.000004	-0.014928	-0.005080	0.029933
-0.097679	-0.065000	0.032679	0.081340	-0.065179	-0.016161	0.019991	0.003935	-0.005059	-0.015490	-0.004589	0.030454
-0.092613	-0.065068	0.027545	0.078841	-0.060079	-0.018762	0.020023	0.006044	-0.009974	-0.014881	-0.004999	0.029855
-0.127167	-0.064605	0.062562	0.095886	-0.094865	-0.001021	0.019533	0.023749	-0.015010	-0.015044	-0.005410	0.030028
-0.116616	-0.059492	0.057124	0.088054	-0.086870	-0.001184	0.015090	0.021378	-0.014367	-0.015432	-0.004926	0.030041
-0.103376	-0.055080	0.048296	0.079228	-0.075836	-0.003392	0.014510	0.019074	-0.004859	-0.015195	-0.000509	0.029902
-0.100877	-0.055070	0.045807	0.077974	-0.073342	-0.004632	0.015153	0.020545	0.000262	-0.005025	0.000186	0.030159
-0.083522	-0.049456	0.034066	0.066489	-0.058794	-0.007695	0.014941	0.019390	0.005214	0.005369	-0.000481	0.029709
-0.077645	-0.045643	0.032002	0.061644	-0.054823	-0.006821	0.014627	0.021178	0.015198	0.009905	0.000077	0.030336
-0.066687	-0.044602	0.022086	0.055645	-0.044387	-0.011258	0.015261	0.018842	0.019437	0.019666	0.004538	0.023576
-0.044361	-0.030334	0.014028	0.037348	-0.029195	-0.008153	0.030140	0.026642	0.025794	0.029892	0.005038	0.021324
-0.100884	-0.014841	0.086043	0.057862	-0.093463	0.035601	0.044111	0.063040	0.049453	0.035074	0.004978	0.048207
-0.056636	-0.000693	0.055942	0.028665	-0.056289	0.027625	0.040526	0.061193	0.055491	0.039379	0.004983	0.046844
-0.011185	0.010095	0.021280	0.000545	-0.016232	0.015688	0.034955	0.058794	0.054853	0.040078	0.005537	0.044145
-0.017429	0.020044	0.037473	-0.001308	-0.027451	0.028759	0.030012	0.060509	0.055115	0.040028	0.009883	0.045303
0.037482	0.029918	-0.007564	-0.033700	0.022523	0.011177	0.025444	0.059303	0.054937	0.039961	0.015044	0.044873
0.010583	0.040601	0.030018	-0.025592	-0.009718	0.035309	0.024981	0.055272	0.055107	0.040126	0.019974	0.044651
-0.018868	0.049472	0.068340	-0.015302	-0.043604	0.058906	0.020412	0.054428	0.054889	0.039304	0.025034	0.044832
-0.012590	0.045739	0.058329	-0.016575	-0.035459	0.052034	0.014994	0.055274	0.055347	0.035542	0.029963	0.054664
-0.052796	0.044234	0.097029	0.004281	-0.074913	0.070632	0.009612	0.054453	0.059383	0.034148	0.035093	0.059982
-0.010631	0.040834	0.051465	-0.015101	-0.031048	0.046150	0.005421	0.050133	0.060106	0.030978	0.039343	0.064964
0.033650	0.039318	0.005667	-0.036484	0.013992	0.022492	0.004332	0.049569	0.059938	0.028976	0.040095	0.065423
0.006497	0.035421	0.028924	-0.020959	-0.011213	0.032172	-0.015136	0.049991	0.060070	0.026003	0.039974	0.065110
0.024672	0.034470	0.009798	-0.029571	0.007437	0.022134	-0.029803	0.050407	0.059878	0.024126	0.040031	0.069531
0.034553	0.030111	-0.004442	-0.032332	0.019498	0.012835	-0.026121	0.049944	0.060258	0.026940	0.039990	0.069994
0.022267	0.029593	0.007326	-0.025930	0.007471	0.018459	-0.024302	0.045506	0.058998	0.053443	0.040050	0.070043
0.002446	0.029846	0.027400	-0.016146	-0.012477	0.028623	-0.020496	0.044797	0.060998	0.051451	0.039949	0.069977
-0.062616	0.025577	0.088193	0.018520	-0.075404	0.056885	-0.019294	0.045483	0.078943	0.049044	0.040104	0.070022
-0.015480	0.024332	0.039812	-0.004426	-0.027646	0.032072	-0.015803	0.044925	0.075623	0.045373	0.039901	0.070036
0.022026	0.020649	-0.001377	-0.021337	0.011701	0.009636	-0.014273	0.040478	0.069361	0.044410	0.040202	0.070003
-0.005681	0.019657	0.025338	-0.006988	-0.015510	0.022498	-0.010489	0.039913	0.065266	0.045029	0.039711	0.070028
0.056349	0.015590	-0.040759	-0.035970	0.048554	-0.012585	-0.009284	0.040064	0.059886	0.040406	0.040744	0.069991
0.026326	0.014514	-0.011812	-0.020420	0.019069	0.001351	-0.005752	0.039959	0.055115	0.039599	0.039340	0.070087
-0.013766	0.009691	0.023457	0.002038	-0.018611	0.016574	-0.004359	0.039586	0.049433	0.034708	0.041365	0.069919
-0.012317	0.010130	0.022446	0.001094	-0.017382	0.016288	-0.000104	0.034806	0.040214	0.035066	0.058637	0.070279
-0.057906	0.009941	0.067847	0.023983	-0.062877	0.038894	0.005020	0.029799	0.035337	0.034909	0.041060	0.070071
-0.041409	0.000931	0.042340	0.020239	-0.041874	0.021635	0.009886	0.029503	0.030037	0.024882	0.024220	0.060570
-0.020376	-0.011454	0.008922	0.015915	-0.014649	-0.001266	0.010027	0.025477	0.020327	0.019718	0.005502	0.049872
0.006551	-0.018480	-0.025031	0.005965	0.015791	-0.021755	0.004863	0.024890	0.015102	0.014779	-0.010255	0.040089
0.028108	-0.027359	-0.055467	-0.000375	0.041788	-0.041413	0.000160	0.019564	0.009533	0.005545	-0.014734	0.029901
-0.043429	-0.062924	-0.019495	0.053176	-0.011967	-0.041210	-0.005011	0.015105	0.005048	-0.000020	-0.019692	0.020148
-0.069990	-0.061705	0.008285	0.065847	-0.039137	-0.026710	-0.004860	0.014469	0.004572	-0.005008	-0.019645	0.009706
-0.040451	-0.058916	-0.018464	0.049684	-0.010994	-0.038690	-0.000210	0.010348	0.000068	-0.010036	-0.025090	0.004967
-0.044596	-0.055741	-0.011145	0.050168	-0.016725	-0.033443	0.000455	0.009371	0.000427	-0.014977	-0.030235	0.004583
-0.055340	-0.054251	0.001090	0.054795	-0.028215	-0.026580	0.004968	0.005666	-0.000083	-0.020083	-0.030552	0.000062
-0.070365	-0.065560	0.004805	0.067963	-0.037585	-0.030377	0.004372	0.004427	-0.004559	-0.024919	-0.034511	-0.000501
-0.099740	-0.084156	0.015584	0.091948	-0.057662	-0.034286	-0.004921	0.000148	-0.005024	-0.030162	-0.035086	0.000019
-0.104965	-0.080912	0.024053	0.092939	-0.064509	-0.028430	-0.010293	0.000388	-0.005444	-0.030150	-0.035007	-0.005042
-0.105527	-0.074947	0.030580	0.090237	-0.068054	-0.022183	-0.004884	-0.000075	-0.009953	-0.025652	-0.035016	-0.005010
-0.078401	-0.069926	0.008475	0.074163	-0.043438	-0.030726	-0.000090	-0.004507	-0.010419	-0.024349	-0.035020	-0.004969
-0.062952	-0.065275	-0.002323	0.064114	-0.030315	-0.033799	0.000140	-0.005369	-0.010136	-0.020474	-0.034991	-0.010054
-0.106452	-0.059162	0.047291	0.082807	-0.076872	-0.005935	0.004585	-0.009446	-0.014543	-0.019284	-0.035024	-0.009509
-0.083117	-0.060724	0.022393	0.071920	-0.052755	-0.019165	0.005000	-0.010082	-0.014976	-0.015799	-0.034982	-0.010090
-0.073600	-0.078928	-0.005328	0.076264	-0.034136	-0.042128	0.009645	-0.009462	-0.014524	-0.014247	-0.035058	-0.014552
-0.050677	-0.075963	-0.025286	0.063320	-0.012695	-0.050625	0.014747	-0.005220	-0.010201	-0.010498	-0.034707	-0.015169
-0.029644	-0.074671	-0.045027	0.052157	0.007692	-0.059849	0.015618	-0.000352	-0.010358	-0.009240	-0.030561	-0.019925
-0.054350	-0.075245	-0.020895	0.064797	-0.016728	-0.048070	0.019214	-0.000218	-0.010123	-0.005845	-0.029451	-0.020102
-0.079795	-0.074886	0.004909	0.077340	-0.042352	-0.034989	0.020766	0.004828	-0.005300	-0.004280	-0.025455	-0.019922
-0.115979	-0.075215	0.040764	0.095597	-0.078372	-0.017225	0.024547	0.009036	-0.005586	-0.000622	-0.025135	-0.025198
-0.143584	-0.074970	0.068614	0.109277	-0.106099	-0.003178	0.030759	0.011191	-0.005107	0.000530	-0.019527	-0.024489
-0.121979	-0.075240	0.046738	0.098610	-0.084359	-0.014251	0.034526	0.028857	-0.000941	0.005050	-0.020578	-0.025275
-0.099471	-0.074887	0.024584	0.087179	-0.062027	-0.025151	0.036723	0.051620	0.000386	0.004851	-0.028439	-0.029488
-0.060246	-0.075689	-0.015443	0.067968	-0.022402	-0.045566	0.043471	0.068026	-0.001428	-0.016055	-0.036943	-0.030504
-0.025878	-0.074237	-0.048359	0.050057	0.011240	-0.061298	0.052402	0.088082	0.001191	-0.028845	-0.057623	-0.029515
-0.049980	-0.061449	-0.011469	0.055715	-0.019256	-0.036459	0.077167	0.146932	0.032757	-0.012469	-0.047144	-0.031062
-0.079290	-0.048613	0.030676	0.063951	-0.054983	-0.008968	0.087912	0.188675	0.071439	0.012184	-0.032942	-0.028387
-0.076170	0.004371	0.080542	0.035899	-0.078356	0.042456	0.112379	0.283606	0.169059	0.097983	0.028508	0.018757
-0.043929	0.059398	0.103328	-0.007735	-0.073628	0.081363	0.107912	0.356353	0.265773	0.181482	0.095843	0.065575
0.069812	0.121343	0.051531	-0.095578	0.009141	0.086437	0.097882	0.405554	0.344889	0.258830	0.154921	0.104956
0.188929	0.187944	-0.000985	-0.188436	0.094957	0.093479	0.057822	0.429122	0.425128	0.346896	0.225660	0.155437
0.318401	0.248025	-0.070376	-0.283213	0.194389	0.088824	0.007655	0.366598	0.491487	0.433914	0.314921	0.229662
0.445538	0.306536	-0.139002	-0.376037	0.292270	0.083767	-0.092517	0.300737	0.519011	0.497497	0.400570	0.309817
0.486550	0.340622	-0.145928	-0.413586	0.316239	0.097347	-0.181693	0.194563	0.497442	0.542927	0.474821	0.369568
0.570492	0.399015	-0.171478	-0.484753	0.370985	0.113769	-0.259429	0.042507	0.473590	0.543103	0.524869	0.436525
0.532618	0.386292	-0.146325	-0.459455	0.339471	0.119984	-0.340251	-0.133014	0.397401	0.539529	0.562462	0.493202
0.490468	0.348650	-0.141818	-0.419559	0.316143	0.103416	-0.424982	-0.391665	0.192521	0.409143	0.516495	0.477206
0.509699	0.226015	-0.283684	-0.367857	0.396691	-0.028834	-0.530452	-0.699936	-0.117572	0.156768	0.360027	0.458663
0.404270	0.176399	-0.227871	-0.290334	0.316070	-0.025736	-0.604608	-1.077515	-0.337435	-0.005150	0.296354	0.441269
0.246860	0.147315	-0.099546	-0.197087	0.173203	0.023884	-0.642184	-1.323376	-0.443656	-0.075405	0.247025	0.424269
0.174026	0.113422	-0.060603	-0.143724	0.117315	0.026409	-0.668242	-1.368843	-0.502369	-0.139600	0.194085	0.401641
0.110634	0.085294	-0.025340	-0.097964	0.067987	0.029977	-0.627510	-1.293151	-0.537968	-0.195292	0.150822	0.379223
0.055647	0.039471	-0.016177	-0.047559	0.035912	0.011647	-0.584030	-1.199594	-0.538269	-0.245570	0.089211	0.331166
0.002859	0.000669	-0.002190	-0.001764	0.002525	-0.000761	-0.541469	-1.086805	-0.533056	-0.269701	0.035780	0.284763
-0.072440	-0.020598	0.051842	0.046519	-0.062141	0.015622	-0.493909	-0.975710	-0.492821	-0.260975	0.019060	0.249925
-0.091831	-0.039838	0.051992	0.065834	-0.071911	0.006077	-0.431087	-0.850446	-0.447193	-0.249367	0.005496	0.215016
-0.093414	-0.045489	0.047925	0.069452	-0.070669	0.001218	-0.369362	-0.674395	-0.362690	-0.210907	-0.004868	0.189656
-0.091599	-0.045169	0.046430	0.068384	-0.069015	0.000631	-0.310270	-0.526545	-0.288761	-0.170007	-0.020461	0.164778
-0.094087	-0.049642	0.044446	0.071864	-0.069266	-0.002598	-0.249506	-0.427889	-0.226204	-0.150487	-0.034374	0.134642
-0.091001	-0.050684	0.040316	0.070843	-0.065659	-0.005184	-0.184588	-0.312311	-0.179174	-0.134969	-0.046709	0.105213
-0.098821	-0.059509	0.039313	0.079165	-0.069067	-0.010098	-0.125511	-0.232615	-0.140907	-0.115534	-0.073584	0.089502
-0.110944	-0.075289	0.035655	0.093117	-0.073299	-0.019817	-0.083892	-0.165872	-0.104412	-0.099792	-0.066246	0.080157
-0.129763	-0.094718	0.035044	0.112241	-0.082404	-0.029837	-0.045743	-0.109042	-0.075014	-0.085558	-0.058860	0.069226
-0.083689	-0.053058	0.030630	0.068374	-0.057159	-0.011214	-0.034447	-0.061085	-0.054307	-0.074952	-0.055391	0.055698
-0.048343	-0.018364	0.029979	0.033353	-0.039161	0.005808	-0.025459	-0.038752	-0.035041	-0.064979	-0.049841	0.044872
-0.065705	-0.039984	0.025721	0.052845	-0.045713	-0.007131	-0.014570	-0.024737	-0.014686	-0.054829	-0.045126	0.034883
-0.044325	-0.020241	0.024084	0.032283	-0.034205	0.001922	-0.005036	-0.005163	0.000227	-0.045073	-0.039978	0.029671
-0.090968	-0.070318	0.020650	0.080643	-0.055809	-0.024834	0.004763	0.010002	0.004936	-0.034981	-0.035176	0.030132
-0.092311	-0.073354	0.018957	0.082833	-0.055634	-0.027198	0.014709	0.025206	0.004989	-0.030123	-0.034456	0.029870
-0.104785	-0.068024	0.036760	0.086404	-0.070772	-0.015632	0.035579	0.040014	0.005397	-0.029817	-0.035050	0.030011
-0.144674	-0.071021	0.073653	0.107848	-0.109164	0.001316	0.054388	0.045289	0.009481	-0.030445	-0.029966	0.029946
-0.126122	-0.069391	0.056731	0.097757	-0.091427	-0.006330	0.050520	0.045636	0.010013	-0.029891	-0.029948	0.030028
-0.104756	-0.070410	0.034345	0.087583	-0.069550	-0.018033	0.049549	0.049419	0.010078	-0.025506	-0.030115	0.029968
-0.099986	-0.069697	0.030288	0.084841	-0.065137	-0.019705	0.050138	0.050441	0.010072	-0.024772	-0.024771	0.029991
-0.094642	-0.070191	0.024451	0.082416	-0.059546	-0.022870	0.049981	0.054329	0.015041	-0.025468	-0.025744	0.029983
-0.091120	-0.069962	0.021159	0.080541	-0.056139	-0.024401	0.049997	0.055750	0.014935	-0.024925	-0.024285	0.030046
-0.083804	-0.069467	0.014338	0.076636	-0.049071	-0.027565	0.050097	0.059400	0.015123	-0.020447	-0.026311	0.029415
-0.086929	-0.065310	0.021619	0.076119	-0.054274	-0.021845	0.049839	0.060100	0.019731	-0.019946	-0.044102	0.025307
-0.122755	-0.064851	0.057904	0.093803	-0.090329	-0.003474	0.050293	0.059987	0.020255	-0.020001	-0.041074	0.024910
-0.121979	-0.065157	0.056822	0.093568	-0.089400	-0.004167	0.049183	0.059980	0.019204	-0.020039	-0.039219	0.025052
-0.118426	-0.064854	0.053572	0.091640	-0.085999	-0.005641	0.050541	0.060071	0.020520	-0.019418	-0.040252	0.024971
-0.115892	-0.065175	0.050717	0.090533	-0.083304	-0.007229	0.053887	0.060116	0.023966	-0.015307	-0.039860	0.025008
-0.113883	-0.064718	0.049165	0.089300	-0.081524	-0.007776	0.056563	0.075474	0.026101	-0.014907	-0.040090	0.024986
-0.111724	-0.065891	0.045833	0.088807	-0.078779	-0.010029	0.078661	0.094355	0.043740	-0.015085	-0.039958	0.025016
-0.108669	-0.064316	0.044353	0.086493	-0.076511	-0.009982	0.076221	0.090587	0.040742	-0.014382	-0.040045	0.024992
-0.106715	-0.066470	0.040245	0.086592	-0.073480	-0.013112	0.074230	0.089504	0.039407	-0.010344	-0.039974	0.024994
-0.133726	-0.093528	0.040198	0.113627	-0.086962	-0.026665	0.075467	0.090218	0.040377	-0.009869	-0.040013	0.024995
-0.120096	-0.081419	0.038677	0.100758	-0.079387	-0.021371	0.074079	0.089914	0.039123	-0.010097	-0.040043	0.025010
-0.100697	-0.065257	0.035440	0.082977	-0.068069	-0.014908	0.070861	0.090087	0.035823	-0.009911	-0.039416	0.024998
-0.083722	-0.049362	0.034360	0.066542	-0.059041	-0.007501	0.069599	0.089936	0.034630	-0.009932	-0.035303	0.024994
-0.066920	-0.036635	0.030285	0.051778	-0.048603	-0.003175	0.070609	0.090040	0.035595	-0.004987	-0.034916	0.024998
-0.083265	-0.053254	0.030011	0.068260	-0.056638	-0.011622	0.069871	0.090015	0.034866	-0.005013	-0.035047	0.025010
-0.040980	-0.015568	0.025412	0.028274	-0.033196	0.004922	0.065507	0.090017	0.030502	-0.004973	-0.034987	0.024998
-0.000190	0.024565	0.024755	-0.012188	-0.012472	0.024660	0.064914	0.089969	0.029924	-0.000096	-0.034982	0.024994
-0.009584	0.010541	0.020125	-0.000479	-0.014855	0.015333	0.065006	0.089994	0.030009	0.000022	-0.035032	0.024998
-0.020470	-0.000318	0.020152	0.010394	-0.020311	0.009917	0.065054	0.090036	0.030039	-0.000604	-0.034954	0.025010
-0.029892	-0.010158	0.019734	0.020025	-0.024813	0.004788	0.064401	0.089987	0.029413	-0.004990	-0.035103	0.024998
-0.008796	-0.019728	-0.010932	0.014262	0.001068	-0.015330	0.060309	0.089983	0.025300	-0.009964	-0.034800	0.024994
-0.001715	-0.040980	-0.039265	0.021348	0.018775	-0.040122	0.059882	0.089982	0.024897	-0.014931	-0.035524	0.024998
-0.052264	-0.064128	-0.011864	0.058196	-0.020200	-0.037996	0.060119	0.090043	0.025083	-0.014986	-0.034861	0.025010
-0.071610	-0.056105	0.015505	0.063858	-0.043558	-0.020300	0.059340	0.089968	0.024376	-0.009877	-0.030567	0.024995
-0.089287	-0.049069	0.040218	0.069178	-0.064753	-0.004425	0.055350	0.089989	0.020314	-0.005347	-0.029753	0.024994
-0.100371	-0.040924	0.059447	0.070648	-0.079909	0.009261	0.054796	0.089942	0.019876	-0.004432	-0.030527	0.024992
-0.089599	-0.034157	0.055442	0.061878	-0.072520	0.010642	0.055242	0.090101	0.020073	-0.000547	-0.029867	0.025016
-0.080310	-0.025751	0.054560	0.053030	-0.067435	0.014405	0.054040	0.089819	0.019910	-0.000257	-0.025550	0.024986
-0.074755	-0.019628	0.055127	0.047192	-0.064941	0.017750	0.055688	0.090656	0.020218	0.004980	-0.024776	0.025009
-0.065228	-0.010280	0.054948	0.037754	-0.060088	0.022334	0.069101	0.099581	0.024919	0.010247	-0.025489	0.024963
-0.059379	-0.004318	0.055061	0.031849	-0.057220	0.025372	0.060090	0.095148	0.030060	0.010539	-0.024922	0.025061
-0.055135	-0.000124	0.055012	0.027629	-0.055074	0.027444	0.055987	0.095389	0.034938	0.014369	-0.020456	0.024893
-0.050298	0.004744	0.055042	0.022777	-0.052670	0.029893	0.079202	0.114417	0.040105	0.015902	-0.019945	0.025330
-0.054969	0.000029	0.054997	0.027470	-0.054983	0.027513	0.085394	0.120337	0.044454	0.034086	-0.020001	0.029375
-0.060003	-0.004974	0.055029	0.032489	-0.057516	0.025027	0.084874	0.119909	0.045038	0.040679	-0.020039	0.030104
-0.065010	-0.010012	0.054998	0.037511	-0.060004	0.022493	0.085096	0.120570	0.045007	0.039730	-0.019418	0.029895
-0.069895	-0.014927	0.054968	0.042411	-0.062431	0.020020	0.084935	0.124786	0.044994	0.040175	-0.015307	0.030165
-0.075322	-0.020306	0.055016	0.047814	-0.065169	0.017355	0.085042	0.124609	0.045005	0.039901	-0.014907	0.029509
-0.080006	-0.025023	0.054984	0.052514	-0.067495	0.014981	0.085010	0.125087	0.045018	0.040093	-0.015085	0.030106
-0.075166	-0.020110	0.055056	0.047638	-0.065111	0.017473	0.085020	0.130054	0.045012	0.039962	-0.014382	0.034529
-0.074657	-0.019833	0.054824	0.047245	-0.064741	0.017495	0.084975	0.135020	0.044946	0.040033	-0.010343	0.035059
-0.074689	-0.020474	0.054215	0.047581	-0.064452	0.016870	0.085005	0.139409	0.045454	0.039988	-0.009880	0.034964
-0.070042	-0.014869	0.055173	0.042456	-0.062608	0.020152	0.085042	0.140746	0.049935	0.040028	-0.010089	0.035059
-0.070076	-0.014654	0.055422	0.042365	-0.062749	0.020384	0.084974	0.144336	0.050471	0.039997	-0.009936	0.034910
-0.074989	-0.015088	0.059901	0.045038	-0.067445	0.022406	0.085002	0.145331	0.049814	0.039990	-0.009910	0.035310
-0.074534	-0.014973	0.059561	0.044753	-0.067047	0.022294	0.084942	0.149424	0.050083	0.039999	-0.005053	0.039403
-0.075169	-0.015026	0.060142	0.045098	-0.067656	0.022558	0.085094	0.150181	0.049953	0.040009	-0.004944	0.040051
-0.079459	-0.015007	0.064451	0.047233	-0.071955	0.024722	0.084881	0.154479	0.050035	0.039987	-0.005107	0.039975
-0.080242	-0.015007	0.065235	0.047625	-0.072738	0.025114	0.085145	0.160131	0.049953	0.039980	0.000092	0.039989
-0.079354	-0.015047	0.064307	0.047201	-0.071830	0.024630	0.084482	0.164830	0.049950	0.039977	-0.000581	0.039965
-0.075242	-0.014973	0.060269	0.045108	-0.067755	0.022648	0.085145	0.170718	0.050625	0.040025	0.000176	0.040035
-0.069744	-0.015092	0.054652	0.042418	-0.062198	0.019780	0.089460	0.180057	0.054997	0.039972	0.004410	0.039938
-0.065421	-0.014865	0.050556	0.040143	-0.057989	0.017845	0.090308	0.185136	0.059817	0.039975	0.005243	0.040073
-0.059360	-0.015569	0.043791	0.037464	-0.051575	0.014111	0.094382	0.184923	0.065474	0.039991	0.004202	0.039576
-0.056521	-0.014110	0.042412	0.035316	-0.049467	0.014151	0.095832	0.190361	0.069510	0.039602	0.005198	0.040316
-0.038239	-0.001217	0.037022	0.019728	-0.037631	0.017903	0.104388	0.204403	0.070274	0.040178	0.024372	0.054477
-0.007731	0.010656	0.018387	-0.001463	-0.013059	0.014522	0.115114	0.220170	0.084373	0.055453	0.040239	0.075089
-0.032429	0.024061	0.056490	0.004184	-0.044459	0.040276	0.119324	0.224407	0.079729	0.074421	0.044554	0.079565
-0.021777	0.035988	0.057765	-0.007105	-0.039771	0.046877	0.120205	0.225434	0.075464	0.070354	0.050925	0.080282
-0.004108	0.049662	0.053770	-0.022777	-0.028939	0.051716	0.119841	0.239808	0.094345	0.069789	0.054490	0.084168
0.009429	0.060820	0.051391	-0.035125	-0.020981	0.056106	0.120220	0.234931	0.095103	0.065152	0.055733	0.085948
0.004627	0.053064	0.048437	-0.028845	-0.021905	0.050750	0.119447	0.235960	0.095264	0.065031	0.059458	0.088928
0.005392	0.052531	0.047139	-0.028962	-0.020874	0.049835	0.120249	0.258991	0.119776	0.090531	0.061620	0.091634
0.044483	0.087390	0.042907	-0.065936	0.000788	0.065148	0.124296	0.271023	0.134540	0.104042	0.078569	0.108079
0.055000	0.102818	0.047818	-0.078909	0.003591	0.075318	0.126202	0.284094	0.140970	0.111270	0.096435	0.116554
0.030554	0.126942	0.096388	-0.078748	-0.032917	0.111665	0.143871	0.280216	0.158800	0.138975	0.118353	0.138115
0.019973	0.112600	0.092628	-0.066287	-0.036327	0.102614	0.140666	0.279632	0.155840	0.136224	0.111333	0.135898
0.004677	0.088046	0.083369	-0.046362	-0.039346	0.085707	0.134338	0.279844	0.149056	0.129088	0.104230	0.129012
-0.008655	0.072050	0.080706	-0.031697	-0.044680	0.076378	0.130382	0.280611	0.145721	0.125467	0.100075	0.125853
-0.027507	0.047034	0.074541	-0.009764	-0.051024	0.060787	0.129789	0.278938	0.139050	0.118806	0.094160	0.123981
-0.010589	0.059805	0.070395	-0.024608	-0.040492	0.065100	0.125217	0.281887	0.152003	0.136578	0.120852	0.136474
0.095478	0.160562	0.065085	-0.128020	0.015197	0.112824	0.119849	0.313356	0.193313	0.178586	0.164186	0.173630
0.103007	0.172907	0.069900	-0.137957	0.016553	0.121403	0.120113	0.306512	0.191328	0.185999	0.170597	0.181006
0.093304	0.168915	0.075611	-0.131110	0.008847	0.122263	0.114454	0.298629	0.189134	0.189944	0.174409	0.185016
0.100239	0.175857	0.075619	-0.138048	0.012310	0.125738	0.110180	0.295621	0.190442	0.195829	0.180311	0.190255
0.100208	0.174921	0.074713	-0.137565	0.012747	0.124817	0.109500	0.289684	0.185199	0.194692	0.180274	0.190330
0.104952	0.180268	0.075316	-0.142610	0.014818	0.127792	0.105149	0.285268	0.185091	0.190160	0.185114	0.194858
0.105621	0.180084	0.074463	-0.142852	0.015579	0.127273	0.105314	0.279353	0.184955	0.190362	0.189878	0.194959
0.093767	0.169861	0.076094	-0.131814	0.008837	0.122978	0.105173	0.270218	0.184513	0.190110	0.195101	0.195152
0.096971	0.165672	0.068702	-0.131321	0.014135	0.117187	0.099560	0.259950	0.180520	0.185375	0.194940	0.195460
0.127419	0.194649	0.067230	-0.161034	0.030094	0.130940	0.100094	0.250006	0.180046	0.185143	0.190003	0.200168
0.102176	0.209497	0.107321	-0.155836	-0.002573	0.158409	0.099833	0.239985	0.179412	0.184364	0.185024	0.205136
0.099187	0.200450	0.101263	-0.149818	-0.001038	0.150856	0.089971	0.230111	0.175778	0.180821	0.180123	0.200578
0.100871	0.189982	0.089111	-0.145426	0.005880	0.139546	0.084609	0.219960	0.174857	0.179827	0.174886	0.194933
0.094605	0.180108	0.085503	-0.137357	0.004551	0.132806	0.080070	0.209992	0.175245	0.180315	0.170462	0.190021
0.095496	0.169586	0.074090	-0.132541	0.010703	0.121838	0.074973	0.199954	0.175074	0.179606	0.170015	0.185004
0.094463	0.160125	0.065662	-0.127294	0.014401	0.112893	0.070007	0.190147	0.165591	0.165684	0.160654	0.180107
0.096506	0.154580	0.058074	-0.125543	0.019216	0.106327	0.065030	0.179826	0.154889	0.154403	0.149802	0.174464
0.088538	0.144965	0.056427	-0.116751	0.016056	0.100696	0.059999	0.170459	0.145033	0.145204	0.140191	0.165084
0.056227	0.135495	0.079268	-0.095861	-0.011521	0.107382	0.060458	0.164762	0.134964	0.134869	0.129503	0.154985
0.054698	0.129939	0.075242	-0.092318	-0.010272	0.102590	0.059897	0.149961	0.125066	0.125131	0.120148	0.145057
0.050109	0.120491	0.070383	-0.085300	-0.010137	0.095437	0.055522	0.139715	0.115507	0.115451	0.114518	0.134999
0.045039	0.109909	0.064871	-0.077474	-0.009916	0.087390	0.054764	0.129649	0.109857	0.109951	0.105164	0.125084
0.044919	0.105044	0.060125	-0.074981	-0.007603	0.082585	0.055479	0.115774	0.105471	0.104968	0.100310	0.119941
0.034938	0.095047	0.060109	-0.064993	-0.012586	0.077578	0.054932	0.103869	0.104993	0.100131	0.095193	0.110104
0.030125	0.084950	0.054826	-0.057537	-0.012351	0.069888	0.050451	0.095657	0.100349	0.094795	0.084499	0.099887
0.030043	0.080048	0.050005	-0.055045	-0.009981	0.065026	0.049927	0.104000	0.095299	0.090574	0.080164	0.095054
0.024365	0.069508	0.045143	-0.046937	-0.010389	0.057326	0.050061	0.096005	0.094680	0.089405	0.074668	0.084456
0.021043	0.060111	0.039068	-0.040577	-0.009013	0.049590	0.049365	0.084777	0.080566	0.076278	0.060572	0.075135
0.013420	0.054543	0.041123	-0.033981	-0.013852	0.047833	0.045557	0.075130	0.069490	0.064214	0.049443	0.070026
-0.023610	0.044963	0.068574	-0.010676	-0.046092	0.056769	0.044989	0.064825	0.059900	0.050401	0.035206	0.064925
-0.025650	0.035028	0.060678	-0.004689	-0.043164	0.047853	0.044436	0.055115	0.045391	0.039426	0.024840	0.060018
-0.030046	0.025278	0.055324	0.002384	-0.042685	0.040301	0.040671	0.045030	0.035163	0.025102	0.010360	0.054967
-0.028681	0.014987	0.043669	0.006847	-0.036175	0.029328	0.039929	0.040037	0.024684	0.015038	-0.000048	0.050567
-0.057717	-0.015082	0.042635	0.036400	-0.050176	0.013777	0.040047	0.040082	0.019912	0.010096	0.014855	0.049652
-0.136165	-0.039766	0.096400	0.087965	-0.116282	0.028317	0.039534	0.039463	0.020034	0.010351	0.025019	0.045071
-0.107544	-0.030167	0.077377	0.068856	-0.092460	0.023605	0.035103	0.035158	0.019990	0.009975	0.015375	0.039982
-0.074130	-0.020220	0.053910	0.047175	-0.064020	0.016845	0.034502	0.034441	0.019418	0.005372	0.009595	0.034960
-0.070108	-0.014781	0.055327	0.042445	-0.062717	0.020273	0.035207	0.035056	0.015263	0.005011	0.004813	0.030214
-0.059918	-0.005172	0.054746	0.032545	-0.057332	0.024787	0.034440	0.029934	0.014911	0.004498	-0.004505	0.029505
-0.049762	0.005390	0.055152	0.022186	-0.052457	0.030271	0.030157	0.030015	0.015060	0.000122	-0.009986	0.025094
-0.045355	0.009583	0.054938	0.017886	-0.050147	0.032261	0.029474	0.030035	0.014398	-0.000530	-0.015075	0.024511
-0.060059	-0.004979	0.055080	0.032519	-0.057570	0.025051	0.030182	0.024927	0.010301	0.000061	-0.019785	0.025138
-0.074463	-0.019482	0.054980	0.046972	-0.064722	0.017749	0.029892	0.025517	0.009930	-0.005047	-0.020057	0.024922
-0.075411	-0.035495	0.039915	0.055453	-0.057663	0.002210	0.030072	0.024883	0.010004	-0.004998	-0.019986	0.025026
-0.080373	-0.049155	0.031219	0.064764	-0.055796	-0.008968	0.029963	0.020481	0.010066	-0.004964	-0.020032	0.025039
-0.053502	-0.035946	0.017556	0.044724	-0.035529	-0.009195	0.030002	0.019958	0.009689	-0.010048	-0.020006	0.024702
-0.037549	-0.024172	0.013377	0.030860	-0.025463	-0.005398	0.030008	0.019589	0.005593	-0.009509	-0.020011	0.020562
-0.087097	-0.010776	0.076320	0.048937	-0.081708	0.032772	0.029978	0.015033	0.004941	-0.010086	-0.020010	0.019984
-0.077119	0.000608	0.077727	0.038256	-0.077423	0.039167	0.030079	0.014620	0.005079	-0.014584	-0.020008	0.019997
-0.058484	0.014986	0.073471	0.021749	-0.065977	0.044228	0.029681	0.014823	0.004706	-0.014927	-0.019977	0.019997
-0.050952	0.024663	0.075616	0.013144	-0.063284	0.050139	0.025580	0.010525	0.000557	-0.015600	-0.020020	0.019993
-0.054697	0.020497	0.075194	0.017100	-0.064945	0.047845	0.024976	0.009967	0.000011	-0.019333	-0.019967	0.020041
-0.060203	0.014936	0.075139	0.022633	-0.067671	0.045038	0.025003	0.010062	-0.000065	-0.020072	-0.020057	0.019416
-0.059927	0.010026	0.069952	0.024951	-0.064939	0.039989	0.024989	0.009843	0.000161	-0.019947	-0.019900	0.015310
-0.064723	0.005428	0.070151	0.029648	-0.067437	0.037789	0.024998	0.010471	-0.000649	-0.020440	-0.020125	0.014911
-0.064898	0.005035	0.069933	0.029932	-0.067416	0.037484	0.025008	0.009918	-0.004241	-0.024956	-0.019788	0.015049
-0.069760	0.000320	0.070080	0.034720	-0.069920	0.035200	0.024998	0.005461	-0.005727	-0.025422	-0.020365	0.014971
-0.074932	-0.004922	0.070011	0.039927	-0.072471	0.032544	0.024984	0.004931	-0.009517	-0.024938	-0.019091	0.015015
-0.080152	-0.010613	0.069539	0.045382	-0.074846	0.029463	0.025005	0.005042	-0.010738	-0.024685	-0.021104	0.014981
-0.078949	-0.013837	0.065112	0.046393	-0.072030	0.025638	0.024998	0.004954	-0.014225	-0.024922	-0.038693	0.015046
-0.081231	-0.016695	0.064536	0.048963	-0.072883	0.023920	0.025012	0.005096	-0.015722	-0.029754	-0.035790	0.014410
-0.103993	-0.038918	0.065075	0.071455	-0.084534	0.013079	0.024939	0.004679	-0.019578	-0.029722	-0.034154	0.010310
-0.080441	-0.015408	0.065033	0.047924	-0.072737	0.024813	0.025049	0.000593	-0.020611	-0.030707	-0.030591	0.009915
-0.055039	0.009305	0.064344	0.022867	-0.059691	0.036824	0.024905	-0.000048	-0.024845	-0.029356	-0.029317	0.010037
-0.095459	-0.035416	0.060043	0.065437	-0.077751	0.012313	0.025161	0.000025	-0.025041	-0.031246	-0.040486	0.009989
-0.133882	-0.074529	0.059353	0.104205	-0.096617	-0.007588	0.024611	-0.000073	-0.019962	-0.049220	-0.059158	0.009989
-0.070109	-0.009462	0.060647	0.039786	-0.065378	0.025592	0.024941	0.000312	-0.020509	-0.045902	-0.056103	0.010027
-0.005424	0.053287	0.058711	-0.023931	-0.032068	0.055999	0.029129	0.000018	-0.019906	-0.044860	-0.054207	0.009953
-0.056452	0.005568	0.062020	0.025442	-0.059236	0.033794	0.025874	-0.010469	-0.015465	-0.045088	-0.055278	0.010088
-0.101769	-0.044618	0.057151	0.073194	-0.079460	0.006266	0.019270	-0.019717	-0.015010	-0.040013	-0.054853	0.009830
-0.069223	-0.035366	0.033856	0.052294	-0.051539	-0.000755	0.030711	-0.014967	-0.014537	-0.040125	-0.055091	0.010479
-0.117015	-0.030240	0.086775	0.073627	-0.101895	0.028268	0.058711	-0.010070	-0.010122	-0.039916	-0.054993	0.009918
-0.094860	-0.024736	0.070124	0.059798	-0.082492	0.022694	0.056096	-0.005464	-0.009487	-0.039579	-0.054478	0.005457
-0.066977	-0.015375	0.051602	0.041176	-0.059290	0.018114	0.054319	-0.004886	-0.010056	-0.035088	-0.050267	0.004944
-0.121757	-0.009224	0.112533	0.065490	-0.117145	0.051655	0.055415	0.000416	-0.004955	-0.035453	-0.049969	0.005006
-0.087032	-0.005133	0.081899	0.046083	-0.084466	0.038383	0.054109	0.004934	-0.004991	-0.034906	-0.049997	0.004997
-0.070123	-0.020070	0.050053	0.045096	-0.060088	0.014991	0.050840	0.005457	-0.005052	-0.030522	-0.050065	0.004996
-0.068816	-0.030123	0.038693	0.049470	-0.053755	0.004285	0.049621	0.009939	0.000098	-0.029792	-0.049833	0.004991
-0.041716	-0.009202	0.032514	0.025459	-0.037115	0.011656	0.050600	0.014872	-0.000532	-0.030472	-0.050474	0.004993
-0.063319	0.004009	0.067328	0.029655	-0.065324	0.035668	0.049870	0.015036	0.000163	-0.029932	-0.049931	0.005003
-0.091895	-0.029480	0.062415	0.060688	-0.077155	0.016467	0.045510	0.010306	0.004461	-0.025448	-0.045468	0.004991
-0.113224	-0.059768	0.053456	0.086496	-0.083340	-0.003156	0.044919	0.010287	0.005215	-0.024949	-0.044916	0.004957
-0.106984	-0.055635	0.051349	0.081310	-0.079166	-0.002143	0.045008	0.010099	0.004358	-0.024997	-0.045050	0.005428
-0.097869	-0.055020	0.042849	0.076444	-0.070359	-0.006085	0.045045	0.005614	0.000732	-0.025042	-0.044951	0.009954
-0.098255	-0.055050	0.043205	0.076653	-0.070730	-0.005923	0.044418	0.004865	-0.000671	-0.024414	-0.045104	0.010401
-0.079947	-0.050023	0.029924	0.064985	-0.054935	-0.010050	0.040301	0.005480	-0.004610	-0.020303	-0.044813	0.010120
-0.067307	-0.050498	0.016809	0.058903	-0.042058	-0.016845	0.039905	0.014373	-0.005559	-0.019919	-0.045501	0.014537
-0.162810	-0.049821	0.112988	0.106315	-0.137899	0.031584	0.040095	0.020602	-0.009893	-0.020040	-0.044909	0.014936
-0.139631	-0.040494	0.099138	0.090063	-0.119385	0.029322	0.039361	0.030155	-0.009947	-0.019982	-0.040515	0.015079
-0.102752	-0.029993	0.072759	0.066373	-0.087756	0.021383	0.035345	0.035117	-0.005109	-0.020033	-0.039678	0.015052
-0.096417	-0.025067	0.071349	0.060742	-0.083883	0.023141	0.034831	0.034900	-0.005058	-0.019569	-0.035557	0.020004
-0.084123	-0.014986	0.069137	0.049555	-0.076630	0.027076	0.035148	0.035087	-0.004928	-0.015041	-0.034500	0.020001
-0.075657	-0.004984	0.070673	0.040320	-0.073165	0.032844	0.034847	0.034960	-0.005128	-0.014602	-0.029727	0.020018
-0.064428	0.000067	0.064494	0.032181	-0.064461	0.032281	0.035014	0.035035	-0.004654	-0.014997	-0.030007	0.024922
-0.055728	0.010135	0.065862	0.022796	-0.060795	0.037999	0.029838	0.034987	-0.000630	-0.015377	-0.030229	0.024959
-0.044776	0.019854	0.064631	0.012461	-0.054703	0.042243	0.030268	0.035030	0.000093	-0.014984	-0.025570	0.025027
-0.030473	0.030340	0.060813	0.000066	-0.045643	0.045577	0.029441	0.035000	-0.000101	-0.010404	-0.024367	0.025557
-0.024396	0.034911	0.059307	-0.005258	-0.041851	0.047109	0.031110	0.035002	0.000170	-0.009984	-0.020406	0.029712
-0.024968	0.030023	0.054991	-0.002527	-0.039980	0.042507	0.053366	0.034999	-0.000481	-0.009961	-0.019281	0.030076
-0.029291	0.025018	0.054309	0.002137	-0.041800	0.039664	0.051268	0.035014	0.000086	-0.010053	-0.015763	0.030018
-0.030163	0.020596	0.050759	0.004784	-0.040461	0.035677	0.049270	0.034997	0.004543	-0.009903	-0.014796	0.029430
-0.029597	0.019745	0.049343	0.004926	-0.039470	0.034544	0.050168	0.034991	0.005052	-0.010309	-0.015349	0.025366
-0.030137	0.014845	0.044982	0.007646	-0.037560	0.029914	0.044898	0.034997	0.004999	-0.014417	-0.019360	0.024449
-0.034677	0.009675	0.044352	0.012501	-0.039515	0.027013	0.045066	0.035014	0.004974	-0.015037	-0.020095	0.020166
-0.029893	0.010744	0.040637	0.009575	-0.035265	0.025690	0.045021	0.034997	0.005582	-0.014994	-0.019888	0.019469
-0.035251	0.004326	0.039577	0.015462	-0.037414	0.021952	0.039963	0.034991	0.009692	-0.014997	-0.020307	0.020078
-0.033994	0.001605	0.035599	0.016195	-0.034797	0.018602	0.040502	0.034997	0.010088	-0.014999	-0.024407	0.014947
-0.036242	-0.001807	0.034435	0.019024	-0.035339	0.016314	0.039915	0.035015	0.009967	-0.015008	-0.025042	0.015018
-0.063187	-0.033359	0.029827	0.048273	-0.046507	-0.001766	0.035456	0.034982	0.010020	-0.015000	-0.024997	0.015029
-0.056092	-0.026536	0.029556	0.041314	-0.042824	0.001510	0.034993	0.035001	0.010038	-0.015001	-0.024949	0.009952
-0.044025	-0.018657	0.025369	0.031341	-0.034697	0.003356	0.034528	0.034966	0.009554	-0.014991	-0.025448	0.010489
-0.040750	-0.015440	0.025311	0.028095	-0.033030	0.004936	0.030133	0.035050	0.005082	-0.015009	-0.029935	0.009918
-0.028733	-0.009762	0.018971	0.019248	-0.023852	0.004604	0.029466	0.034940	0.004523	-0.014990	-0.030471	0.005447
-0.026712	-0.005122	0.021590	0.015917	-0.024151	0.008234	0.030074	0.035068	0.005166	-0.014996	-0.029801	0.004823
-0.053290	0.000055	0.053345	0.026617	-0.053317	0.026700	0.024911	0.034864	0.004908	-0.014984	-0.030511	0.000065
-0.046328	0.005044	0.051372	0.020642	-0.048850	0.028208	0.025063	0.035256	0.005060	-0.015018	-0.034929	-0.000069
-0.033975	0.009833	0.043808	0.012071	-0.038891	0.026820	0.024947	0.033964	0.004960	-0.014967	-0.035425	0.000083
-0.025456	0.015618	0.041074	0.004919	-0.033265	0.028346	0.020090	0.036031	0.005021	-0.015059	-0.034969	-0.005098
-0.013730	0.019384	0.033113	-0.002827	-0.023422	0.026248	0.020033	0.053817	0.004984	-0.014667	-0.034627	-0.004474
-0.031550	0.000384	0.031934	0.015583	-0.031742	0.016159	0.019941	0.051320	0.005005	-0.014999	-0.035034	-0.005138
-0.037097	-0.015256	0.021842	0.026177	-0.029470	0.003293	0.020599	0.049222	0.004989	-0.025439	-0.039587	-0.009512
-0.029169	-0.030495	-0.001326	0.029832	-0.013921	-0.015910	0.024663	0.050201	0.004997	-0.034714	-0.040016	-0.010125
-0.095474	-0.044394	0.051080	0.069934	-0.073277	0.003343	0.025095	0.044879	0.004996	-0.030133	-0.040008	-0.009535
-0.087941	-0.035446	0.052495	0.061694	-0.070218	0.008524	0.024964	0.045077	0.005007	-0.029426	-0.040009	-0.005090
-0.073053	-0.029036	0.044018	0.051045	-0.058535	0.007491	0.025018	0.045015	0.004994	-0.030143	-0.040005	-0.004531
-0.061208	-0.020327	0.040881	0.040767	-0.051045	0.010277	0.025029	0.039961	0.005009	-0.029934	-0.039993	-0.005157
-0.049463	-0.014870	0.034592	0.032166	-0.042028	0.009861	0.024550	0.040503	0.005034	-0.030046	-0.039996	-0.004935
-0.034602	-0.005230	0.029373	0.019916	-0.031988	0.012072	0.020088	0.039910	0.004600	-0.030012	-0.040019	-0.005021
-0.026436	-0.000340	0.026096	0.013388	-0.026266	0.012878	0.019522	0.035467	0.004716	-0.029458	-0.039997	-0.005048
-0.069218	-0.014618	0.054600	0.041918	-0.061909	0.019991	0.020162	0.034979	0.015345	-0.025279	-0.039995	-0.004712
-0.100080	-0.025404	0.074675	0.062742	-0.087377	0.024636	0.019907	0.034558	0.024909	-0.024962	-0.039997	-0.000565
-0.110227	-0.040472	0.069755	0.075349	-0.089991	0.014642	0.020066	0.030097	0.015474	-0.024989	-0.040016	0.000025
-0.114634	-0.049965	0.064669	0.082299	-0.089651	0.007352	0.019958	0.029532	0.009503	-0.025067	-0.040000	0.000002
-0.105556	-0.045439	0.060117	0.075498	-0.082836	0.007339	0.020018	0.029981	0.005176	-0.024842	-0.039990	0.000003
-0.099404	-0.044488	0.054916	0.071946	-0.077160	0.005214	0.019983	0.025089	-0.000061	-0.025461	-0.040003	0.000000
-0.090615	-0.040113	0.050502	0.065364	-0.070558	0.005194	0.020010	0.024435	-0.005377	-0.024939	-0.040009	0.000002
-0.085239	-0.039585	0.045654	0.062412	-0.065447	0.003035	0.020001	0.024595	-0.009232	-0.020432	-0.040009	0.000001
-0.074991	-0.039925	0.035067	0.057458	-0.055029	-0.002429	0.019977	0.019960	0.005008	-0.019968	-0.039980	0.000003
-0.060556	-0.035491	0.025065	0.048024	-0.042811	-0.005213	0.020022	0.015444	0.014893	-0.019962	-0.040025	0.000001
-0.049347	-0.034545	0.014802	0.041946	-0.032074	-0.009872	0.019970	0.014904	0.005971	-0.020064	-0.039977	0.000001
-0.035622	-0.029731	0.005892	0.032676	-0.020757	-0.011920	0.020053	0.010478	-0.000530	-0.019903	-0.040085	0.000000
-0.024598	-0.030013	-0.005415	0.027306	-0.009592	-0.017714	0.019903	0.004811	-0.010024	-0.020158	-0.039681	0.000000
-0.014868	-0.029898	-0.015030	0.022383	0.000081	-0.022464	0.020170	0.004894	-0.014862	-0.019517	-0.035581	0.000000
-0.015082	-0.019859	-0.004778	0.017471	-0.005152	-0.012319	0.019344	0.014568	-0.009907	-0.020091	-0.034983	0.000000
-0.020067	-0.014720	0.005347	0.017393	-0.012707	-0.004686	0.020771	0.024907	-0.009708	-0.024543	-0.034997	0.000000
-0.024629	-0.009732	0.014897	0.017180	-0.019763	0.002583	0.029338	0.035451	-0.009957	-0.025048	-0.035040	0.000000
-0.025542	-0.000603	0.024940	0.013073	-0.025241	0.012168	0.025277	0.044113	-0.010443	-0.024978	-0.034541	0.000000
-0.030011	0.005524	0.035535	0.012244	-0.032773	0.020529	0.024339	0.040578	-0.009941	-0.025025	-0.030098	0.000000
-0.034907	0.009593	0.044501	0.012657	-0.039704	0.027047	0.025193	0.039520	-0.005472	-0.024972	-0.029517	0.000000
-0.040281	0.000312	0.040593	0.019984	-0.040437	0.020452	0.024896	0.035127	-0.004955	-0.025025	-0.030161	0.000004
-0.049839	-0.010037	0.039801	0.029938	-0.044820	0.014882	0.025066	0.035430	-0.005007	-0.024942	-0.029904	-0.000002
-0.060109	-0.019914	0.040194	0.040011	-0.050151	0.010140	0.024969	0.034957	-0.005381	-0.025085	-0.030096	0.000008
-0.064182	-0.024407	0.039775	0.044295	-0.051979	0.007684	0.025029	0.030457	-0.004802	-0.024879	-0.029388	-0.000008
-0.060647	-0.020211	0.040437	0.040429	-0.050542	0.010113	0.024982	0.030012	0.010353	-0.025144	-0.025317	0.000020
-0.059648	-0.019584	0.040064	0.039616	-0.049856	0.010240	0.025006	0.029566	0.024760	-0.020069	-0.024913	-0.000013
-0.050106	-0.014978	0.035128	0.032542	-0.042617	0.010075	0.025039	0.025072	0.021126	-0.014974	-0.025027	0.000030
-0.044504	-0.014712	0.029792	0.029608	-0.037148	0.007540	0.024418	0.024586	0.019285	-0.030162	-0.025032	-0.000044
-0.040088	-0.014694	0.025394	0.027391	-0.032741	0.005350	0.020307	0.024860	0.015496	-0.044555	-0.024719	0.000125
-0.029867	-0.010762	0.019105	0.020315	-0.024486	0.004171	0.019917	0.020512	0.014274	-0.040176	-0.020519	-0.000588
-0.025246	-0.009039	0.016207	0.017143	-0.020727	0.003584	0.020041	0.019454	0.010817	-0.039380	-0.020046	-0.004333
-0.018679	-0.006122	0.012557	0.012400	-0.015618	0.003217	0.019988	0.014844	0.009249	-0.040240	-0.019885	-0.005567
-0.021895	-0.003564	0.018331	0.012729	-0.020113	0.007383	0.019985	0.014720	0.005529	-0.039609	-0.020174	-0.009823
-0.093942	-0.006962	0.086980	0.050452	-0.090461	0.040009	0.020033	0.014682	0.004240	-0.035650	-0.019477	-0.009612
-0.088616	-0.037910	0.050705	0.063263	-0.069660	0.006397	0.019948	0.009980	0.000826	-0.034918	-0.020142	-0.010046
-0.048182	-0.036839	0.011343	0.042511	-0.029762	-0.012748	0.020104	0.009630	-0.000773	-0.035115	-0.024437	-0.014572
-0.060892	-0.033757	0.027135	0.047324	-0.044013	-0.003311	0.019804	0.009827	-0.004501	-0.034681	-0.025378	-0.014998
-0.018696	-0.031153	-0.012457	0.024924	-0.003119	-0.021805	0.020525	0.005472	-0.005751	-0.030596	-0.029326	-0.015440
-0.027580	-0.028976	-0.001396	0.028278	-0.013092	-0.015186	0.019855	0.005031	-0.009222	-0.029976	-0.030737	-0.019960
-0.041324	-0.025921	0.015403	0.033622	-0.028363	-0.005259	0.015568	0.005459	-0.010709	-0.029997	-0.034370	-0.020404
-0.054195	-0.024418	0.029777	0.039306	-0.041986	0.002680	0.014756	0.009859	-0.014642	-0.030040	-0.035135	-0.020154
-0.065116	-0.020810	0.044306	0.042963	-0.054711	0.011748	0.015528	0.009588	-0.015122	-0.029534	-0.034936	-0.024507
-0.060197	-0.019205	0.040992	0.039701	-0.050594	0.010893	0.014861	0.010053	-0.014948	-0.025104	-0.035053	-0.025026
-0.055182	-0.015721	0.039461	0.035452	-0.047322	0.011870	0.010551	0.014567	-0.015044	-0.024491	-0.034978	-0.024450
-0.049586	-0.014471	0.035114	0.032029	-0.042350	0.010321	0.009779	0.014980	-0.014980	-0.025230	-0.035013	-0.020299
-0.040618	-0.005242	0.035377	0.022930	-0.037998	0.015068	0.010490	0.015462	-0.015019	-0.024405	-0.034988	-0.019928
-0.034463	0.000628	0.035091	0.016918	-0.034777	0.017859	0.009916	0.019916	-0.014998	-0.020207	-0.035020	-0.020047
-0.024702	0.004966	0.029668	0.009868	-0.027185	0.017317	0.005457	0.020489	-0.015009	-0.019380	-0.035002	-0.019973
-0.020399	0.009566	0.029965	0.005416	-0.025182	0.019765	0.004948	0.019831	-0.015000	-0.020349	-0.034946	-0.020065
-0.024789	0.005696	0.030485	0.009546	-0.027637	0.018091	0.005002	0.020095	-0.015000	-0.019403	-0.035455	-0.019530
-0.020469	0.004258	0.024727	0.008105	-0.022598	0.014493	0.005033	0.019953	-0.015014	-0.020158	-0.039930	-0.015102
-0.024810	0.000733	0.025543	0.012038	-0.025177	0.013138	0.004413	0.020039	-0.014991	-0.024496	-0.040482	-0.014510
-0.025273	-0.000460	0.024813	0.012866	-0.025043	0.012176	0.000304	0.019977	-0.015016	-0.025064	-0.039828	-0.015173
-0.024990	-0.004270	0.020720	0.014630	-0.022855	0.008225	-0.000094	0.020016	-0.014986	-0.024981	-0.040093	-0.014896
-0.025027	-0.005772	0.019256	0.015399	-0.022142	0.006742	0.000064	0.019999	-0.015036	-0.024993	-0.039967	-0.015101
-0.029678	-0.009311	0.020367	0.019495	-0.025022	0.005528	-0.000605	0.020006	-0.014955	-0.025567	-0.040033	-0.014379
-0.034718	-0.010452	0.024266	0.022585	-0.029492	0.006907	-0.004702	0.019994	-0.015122	-0.029708	-0.039993	-0.010339
-0.035360	-0.014195	0.021165	0.024778	-0.028263	0.003485	-0.005084	0.019998	-0.014411	-0.030060	-0.040003	-0.009896
-0.034659	-0.015027	0.019631	0.024843	-0.027145	0.002302	-0.004998	0.020008	-0.010673	-0.030019	-0.040039	-0.010063
-0.046881	-0.030223	0.016659	0.038552	-0.031770	-0.006782	-0.004991	0.019998	-0.009432	-0.029980	-0.039980	-0.009951
-0.052313	-0.039832	0.012482	0.046072	-0.032398	-0.013675	-0.004962	0.019995	-0.005174	-0.029908	-0.039927	-0.010085
0.002270	-0.024968	-0.027238	0.011349	0.014754	-0.026103	0.000416	0.019998	-0.005381	-0.025029	-0.034615	-0.009511
-0.014201	-0.014593	-0.000392	0.014397	-0.006904	-0.007492	0.004928	0.020008	-0.004974	-0.024997	-0.030004	-0.005131
-0.029039	-0.004985	0.024054	0.017012	-0.026547	0.009535	0.005448	0.019998	-0.000408	-0.025011	-0.029685	-0.004482
-0.012075	0.004836	0.016910	0.003620	-0.014493	0.010873	0.009978	0.019994	-0.000044	-0.020053	-0.024720	-0.005071
-0.037360	0.015436	0.052796	0.010962	-0.045078	0.034116	0.014575	0.019979	0.000496	-0.020089	-0.019866	0.000047
-0.026908	0.024783	0.051691	0.001062	-0.039299	0.038237	0.015041	0.020019	0.004857	-0.019931	-0.019421	-0.000003
-0.023881	0.025541	0.049421	-0.000830	-0.036651	0.037481	0.019629	0.019966	0.005547	-0.019557	-0.015551	-0.000046
-0.025862	0.024625	0.050487	0.000618	-0.038175	0.037556	0.024839	0.020018	0.004887	-0.015097	-0.014893	0.005061
-0.019078	0.025792	0.044870	-0.003357	-0.031974	0.035331	0.025532	0.019932	0.010107	-0.015450	-0.015027	0.004486
-0.021163	0.023339	0.044502	-0.001088	-0.032832	0.033921	0.029982	0.020084	0.009902	-0.014890	-0.014987	0.005115
-0.023726	0.021528	0.045253	0.001099	-0.034490	0.033390	0.035142	0.019864	0.010119	-0.010545	-0.015001	0.009533
0.008738	0.049185	0.040447	-0.028961	-0.015854	0.044816	0.035243	0.020198	0.014737	-0.009785	-0.015036	0.009987
0.005119	0.045038	0.039919	-0.025079	-0.017400	0.042479	0.029881	0.019559	0.015622	-0.010525	-0.014555	0.010469
0.005645	0.045929	0.040285	-0.025787	-0.017320	0.043107	0.030098	0.025717	0.019269	-0.009873	-0.010084	0.014865
0.032807	0.073930	0.041122	-0.053368	-0.004157	0.057526	0.029947	0.044248	0.020718	-0.005562	-0.009530	0.015547
0.032001	0.065829	0.033828	-0.048915	-0.000913	0.049828	0.025117	0.050212	0.024502	-0.004614	-0.010177	0.014859
0.022487	0.059006	0.036519	-0.040746	-0.007016	0.047762	0.025034	0.049887	0.025753	-0.000679	-0.009914	0.020143
-0.017895	0.055183	0.073078	-0.018644	-0.045487	0.064131	0.025005	0.050093	0.029189	0.000744	-0.010061	0.019831
-0.021584	0.050029	0.071613	-0.014222	-0.046599	0.060821	0.024457	0.049963	0.030773	0.004301	-0.010013	0.020733
-0.019400	0.044632	0.064032	-0.012616	-0.041716	0.054332	0.020272	0.050037	0.034503	0.005528	-0.009666	0.029516
-0.019823	0.040808	0.060631	-0.010492	-0.040227	0.050720	0.019959	0.049981	0.035379	0.014882	-0.000214	0.035664
-0.004922	0.049194	0.054116	-0.022136	-0.029519	0.051655	0.020012	0.050047	0.033786	0.025005	0.005628	0.039260
0.005020	0.055401	0.050381	-0.030211	-0.022680	0.052891	0.019499	0.049991	0.035754	0.035183	0.009848	0.041260
0.035710	0.085408	0.049697	-0.060559	-0.006993	0.067552	0.015132	0.050032	0.053831	0.039852	0.015018	0.054058
0.073903	0.119022	0.045119	-0.096463	0.014392	0.082070	0.015427	0.049978	0.051217	0.029907	0.020260	0.050532
0.070863	0.110802	0.039939	-0.090832	0.015462	0.075370	0.014908	0.050062	0.049140	0.025140	0.025060	0.050039
0.064444	0.099532	0.035088	-0.081988	0.014678	0.067310	0.010527	0.049937	0.050313	0.019736	0.019535	0.045113
0.060114	0.089957	0.029844	-0.075036	0.015135	0.059900	0.009792	0.050135	0.049821	0.015271	0.015291	0.045541
0.054986	0.080589	0.025603	-0.067787	0.014691	0.053096	0.010483	0.049379	0.050124	0.030118	0.025087	0.064700
0.044993	0.069302	0.024309	-0.057147	0.010342	0.046806	0.009910	0.045736	0.049941	0.039864	0.034843	0.065001
0.046014	0.066603	0.020589	-0.056309	0.012712	0.043596	0.005469	0.044346	0.050078	0.050292	0.045895	0.064855
0.094473	0.114347	0.019874	-0.104410	0.037299	0.067111	0.004878	0.040363	0.049948	0.059894	0.054596	0.079744
0.130303	0.150314	0.020010	-0.140308	0.055146	0.085162	0.005320	0.039473	0.050086	0.054949	0.050248	0.085341
0.135254	0.155291	0.020036	-0.145273	0.057609	0.087664	0.005019	0.035106	0.049942	0.055081	0.049377	0.084889
0.134943	0.154823	0.019880	-0.144883	0.057531	0.087352	-0.005458	0.034575	0.050147	0.055025	0.050249	0.085149
0.135725	0.155998	0.020272	-0.145862	0.057727	0.088135	-0.014705	0.034860	0.049811	0.050044	0.049858	0.084868
0.134080	0.154236	0.020156	-0.144158	0.056962	0.087196	-0.009962	0.030524	0.050617	0.050472	0.050507	0.085450
0.079406	0.094900	0.015494	-0.087153	0.031956	0.055197	-0.005077	0.029398	0.049234	0.049856	0.049302	0.084899
0.020517	0.036176	0.015659	-0.028346	0.002429	0.025917	0.000091	0.025530	0.040634	0.040467	0.035312	0.075411
0.013923	0.029198	0.015275	-0.021560	-0.000676	0.022236	0.004847	0.024800	0.034626	0.029850	0.024590	0.064907
0.010421	0.025197	0.014776	-0.017809	-0.002178	0.019987	0.010488	0.020050	0.025656	0.020176	0.015198	0.055030
0.004585	0.019915	0.015330	-0.012250	-0.005372	0.017622	0.014182	0.019981	0.019332	0.009439	0.004910	0.045025
0.001115	0.014968	0.013853	-0.008042	-0.006369	0.014410	0.006029	0.020000	0.010593	0.000037	-0.004952	0.035459
-0.006250	0.010028	0.016278	-0.001889	-0.011264	0.013153	-0.000408	0.015058	0.004430	-0.005113	-0.015310	0.029979
-0.028970	0.005129	0.034099	0.011921	-0.031535	0.019614	-0.009804	0.015054	-0.019681	-0.025301	-0.035268	0.025018
-0.041290	-0.015242	0.026048	0.028266	-0.033669	0.005403	-0.014479	0.014956	-0.040082	-0.045057	-0.049319	0.024978
-0.049285	-0.029219	0.020065	0.039252	-0.034675	-0.004577	-0.009724	0.015021	-0.035326	-0.040262	-0.045210	0.024994
-0.010501	0.004910	0.015411	0.002795	-0.012956	0.010160	-0.009842	0.015022	-0.034902	-0.040018	-0.044655	0.020020
0.024402	0.034287	0.009885	-0.029344	0.007258	0.022086	-0.009604	0.014550	-0.035443	-0.040187	-0.045208	0.020075
0.026026	0.030271	0.004245	-0.028149	0.010891	0.017258	-0.005085	0.010086	-0.029940	-0.035681	-0.044891	0.019924
0.029625	0.029147	-0.000478	-0.029386	0.015052	0.014334	-0.004523	0.009516	-0.029627	-0.034759	-0.045183	0.019544
0.010043	0.025240	0.015197	-0.017642	-0.002577	0.020219	-0.005063	0.010159	-0.030015	-0.035585	-0.044639	0.015087
-0.004480	0.025366	0.029846	-0.010443	-0.017163	0.027606	0.000023	0.009893	-0.025021	-0.034346	-0.040658	0.015446
-0.000947	0.025018	0.025965	-0.012036	-0.013456	0.025492	0.000007	0.010082	-0.024982	-0.036785	-0.039912	0.014895
-0.004683	0.020408	0.025091	-0.007863	-0.014887	0.022749	-0.000068	0.009378	-0.025086	-0.063674	-0.040112	0.010544
-0.000583	0.019929	0.020512	-0.009673	-0.010548	0.020221	0.005068	0.005270	-0.019923	-0.060859	-0.039776	0.009800
-0.004878	0.015022	0.019901	-0.005072	-0.012389	0.017462	0.004454	0.004903	-0.020557	-0.054416	-0.040507	0.010497
-0.004419	0.015057	0.019475	-0.005319	-0.011947	0.017266	0.005136	0.004938	-0.019859	-0.054708	-0.039872	0.009908
-0.000488	0.014392	0.014880	-0.006952	-0.007684	0.014636	0.009451	0.005022	-0.015590	-0.050456	-0.035564	0.005467
-0.009245	0.005132	0.014376	0.002056	-0.011810	0.009754	0.010047	0.004534	-0.014972	-0.049950	-0.034850	0.004860
-0.010450	0.000171	0.010620	0.005139	-0.010535	0.005395	0.010267	0.004857	-0.014883	-0.044806	-0.035282	0.005282
-0.015137	-0.004754	0.010383	0.009946	-0.012760	0.002815	0.015179	0.014287	-0.009813	-0.039908	-0.034730	0.004956
-0.025443	-0.015810	0.009633	0.020626	-0.017538	-0.003088	0.014432	0.025291	-0.010789	-0.040084	-0.035628	-0.004857
-0.018930	-0.019378	-0.000448	0.019154	-0.009241	-0.009913	0.015980	0.034101	-0.009378	-0.034526	-0.034070	-0.014927
-0.017043	-0.026916	-0.009872	0.021980	-0.003586	-0.018394	0.038598	0.045622	0.008860	-0.035872	-0.041562	-0.026096
-0.027212	-0.048103	-0.020892	0.037658	-0.003160	-0.034497	0.045720	0.074468	0.026001	-0.043423	-0.067869	-0.034192
-0.003407	-0.026534	-0.023127	0.014970	0.009860	-0.024830	0.049425	0.105772	0.038312	-0.027080	-0.057262	-0.025688
-0.028399	0.000096	0.028495	0.014151	-0.028447	0.014296	0.086089	0.180083	0.057199	-0.003141	-0.038252	-0.014347
-0.036419	0.045565	0.081984	-0.004573	-0.059202	0.063774	0.123106	0.264811	0.132777	0.062997	0.008050	0.014379
-0.009409	0.088370	0.097778	-0.039480	-0.053594	0.093074	0.122018	0.326336	0.212144	0.131666	0.061454	0.045703
0.065587	0.138601	0.073014	-0.102094	-0.003714	0.105807	0.118565	0.400171	0.313523	0.218942	0.128589	0.094372
0.173418	0.210828	0.037410	-0.192123	0.068004	0.124119	0.076440	0.425122	0.386207	0.300655	0.200804	0.139934
0.241656	0.224043	-0.017612	-0.232849	0.129634	0.103216	0.029776	0.376361	0.450616	0.380839	0.268842	0.185199
0.376058	0.296640	-0.079418	-0.336349	0.227738	0.108611	-0.045012	0.324379	0.494227	0.459240	0.356610	0.259792
0.523140	0.368341	-0.154798	-0.445741	0.338969	0.106771	-0.139364	0.235094	0.492939	0.522783	0.447992	0.345059
0.571843	0.407044	-0.164799	-0.489444	0.368321	0.121123	-0.215702	0.106305	0.488702	0.542386	0.513537	0.420224
0.645745	0.471036	-0.174709	-0.558390	0.410227	0.148163	-0.304679	-0.055489	0.427296	0.505135	0.557139	0.490299
0.688780	0.492823	-0.195956	-0.590801	0.442368	0.148433	-0.391203	-0.304035	0.267193	0.449962	0.487602	0.518939
0.601388	0.337272	-0.264116	-0.469330	0.432752	0.036578	-0.479689	-0.579383	-0.006986	0.232558	0.409135	0.471437
0.484868	0.275644	-0.209223	-0.380256	0.347046	0.033210	-0.575887	-0.933570	-0.272652	0.039372	0.335980	0.424976
0.380399	0.237413	-0.142986	-0.308906	0.261692	0.047214	-0.633948	-1.286385	-0.426579	-0.035043	0.265272	0.404771
0.269362	0.178428	-0.090935	-0.223895	0.180148	0.043747	-0.642206	-1.348617	-0.474116	-0.110702	0.215163	0.385025
0.170678	0.131512	-0.039166	-0.151095	0.104922	0.046173	-0.643578	-1.296078	-0.553193	-0.190014	0.170167	0.366023
0.088279	0.073809	-0.014470	-0.081044	0.051374	0.029670	-0.602142	-1.249863	-0.576161	-0.256011	0.104412	0.344621
0.011466	0.020724	0.009258	-0.016095	0.001104	0.014991	-0.554142	-1.141491	-0.556558	-0.284372	0.040655	0.305682
0.004018	-0.016607	-0.020625	0.006294	0.012322	-0.018616	-0.516602	-1.036339	-0.533821	-0.281392	0.024294	0.264322
0.005170	-0.044229	-0.049398	0.019530	0.027284	-0.046814	-0.478906	-0.919493	-0.472620	-0.279095	0.010765	0.230374
-0.015305	-0.036241	-0.020936	0.025773	0.002816	-0.028589	-0.401062	-0.741362	-0.403316	-0.231103	-0.000434	0.199625
-0.030078	-0.024807	0.005272	0.027442	-0.017675	-0.009768	-0.324110	-0.575016	-0.306969	-0.180120	-0.015546	0.175149
-0.050414	-0.015160	0.035254	0.032787	-0.042834	0.010047	-0.249892	-0.450498	-0.243497	-0.154492	-0.029889	0.154446
-0.064581	-0.005139	0.059442	0.034860	-0.062011	0.027151	-0.180365	-0.344424	-0.186100	-0.134934	-0.040347	0.120041
-0.045025	0.005325	0.050349	0.019850	-0.047687	0.027837	-0.129108	-0.250512	-0.143719	-0.124836	-0.049172	0.090112
-0.025702	0.014815	0.040517	0.005443	-0.033109	0.027666	-0.080332	-0.183489	-0.111202	-0.115042	-0.056082	0.079206
-0.029656	0.000308	0.029964	0.014674	-0.029810	0.015136	-0.059012	-0.126086	-0.094781	-0.105035	-0.078689	0.070056
-0.035049	-0.015434	0.019615	0.025241	-0.027332	0.002091	-0.045027	-0.088510	-0.080448	-0.094893	-0.076337	0.059913
-0.039825	-0.030164	0.009661	0.034994	-0.024743	-0.010252	-0.029746	-0.055145	-0.064725	-0.085155	-0.073959	0.049811
-0.040070	-0.040086	-0.000016	0.040078	-0.020027	-0.020051	-0.014999	-0.018705	-0.054993	-0.079468	-0.071076	0.040474
-0.039819	-0.029719	0.010101	0.034769	-0.024960	-0.009809	-0.005006	0.014091	-0.044899	-0.070090	-0.069048	0.034964
-0.035189	-0.020213	0.014976	0.027701	-0.025083	-0.002618	0.000639	0.025633	-0.035451	-0.064486	-0.065909	0.030475
-0.024531	-0.014808	0.009722	0.019670	-0.017127	-0.002543	0.009750	0.030025	-0.029708	-0.060108	-0.064393	0.029842
-0.015997	-0.005036	0.010961	0.010516	-0.013479	0.002963	0.015705	0.035210	-0.019611	-0.054912	-0.060848	0.030001
-0.003317	0.004825	0.008141	-0.000754	-0.005729	0.006483	0.024294	0.040013	-0.009953	-0.050033	-0.059135	0.030016
-0.002842	0.009674	0.012515	-0.003416	-0.007679	0.011094	0.031256	0.045090	-0.005142	-0.044986	-0.055835	0.029410
-0.052780	0.000067	0.052847	0.026357	-0.052814	0.026457	0.044349	0.050146	0.000102	-0.040032	-0.054383	0.025280
-0.051730	-0.005081	0.046649	0.028406	-0.049189	0.020784	0.046007	0.054507	-0.000509	-0.040408	-0.050854	0.024915
-0.023651	0.015308	0.038959	0.004172	-0.031305	0.027133	0.044794	0.055047	0.000171	-0.039957	-0.049048	0.025037
-0.001558	0.033842	0.035400	-0.016142	-0.018479	0.034621	0.045152	0.055035	0.004454	-0.035411	-0.045998	0.024980
0.006004	0.030842	0.024838	-0.018423	-0.009417	0.027840	0.044931	0.054953	0.005242	-0.035006	-0.043966	0.025031
0.008839	0.029068	0.020229	-0.018953	-0.005695	0.024648	0.045055	0.055454	0.004514	-0.034516	-0.046126	0.024568
0.011661	0.026087	0.014426	-0.018874	-0.001383	0.020256	0.044992	0.059947	0.005095	-0.030132	-0.063755	0.020043
0.013277	0.023209	0.009932	-0.018243	0.001672	0.016570	0.045022	0.060468	0.009547	-0.029477	-0.060643	0.019607
0.011275	0.021691	0.010416	-0.016483	0.000429	0.016054	0.044994	0.059872	0.010058	-0.030048	-0.059672	0.019995
0.038723	0.043174	0.004451	-0.040948	0.017136	0.023813	0.044992	0.059787	0.009934	-0.024952	-0.060531	0.020390
0.034970	0.041358	0.006387	-0.038164	0.014291	0.023873	0.045039	0.059939	0.010659	-0.025004	-0.054868	0.019973
0.000717	0.038733	0.038015	-0.019725	-0.018649	0.038374	0.044957	0.069978	0.014439	-0.025043	-0.054652	0.015429
-0.010271	0.035487	0.045758	-0.012608	-0.028015	0.040623	0.045080	0.074835	0.015005	-0.019919	-0.054957	0.014955
-0.009437	0.035213	0.044651	-0.012888	-0.027044	0.039932	0.044646	0.070473	0.015559	-0.020509	-0.050026	0.015016
-0.010130	0.035088	0.045218	-0.012479	-0.027674	0.040153	0.045077	0.070054	0.019359	-0.019882	-0.049980	0.014972
-0.014521	0.030358	0.044879	-0.007919	-0.029700	0.037619	0.054811	0.069987	0.020065	-0.015480	-0.050077	0.015080
-0.015029	0.030060	0.045089	-0.007515	-0.030059	0.037574	0.060150	0.069981	0.019951	-0.014877	-0.044910	0.014684
-0.015416	0.029532	0.044947	-0.007058	-0.030182	0.037239	0.054420	0.070007	0.020463	-0.015464	-0.045519	0.010583
-0.019972	0.025091	0.045063	-0.002560	-0.032517	0.035077	0.050173	0.070163	0.024928	-0.019926	-0.044890	0.009969
-0.020407	0.024579	0.044987	-0.002086	-0.032697	0.034783	0.049474	0.074451	0.025480	-0.020459	-0.040482	0.010005
-0.020162	0.024862	0.045024	-0.002350	-0.032593	0.034943	0.045206	0.079925	0.024881	-0.019854	-0.039954	0.009992
-0.024484	0.020514	0.044998	0.001985	-0.034741	0.032756	0.044835	0.074850	0.024648	-0.020047	-0.039587	0.010001
-0.025569	0.019448	0.045018	0.003061	-0.035294	0.032233	0.040179	0.075201	0.020028	-0.019995	-0.035044	0.010028
-0.030146	0.014849	0.044996	0.007649	-0.037571	0.029923	0.034724	0.074730	0.019570	-0.020485	-0.034613	0.009433
-0.030314	0.014682	0.044995	0.007816	-0.037654	0.029838	0.035432	0.070488	0.020166	-0.024977	-0.034826	0.005287
-0.030278	0.014719	0.044996	0.007779	-0.037637	0.029858	0.029538	0.068631	0.019511	-0.025235	-0.030511	0.004951
-0.035120	0.009906	0.045026	0.012607	-0.040073	0.027466	0.031119	0.071438	0.015075	-0.020520	-0.029990	0.004985
-0.035259	0.009733	0.044992	0.012763	-0.040125	0.027363	0.064100	0.098453	0.014595	-0.020025	-0.030051	0.005067
-0.035357	0.009651	0.045009	0.012853	-0.040183	0.027330	0.070082	0.105717	0.014995	-0.019953	-0.029692	0.004847
-0.039231	0.005755	0.044986	0.016738	-0.042108	0.025370	0.070653	0.104653	0.015411	-0.020047	-0.025563	0.005463
-0.040840	0.004215	0.045054	0.018312	-0.042947	0.024635	0.089010	0.105223	0.014922	-0.019953	-0.024984	0.004931
-0.039008	0.005929	0.044937	0.016539	-0.041973	0.025433	0.085562	0.105439	0.010508	-0.020095	-0.024996	0.000434
-0.031055	0.014149	0.045204	0.008453	-0.038130	0.029677	0.084557	0.109776	0.009775	-0.019681	-0.024991	-0.000032
-0.024051	0.021331	0.045382	0.001360	-0.034716	0.033356	0.085188	0.109997	0.010485	-0.015583	-0.024998	-0.000035
-0.000658	0.038629	0.039287	-0.018985	-0.019973	0.038958	0.084941	0.110083	0.009878	-0.014974	-0.025009	0.000048
0.000535	0.035784	0.035249	-0.018159	-0.017357	0.035516	0.085084	0.109925	0.005503	-0.015001	-0.024997	-0.000087
-0.000356	0.034409	0.034765	-0.017026	-0.017561	0.034587	0.084960	0.110283	0.004826	-0.014996	-0.024995	0.000141
0.004804	0.035289	0.030486	-0.020046	-0.012841	0.032887	0.085045	0.114436	0.005189	-0.014994	-0.024992	-0.000461
0.004897	0.034848	0.029951	-0.019873	-0.012527	0.032400	0.085008	0.115041	0.004299	-0.015039	-0.025043	0.000043
0.009707	0.035118	0.025411	-0.022412	-0.007852	0.030265	0.085012	0.115040	0.005781	-0.014416	-0.024416	0.004604
0.014861	0.034980	0.020119	-0.024920	-0.002629	0.027549	0.085020	0.114858	0.014560	-0.010310	-0.020307	0.004898
0.015109	0.034605	0.019496	-0.024857	-0.002194	0.027051	0.084537	0.115531	0.020683	-0.009918	-0.019917	0.005615
0.014510	0.030064	0.015555	-0.022287	-0.000523	0.022809	0.080118	0.120036	0.029285	-0.010038	-0.020041	0.009311
0.014945	0.029552	0.014608	-0.022249	0.000168	0.022080	0.079506	0.124456	0.035138	-0.009989	-0.019991	0.010086
0.024764	0.030137	0.005373	-0.027450	0.009696	0.017755	0.080143	0.124996	0.039759	-0.009994	-0.019988	0.009923
0.035086	0.029931	-0.005155	-0.032509	0.020120	0.012388	0.079895	0.125409	0.040066	-0.010025	-0.020027	0.010463
0.044843	0.030028	-0.014815	-0.037435	0.029829	0.007606	0.080088	0.129951	0.039992	-0.009985	-0.019963	0.014919
0.049671	0.030045	-0.019626	-0.039858	0.034649	0.005209	0.079952	0.130499	0.040029	-0.009510	-0.020079	0.015481
0.040259	0.029675	-0.010584	-0.034967	0.025421	0.009546	0.080001	0.129718	0.039997	-0.005147	-0.019856	0.014796
0.030355	0.025547	-0.004808	-0.027951	0.017581	0.010370	0.079974	0.130156	0.039997	-0.005397	-0.020452	0.015522
0.025147	0.024962	-0.000185	-0.025055	0.012666	0.012388	0.080046	0.130163	0.040028	-0.004957	-0.019970	0.019911
0.019812	0.024995	0.005182	-0.022403	0.007315	0.015088	0.079955	0.140613	0.039973	-0.000435	-0.015415	0.020418
0.015081	0.024923	0.009842	-0.020002	0.002619	0.017383	0.080303	0.164561	0.040015	0.000019	-0.014881	0.020129
0.009427	0.025026	0.015599	-0.017227	-0.003086	0.020312	0.089913	0.170252	0.039935	-0.000058	-0.010034	0.024482
0.021145	0.024886	0.003741	-0.023015	0.008702	0.014314	0.094363	0.174968	0.040079	0.000612	-0.010005	0.025017
0.023222	0.025151	0.001928	-0.024186	0.010647	0.013539	0.089882	0.180016	0.039864	0.004469	-0.010005	0.024931
-0.013871	0.024529	0.038400	-0.005329	-0.026135	0.031464	0.089572	0.179948	0.040201	0.004909	-0.005140	0.025268
-0.006129	0.030289	0.036418	-0.012080	-0.021273	0.033354	0.089904	0.179302	0.039118	0.005633	-0.004634	0.029398
0.030148	0.059249	0.029101	-0.044698	0.000524	0.044175	0.084587	0.180980	0.040759	0.009194	-0.000014	0.030053
0.059190	0.084984	0.025795	-0.072087	0.016697	0.055390	0.085962	0.199441	0.058801	0.010309	0.000346	0.029906
0.064871	0.089548	0.024677	-0.077210	0.020097	0.057112	0.083279	0.190137	0.065386	0.009253	0.000249	0.030419
0.075548	0.095411	0.019863	-0.085480	0.027843	0.057637	0.072729	0.185666	0.070255	0.010706	0.009963	0.039455
0.083066	0.099015	0.015949	-0.091040	0.033559	0.057482	0.102611	0.213627	0.074621	0.034473	0.019994	0.045273
0.088121	0.101938	0.013817	-0.095030	0.037152	0.057878	0.116540	0.230903	0.075759	0.055601	0.029991	0.059452
0.131938	0.143217	0.011280	-0.137578	0.060329	0.077249	0.133514	0.249587	0.094447	0.074174	0.039991	0.080071
0.148639	0.151213	0.002574	-0.149926	0.073033	0.076893	0.130894	0.254933	0.099959	0.075997	0.049969	0.084700
0.141209	0.148855	0.007646	-0.145032	0.066782	0.078251	0.124640	0.254942	0.099882	0.074772	0.059845	0.085036
0.083830	0.150718	0.066888	-0.117274	0.008471	0.108803	0.124955	0.259735	0.104681	0.075126	0.065608	0.089595
0.081992	0.149328	0.067336	-0.115660	0.007328	0.108332	0.119542	0.259910	0.105195	0.075203	0.069737	0.090157
0.087826	0.151256	0.063430	-0.119541	0.012198	0.107343	0.115017	0.265587	0.115069	0.085144	0.080302	0.094630
0.088448	0.153543	0.065095	-0.120996	0.011677	0.109319	0.114349	0.269441	0.119493	0.094741	0.084211	0.095453
0.092059	0.156262	0.064203	-0.124161	0.013928	0.110233	0.110710	0.271063	0.125576	0.105524	0.090952	0.105017
0.087343	0.152780	0.065437	-0.120062	0.010953	0.109109	0.109553	0.288783	0.144660	0.109608	0.109073	0.109805
0.093290	0.157991	0.064701	-0.125641	0.014295	0.111346	0.105671	0.285553	0.140455	0.111031	0.111366	0.116294
0.084067	0.149329	0.065262	-0.116698	0.009402	0.107296	0.104348	0.279280	0.135641	0.113739	0.108257	0.118107
0.057144	0.121951	0.064807	-0.089548	-0.003832	0.093379	0.100569	0.296557	0.165461	0.131879	0.122073	0.123133
0.137993	0.203209	0.065216	-0.170601	0.036388	0.134213	0.099765	0.323674	0.194576	0.172754	0.173334	0.167123
0.115915	0.180664	0.064748	-0.148289	0.025584	0.122706	0.095047	0.316185	0.190271	0.161990	0.181740	0.157197
0.070128	0.135489	0.065360	-0.102809	0.002384	0.100425	0.095033	0.309297	0.185129	0.143051	0.179636	0.143482
0.096086	0.160527	0.064441	-0.128307	0.015822	0.112484	0.094945	0.305322	0.184528	0.147941	0.184849	0.157133
0.198894	0.265038	0.066145	-0.231966	0.066375	0.165591	0.090181	0.299769	0.180305	0.192683	0.185055	0.193122
0.205448	0.268922	0.063474	-0.237185	0.070987	0.166198	0.089428	0.295456	0.179471	0.191610	0.190157	0.191263
0.200653	0.258202	0.057550	-0.229428	0.071552	0.157876	0.085707	0.290046	0.175590	0.184588	0.194946	0.189706
0.173536	0.261211	0.087675	-0.217373	0.042930	0.174443	0.084362	0.275223	0.175285	0.180805	0.200295	0.190294
0.167636	0.253891	0.086255	-0.210763	0.040690	0.170073	0.080350	0.264619	0.169972	0.174899	0.199971	0.184790
0.166647	0.250707	0.084060	-0.208677	0.041294	0.167383	0.079464	0.254728	0.164785	0.174700	0.190013	0.185635
0.163671	0.249781	0.086110	-0.206726	0.038780	0.167945	0.075148	0.240117	0.164503	0.169938	0.185082	0.184894
0.156584	0.240591	0.084008	-0.198587	0.036288	0.162299	0.074529	0.229519	0.160618	0.165119	0.180054	0.180558
0.149284	0.229816	0.080532	-0.189550	0.034376	0.155174	0.074972	0.219998	0.159528	0.159865	0.169923	0.179842
0.140430	0.220225	0.079796	-0.180328	0.030317	0.150010	0.069932	0.204941	0.155934	0.155540	0.165528	0.180391
0.129855	0.209950	0.080095	-0.169903	0.024880	0.145023	0.065085	0.195116	0.155000	0.154933	0.159953	0.180041
0.120092	0.200168	0.080076	-0.160130	0.020008	0.140122	0.059944	0.184932	0.145191	0.150531	0.150478	0.170194
0.110235	0.189766	0.079531	-0.150001	0.015352	0.134649	0.055026	0.170037	0.139586	0.144738	0.144933	0.164598
0.110177	0.184998	0.074821	-0.147588	0.017678	0.129910	0.049956	0.160024	0.135168	0.140257	0.140006	0.160177
0.109341	0.184427	0.075086	-0.146884	0.017127	0.129757	0.045039	0.150013	0.129980	0.134389	0.135075	0.154986
0.111035	0.186036	0.075000	-0.148536	0.018017	0.130518	0.040491	0.139975	0.125019	0.130214	0.129987	0.150064
0.109523	0.184317	0.074794	-0.146920	0.017365	0.129555	0.039774	0.130104	0.119881	0.129486	0.124675	0.144634
0.060462	0.135101	0.074639	-0.097781	-0.007089	0.104870	0.035080	0.124802	0.109601	0.115099	0.110061	0.130094
0.010680	0.090823	0.080143	-0.050752	-0.034731	0.085483	0.034940	0.115660	0.100066	0.104991	0.099994	0.119988
0.014702	0.095014	0.080312	-0.054858	-0.032805	0.087663	0.035066	0.105326	0.094587	0.095036	0.090017	0.110026
0.019803	0.100000	0.080197	-0.059901	-0.030197	0.090099	0.029917	0.099948	0.084898	0.079969	0.074976	0.094969
0.000273	0.084746	0.084473	-0.042509	-0.042100	0.084609	0.030485	0.094955	0.075526	0.070155	0.065129	0.085120
-0.009809	0.075230	0.085039	-0.032710	-0.047424	0.080134	0.029949	0.090073	0.069991	0.059975	0.055008	0.075030
-0.020881	0.064656	0.085537	-0.021888	-0.053209	0.075097	0.025358	0.084900	0.065507	0.055163	0.050084	0.070056
-0.039356	0.050539	0.089895	-0.005591	-0.064626	0.070217	0.025226	0.080270	0.064931	0.054689	0.049987	0.070022
-0.051199	0.039382	0.090581	0.005909	-0.070890	0.064981	0.025172	0.079453	0.064567	0.050599	0.049999	0.069930
-0.059030	0.030470	0.089501	0.014280	-0.074265	0.059985	0.020547	0.075004	0.060105	0.049348	0.049971	0.070078
-0.014652	0.074687	0.089339	-0.030018	-0.051995	0.082013	0.019502	0.070105	0.059533	0.045584	0.050120	0.069953
0.064730	0.124363	0.059633	-0.094546	0.002548	0.091998	0.015117	0.064700	0.059841	0.044572	0.049437	0.069704
0.054037	0.089869	0.035832	-0.071953	0.009103	0.062850	0.015436	0.059831	0.050009	0.035105	0.040725	0.060034
0.002326	0.056452	0.054125	-0.029389	-0.025899	0.055288	0.014909	0.059334	0.044999	0.029957	0.034235	0.055011
-0.008248	0.042718	0.050965	-0.017235	-0.029607	0.046842	0.010496	0.050550	0.040060	0.025032	0.025722	0.049983
-0.001457	0.043108	0.044565	-0.020825	-0.023011	0.043837	0.009901	0.039892	0.029933	0.015049	0.019539	0.040063
0.051725	0.096440	0.044715	-0.074082	0.003505	0.070578	0.009701	0.035083	0.025533	0.010092	0.010658	0.035043
0.026731	0.067227	0.040496	-0.046979	-0.006883	0.053861	0.004797	0.024919	0.019881	0.004924	0.004921	0.029946
-0.010038	0.029468	0.039506	-0.009715	-0.024772	0.034487	0.005617	0.015140	0.010487	0.000046	0.000042	0.025555
-0.015058	0.020046	0.035103	-0.002494	-0.025081	0.027575	0.003971	0.009186	0.004913	-0.004896	-0.005098	0.024856
-0.020180	0.014708	0.034888	0.002736	-0.027534	0.024798	-0.013518	-0.008939	0.000041	-0.005073	-0.009502	0.025037
0.005369	0.035835	0.030467	-0.020602	-0.012549	0.033151	-0.010683	-0.000655	-0.005052	-0.009904	-0.010152	0.025009
0.028856	0.054481	0.025625	-0.041668	0.001616	0.040053	-0.008826	0.010291	-0.009936	-0.015131	-0.014474	0.024418
0.021089	0.045535	0.024446	-0.033312	-0.001678	0.034990	-0.005656	0.005180	-0.015278	-0.015215	-0.020116	0.020287
0.013969	0.034840	0.020872	-0.024404	-0.003452	0.027856	-0.004205	0.005045	-0.024888	-0.034949	-0.019906	0.019916
0.006086	0.024991	0.018905	-0.015539	-0.006410	0.021948	-0.000815	0.004905	-0.034989	-0.049998	-0.025101	0.020037
-0.001177	0.015131	0.016308	-0.006977	-0.008743	0.015720	0.000676	0.005126	-0.039951	-0.044988	-0.029918	0.019980
-0.008734	0.004357	0.013092	0.002189	-0.010913	0.008724	0.004823	0.004630	-0.039960	-0.044761	-0.030220	0.020033
-0.022380	0.000637	0.023018	0.010871	-0.022699	0.011828	0.010070	0.000631	-0.040058	-0.045091	-0.034498	0.019569
-0.036806	0.039632	0.076437	-0.001413	-0.056621	0.058034	0.014980	-0.000097	-0.039992	-0.044988	-0.035001	0.015041
0.018101	0.075024	0.056923	-0.046563	-0.019411	0.065974	0.020002	0.000106	-0.040034	-0.045036	-0.035034	0.014607
0.019854	0.054963	0.035109	-0.037409	-0.007628	0.045036	0.025016	-0.000161	-0.039994	-0.044993	-0.034983	0.014996
0.032571	0.041206	0.008635	-0.036888	0.011968	0.024920	0.025351	0.000480	-0.040014	-0.045020	-0.035017	0.015390
0.065189	0.058414	-0.006775	-0.061801	0.035982	0.025819	0.019955	-0.000086	-0.040015	-0.045013	-0.035010	0.014971
-0.005306	0.055637	0.060943	-0.025165	-0.033125	0.058290	0.019605	-0.004543	-0.040006	-0.045005	-0.035005	0.010432
0.007212	0.054718	0.047506	-0.030965	-0.020147	0.051112	0.020130	-0.005052	-0.039993	-0.045031	-0.034996	0.009955
0.031389	0.055515	0.024126	-0.043452	0.003632	0.039820	0.019946	-0.004999	-0.039997	-0.044540	-0.035005	0.010023
0.044374	0.049889	0.005516	-0.047132	0.019429	0.027703	0.020045	-0.004974	-0.040016	-0.040102	-0.035007	0.009962
0.065301	0.049660	-0.015641	-0.057481	0.040471	0.017009	0.019988	-0.005582	-0.040000	-0.039516	-0.035014	0.010095
0.050177	0.049976	-0.000201	-0.050077	0.025189	0.024887	0.020002	-0.009691	-0.039990	-0.040135	-0.034969	0.009667
0.034888	0.045015	0.010127	-0.039952	0.012380	0.027571	0.020015	-0.010095	-0.040003	-0.039920	-0.035037	0.005617
0.025006	0.044971	0.019966	-0.034988	0.002520	0.032468	0.019973	-0.009958	-0.040009	-0.040032	-0.034956	0.004917
0.014580	0.045079	0.030498	-0.029830	-0.007959	0.037789	0.020080	-0.010038	-0.040009	-0.040013	-0.035095	0.005106
-0.000202	0.039912	0.040114	-0.019855	-0.020158	0.040013	0.019683	-0.010015	-0.039976	-0.039916	-0.034828	0.004666
-0.009622	0.040520	0.050141	-0.015449	-0.029881	0.045331	0.015581	-0.009594	-0.040025	-0.040108	-0.035462	0.000610
0.004968	0.039888	0.034920	-0.022428	-0.014976	0.037404	0.014971	-0.005024	-0.039974	-0.039814	-0.034947	-0.000075
0.014764	0.035482	0.020718	-0.025123	-0.002977	0.028100	0.015003	-0.004621	-0.040085	-0.040351	-0.030418	0.000092
0.030758	0.034955	0.004197	-0.032857	0.013281	0.019576	0.014990	-0.004998	-0.039677	-0.039115	-0.029990	-0.000313
0.038964	0.034588	-0.004376	-0.036776	0.021670	0.015106	0.014991	-0.005397	-0.035580	-0.041083	-0.029923	-0.004417
-0.004476	0.030042	0.034518	-0.012783	-0.019497	0.032280	0.015011	-0.004967	-0.034981	-0.058749	-0.030121	-0.005034
-0.044995	0.029614	0.074609	0.007691	-0.059802	0.052111	0.014981	-0.000430	-0.035003	-0.055713	-0.029834	-0.005002
-0.023565	0.029831	0.053396	-0.003133	-0.038481	0.041614	0.015006	0.000037	-0.034990	-0.054446	-0.030136	-0.004951
-0.012811	0.025511	0.038322	-0.006350	-0.025567	0.031917	0.014963	-0.000017	-0.034998	-0.055252	-0.024169	-0.005464
-0.066343	0.024991	0.091335	0.020676	-0.078839	0.058163	0.015025	0.000032	-0.035014	-0.054876	-0.025717	-0.009910
-0.062470	0.025051	0.087521	0.018709	-0.074995	0.056286	0.015484	-0.000080	-0.034997	-0.055100	-0.043921	-0.010506
-0.053264	0.024702	0.077966	0.014281	-0.065615	0.051334	0.019844	0.000312	-0.034993	-0.054931	-0.040961	-0.009765
-0.051410	0.020565	0.071975	0.015423	-0.061692	0.046270	0.019602	0.004416	-0.034992	-0.055041	-0.039669	-0.010592
-0.044158	0.019986	0.064143	0.012086	-0.054150	0.042064	0.020044	0.005036	-0.035047	-0.055028	-0.040225	-0.014809
-0.036444	0.019989	0.056432	0.008227	-0.046438	0.038210	0.024582	0.004997	-0.034415	-0.054441	-0.039314	-0.015618
-0.027941	0.020045	0.047986	0.003948	-0.037963	0.034016	0.024958	0.004950	-0.030305	-0.050296	-0.035386	-0.014643
-0.022525	0.019518	0.042043	0.001503	-0.032284	0.030781	0.025480	0.005448	-0.029916	-0.049917	-0.034864	-0.015604
-0.057235	0.015092	0.072326	0.021071	-0.064780	0.043709	0.029885	0.009917	-0.030045	-0.050062	-0.035118	-0.014849
-0.056997	0.014484	0.071481	0.021257	-0.064239	0.042983	0.030517	0.010470	-0.029987	-0.049981	-0.034387	-0.010511
-0.048657	0.015193	0.063850	0.016732	-0.056253	0.039521	0.029933	0.009830	-0.029984	-0.050011	-0.030327	-0.009969
-0.045795	0.014421	0.060216	0.015687	-0.053005	0.037318	0.035043	0.010074	-0.030025	-0.050007	-0.029927	-0.009586
-0.049152	0.010145	0.059297	0.019504	-0.054224	0.034721	0.035020	0.009940	-0.029961	-0.050016	-0.030012	-0.005058
-0.045581	0.009447	0.055028	0.018067	-0.050305	0.032238	0.034953	0.010555	-0.030086	-0.050044	-0.030065	-0.004583
-0.039964	0.010253	0.050216	0.014855	-0.045090	0.030234	0.040066	0.014890	-0.029830	-0.049801	-0.029678	-0.004899
-0.040377	0.009262	0.049639	0.015557	-0.045008	0.029451	0.039486	0.020020	-0.030478	-0.045034	-0.025600	-0.000457
-0.035238	0.010732	0.045971	0.012253	-0.040604	0.028351	0.040140	0.025040	-0.029929	-0.040006	-0.024920	0.000463
0.000595	0.040377	0.039782	-0.020486	-0.019594	0.040080	0.044514	0.029913	-0.025455	-0.034992	-0.025110	0.005303
0.028506	0.069409	0.040902	-0.048958	-0.006198	0.055156	0.045111	0.035307	-0.024948	-0.029986	-0.024620	0.004977
0.048334	0.066315	0.017981	-0.057325	0.015176	0.042148	0.044525	0.039800	-0.025006	-0.024978	-0.020638	0.004774
0.060320	0.064272	0.003952	-0.062296	0.028184	0.034112	0.040112	0.034939	-0.025010	-0.020017	-0.019870	0.009460
-0.010539	0.060731	0.071270	-0.025096	-0.040904	0.066000	0.039517	0.034690	-0.024994	-0.014953	-0.020149	0.010593
0.012939	0.059543	0.046603	-0.036241	-0.016832	0.053073	0.040166	0.034963	-0.025040	-0.010034	-0.019720	0.014686
0.034887	0.055768	0.020881	-0.045328	0.007003	0.038325	0.039905	0.035427	-0.024548	-0.004812	-0.020648	0.015181
-0.030556	0.054218	0.084774	-0.011831	-0.057665	0.069496	0.040078	0.034966	-0.020085	-0.005102	-0.019433	0.014240
0.024107	0.050784	0.026678	-0.037446	-0.001285	0.038731	0.039957	0.030446	-0.019528	-0.024537	-0.021088	0.010738
0.062167	0.049508	-0.012659	-0.055837	0.037413	0.018424	0.040022	0.029957	-0.020144	-0.039699	-0.043697	0.009690
-0.003984	0.045769	0.049753	-0.020892	-0.026869	0.047761	0.039975	0.030021	-0.019931	-0.035095	-0.041101	0.010557
0.053405	0.044226	-0.009179	-0.048815	0.031292	0.017523	0.040059	0.029979	-0.020024	-0.034422	-0.039719	0.009877
-0.021528	0.040708	0.062236	-0.009590	-0.041882	0.051472	0.039410	0.030077	-0.020050	-0.035210	-0.040224	0.005489
-0.031024	0.039564	0.070588	-0.004270	-0.050806	0.055076	0.035306	0.029681	-0.019704	-0.034627	-0.034835	0.004939
-0.026077	0.035619	0.061696	-0.004771	-0.043886	0.048658	0.034915	0.025582	-0.015572	-0.030641	-0.035592	0.005013
-0.027821	0.034455	0.062277	-0.003317	-0.045049	0.048366	0.035050	0.024975	-0.014978	-0.029923	-0.034855	0.005029
-0.028673	0.029739	0.058412	-0.000533	-0.043543	0.044075	0.034982	0.024996	-0.015007	-0.030117	-0.030504	0.004415
-0.030684	0.029977	0.060662	0.000354	-0.045673	0.045319	0.034991	0.025062	-0.014998	-0.029687	-0.029985	0.000310
-0.024742	0.030208	0.054949	-0.002733	-0.039845	0.042578	0.035013	0.024519	-0.015015	-0.025597	-0.029553	-0.000103
-0.029297	0.025566	0.054862	0.001866	-0.042079	0.040214	0.034978	0.020137	-0.014998	-0.024974	-0.025123	0.000081
-0.025251	0.024347	0.049598	0.000452	-0.037425	0.036973	0.035079	0.019448	-0.015037	-0.024997	-0.024484	-0.000630
-0.029502	0.020390	0.049892	0.004556	-0.039697	0.035141	0.034682	0.020253	-0.014768	-0.025043	-0.025058	-0.004660
-0.030308	0.019248	0.049556	0.005530	-0.039932	0.034402	0.030577	0.019764	-0.010468	-0.024522	-0.019940	-0.005135
-0.029716	0.015811	0.045526	0.006953	-0.037621	0.030669	0.029981	0.020279	-0.009955	-0.020105	-0.020009	-0.004906
-0.030511	0.014091	0.044602	0.008210	-0.037556	0.029346	0.030005	0.019578	-0.005384	-0.019478	-0.020028	-0.005132
-0.024445	0.015479	0.039924	0.004483	-0.032185	0.027702	0.029992	0.020952	-0.000155	-0.020230	-0.014926	-0.004655
-0.005762	0.034979	0.040741	-0.014608	-0.023252	0.037860	0.030005	0.018367	0.000524	-0.019390	-0.015487	-0.000667
0.010814	0.049913	0.039100	-0.030364	-0.014143	0.044506	0.030006	-0.002986	0.004974	-0.015212	-0.014903	0.000716
0.029809	0.065298	0.035489	-0.047553	-0.002840	0.050394	0.030006	0.003732	0.010136	-0.014359	-0.010432	0.004372
0.045735	0.079634	0.033899	-0.062685	0.005918	0.056767	0.030026	0.010861	0.010248	-0.015402	-0.010013	0.005292
0.038858	0.075105	0.036246	-0.056982	0.001306	0.055676	0.029568	0.019617	0.004887	-0.014051	-0.009606	0.009837
0.011388	0.074485	0.063097	-0.042936	-0.025855	0.068791	0.025059	0.024505	0.005079	-0.015745	-0.010671	0.009993
0.019013	0.075137	0.056125	-0.047075	-0.018556	0.065631	0.024597	0.020388	0.004966	-0.034467	-0.024826	0.005431
0.030780	0.075013	0.044233	-0.052896	-0.006726	0.059623	0.024871	0.020020	0.000097	-0.040590	-0.034834	0.004984
0.039232	0.074614	0.035382	-0.056923	0.001925	0.054998	0.020458	0.019958	0.000076	-0.039699	-0.030094	0.004993
0.045268	0.070088	0.024820	-0.057678	0.010224	0.047454	0.020082	0.020041	-0.000065	-0.040200	-0.029423	0.005047
0.055173	0.069591	0.014418	-0.062382	0.020378	0.042005	0.019919	0.019976	-0.000446	-0.039886	-0.030201	0.004415
0.064532	0.070096	0.005564	-0.067314	0.029484	0.037830	0.019959	0.020066	-0.004900	-0.040113	-0.029656	0.000320
0.035418	0.070270	0.034852	-0.052844	0.000283	0.052561	0.014996	0.019551	-0.004512	-0.039884	-0.025554	-0.000079
0.005167	0.070047	0.064881	-0.037607	-0.029857	0.067464	0.015031	0.015099	-0.005154	-0.040147	-0.025038	0.000034
0.004436	0.060156	0.055721	-0.032296	-0.025643	0.057938	0.014969	0.014515	-0.009392	-0.039829	-0.024882	-0.000017
0.010215	0.054652	0.044437	-0.032433	-0.017111	0.049545	0.010122	0.015188	-0.010304	-0.040237	-0.025224	0.000037
0.014489	0.049720	0.035231	-0.032105	-0.010371	0.042475	0.009972	0.014879	-0.009352	-0.039648	-0.024215	-0.000430
0.015069	0.039984	0.024915	-0.027526	-0.004923	0.032450	0.010453	0.015113	-0.010334	-0.040542	-0.020930	-0.004967
0.020229	0.034604	0.014375	-0.027416	0.002927	0.024489	0.010133	0.014902	-0.014137	-0.039106	-0.019516	-0.005394
0.024610	0.030025	0.005414	-0.027317	0.009598	0.017719	0.000175	0.015001	-0.015867	-0.041918	-0.020801	-0.004998
-0.000031	0.025379	0.025410	-0.012674	-0.012720	0.025394	-0.009996	0.009516	-0.013739	-0.036679	-0.018801	-0.004615
-0.019712	0.025126	0.044839	-0.002707	-0.032275	0.034982	-0.019954	0.005121	-0.017538	-0.019031	-0.021880	-0.005031
-0.015825	0.024778	0.040603	-0.004477	-0.028214	0.032691	-0.024400	0.004476	-0.053188	-0.061427	-0.053184	-0.009582
-0.009700	0.025279	0.034979	-0.007789	-0.022339	0.030129	-0.020248	0.000122	-0.051575	-0.062664	-0.051087	-0.010025
-0.005646	0.024121	0.029767	-0.009238	-0.017706	0.026944	-0.019981	-0.004989	-0.044389	-0.058368	-0.049229	-0.010010
-0.004900	0.021035	0.025936	-0.008067	-0.015418	0.023485	-0.020049	-0.004881	-0.040383	-0.056317	-0.050330	-0.009997
-0.004617	0.019371	0.023988	-0.007377	-0.014303	0.021679	-0.019433	-0.000562	-0.034743	-0.053972	-0.045238	-0.010007
0.000414	0.021082	0.020668	-0.010748	-0.010127	0.020875	-0.015327	0.000209	-0.030409	-0.050630	-0.045136	-0.010002
0.003827	0.017874	0.014047	-0.010850	-0.005110	0.015960	-0.014920	-0.000500	-0.029406	-0.049282	-0.044490	-0.009991
0.011323	0.023107	0.011785	-0.017215	-0.000231	0.017446	-0.015082	0.000086	-0.025180	-0.045259	-0.040116	-0.010016
0.069508	0.072188	0.002681	-0.070848	0.033413	0.037435	-0.014406	0.004533	-0.024474	-0.044430	-0.039578	-0.009982
0.052788	0.062244	0.009456	-0.057516	0.021666	0.035850	-0.010314	0.005042	-0.025198	-0.045216	-0.040028	-0.010026
0.009827	0.048703	0.038876	-0.029265	-0.014524	0.043789	-0.009930	0.004993	-0.024895	-0.044906	-0.040384	-0.009952
0.034147	0.041251	0.007104	-0.037699	0.013521	0.024177	-0.010004	0.004970	-0.025061	-0.045043	-0.039979	-0.010070
-0.035153	0.029507	0.064661	0.002823	-0.049907	0.047084	-0.010066	0.005586	-0.024962	-0.045036	-0.035427	-0.009887
-0.032781	0.020086	0.052866	0.006348	-0.042823	0.036476	-0.009680	0.009687	-0.024998	-0.044701	-0.034950	-0.010187
-0.023801	0.010057	0.033858	0.006872	-0.028830	0.021958	-0.005594	0.010099	-0.025006	-0.040560	-0.035014	-0.009477
-0.045446	0.015276	0.060722	0.015085	-0.053084	0.037999	-0.004929	0.009925	-0.024976	-0.039992	-0.034981	-0.010146
-0.035350	0.019795	0.055145	0.007777	-0.045248	0.037470	-0.005088	0.010622	-0.025080	-0.039995	-0.035077	-0.014446
-0.029897	0.020220	0.050117	0.004838	-0.040007	0.035169	-0.004678	0.014663	-0.024682	-0.039992	-0.034679	-0.015210
-0.024641	0.024935	0.049575	-0.000147	-0.037108	0.037255	-0.000571	0.015127	-0.020581	-0.039992	-0.030582	-0.014509
-0.014569	0.029895	0.044464	-0.007663	-0.029516	0.037179	0.000029	0.014919	-0.019973	-0.040047	-0.029976	-0.015091
-0.010192	0.030004	0.040196	-0.009906	-0.025194	0.035100	0.000006	0.015121	-0.020003	-0.039413	-0.029996	-0.019541
-0.014515	0.024952	0.039467	-0.005218	-0.026991	0.032210	0.000036	0.014671	-0.019987	-0.035298	-0.030030	-0.020041
-0.000928	0.025500	0.026427	-0.012286	-0.013677	0.025964	-0.000417	0.010607	-0.019999	-0.034907	-0.029541	-0.019996
0.010105	0.024902	0.014797	-0.017504	-0.002346	0.019850	-0.004969	0.009962	-0.019999	-0.035054	-0.025087	-0.019977
0.015421	0.020483	0.005062	-0.017952	0.005179	0.012772	-0.005386	0.010025	-0.020006	-0.034970	-0.024515	-0.020585
0.024792	0.019941	-0.004852	-0.022367	0.014822	0.007544	-0.004988	0.010044	-0.019947	-0.035004	-0.025145	-0.024684
0.035294	0.020071	-0.015223	-0.027683	0.025259	0.002424	-0.004610	0.009576	-0.020043	-0.034991	-0.024909	-0.025098
0.045057	0.019355	-0.025702	-0.032206	0.035380	-0.003174	-0.005024	0.005062	-0.019894	-0.034988	-0.025025	-0.024930
0.008390	0.015561	0.007170	-0.011975	0.000610	0.011365	-0.009583	0.004574	-0.020690	-0.035573	-0.025547	-0.025620
-0.011908	0.014985	0.026892	-0.001538	-0.019400	0.020939	-0.010016	0.005069	-0.024497	-0.039682	-0.029677	-0.029655
0.000482	0.014440	0.013957	-0.007461	-0.006737	0.014198	-0.010014	0.005301	-0.025380	-0.040077	-0.030129	-0.030126
-0.051144	0.010634	0.061777	0.020255	-0.056460	0.036206	-0.009961	0.004936	-0.024134	-0.040008	-0.029516	-0.029923
-0.007026	0.009951	0.016977	-0.001463	-0.012001	0.013464	-0.010596	-0.004658	-0.025548	-0.039442	-0.029862	-0.030121
0.045544	0.009998	-0.035545	-0.027771	0.040544	-0.012773	-0.014635	-0.015077	-0.028971	-0.035291	-0.039857	-0.029668
0.025025	0.009586	-0.015439	-0.017306	0.020232	-0.002926	-0.015544	-0.024875	-0.031055	-0.034921	-0.044892	-0.025597
0.005538	0.004990	-0.000548	-0.005264	0.003043	0.002221	-0.019883	-0.029506	-0.048830	-0.035050	-0.039930	-0.024971
-0.015204	0.004672	0.019877	0.005266	-0.017541	0.012274	-0.020509	-0.024652	-0.045579	-0.034976	-0.039631	-0.025010
-0.028970	0.004728	0.033698	0.012121	-0.031334	0.019213	-0.019818	-0.025084	-0.044778	-0.035005	-0.040099	-0.024992
-0.026729	0.005279	0.032009	0.010725	-0.029369	0.018644	-0.020106	-0.025232	-0.045388	-0.034988	-0.039959	-0.025003
-0.048643	0.014482	0.063125	0.017081	-0.055884	0.038803	-0.019944	-0.020526	-0.040434	-0.035020	-0.040041	-0.025033
-0.008888	0.020465	0.029353	-0.005788	-0.019121	0.024909	-0.020045	-0.020031	-0.040087	-0.034991	-0.039993	-0.024432
0.031859	0.029977	-0.001882	-0.030918	0.016870	0.014048	-0.019972	-0.020010	-0.039953	-0.034992	-0.039995	-0.020283
0.014742	0.034900	0.020158	-0.024821	-0.002708	0.027529	-0.020018	-0.019608	-0.039628	-0.034995	-0.040017	-0.019949
0.055510	0.029803	-0.025707	-0.042657	0.040609	0.002048	-0.019999	-0.015028	-0.035017	-0.035014	-0.039982	-0.019991
0.042702	0.029902	-0.012801	-0.036302	0.027752	0.008551	-0.020006	-0.014626	-0.034637	-0.034997	-0.040078	-0.020066
0.022743	0.029345	0.006602	-0.026044	0.008070	0.017974	-0.019994	-0.014828	-0.034811	-0.034987	-0.039678	-0.019840
0.006194	0.031024	0.024830	-0.018609	-0.009318	0.027927	-0.019997	-0.010506	-0.030503	-0.034999	-0.035580	-0.020476
0.014027	0.054332	0.040305	-0.034179	-0.013139	0.047318	-0.020013	-0.009994	-0.029999	-0.035005	-0.034981	-0.019919
0.030717	0.060919	0.030202	-0.045818	0.000258	0.045560	-0.019998	-0.010033	-0.029988	-0.035005	-0.035006	-0.015467
0.039154	0.059599	0.020446	-0.049377	0.009354	0.040023	-0.020014	-0.009718	-0.030110	-0.034977	-0.034994	-0.014923
0.050752	0.060790	0.010037	-0.055771	0.020358	0.035413	-0.019996	-0.005530	-0.034931	-0.035014	-0.035006	-0.015050
0.059060	0.064308	0.005248	-0.061684	0.026906	0.034778	-0.020032	-0.005018	-0.035082	-0.034985	-0.035014	-0.014938
0.035973	0.065072	0.029099	-0.050522	0.003437	0.047085	-0.019979	-0.004928	-0.034903	-0.035049	-0.035006	-0.015110
0.014964	0.064684	0.049720	-0.039824	-0.017378	0.057202	-0.020065	-0.005129	-0.040098	-0.034871	-0.035002	-0.014803
0.010045	0.050351	0.040306	-0.030198	-0.015130	0.045329	-0.019903	-0.004577	-0.039452	-0.035600	-0.035007	-0.015522
0.005604	0.034998	0.029394	-0.020301	-0.011895	0.032196	-0.020549	-0.005004	-0.040182	-0.039345	-0.035039	-0.014860
0.004366	0.024463	0.020097	-0.014414	-0.007865	0.022280	-0.020029	-0.009691	-0.044472	-0.040570	-0.034459	-0.010552
0.000206	0.010224	0.010018	-0.005215	-0.004906	0.010121	-0.010475	-0.009736	-0.045145	-0.044909	-0.030117	-0.009779
-0.005513	-0.005796	-0.000282	0.005655	-0.002615	-0.003039	-0.004868	-0.009886	-0.044897	-0.045365	-0.024948	-0.010489
-0.009901	-0.014273	-0.004372	0.012087	-0.002765	-0.009322	-0.000074	-0.014434	-0.044983	-0.039978	-0.020058	-0.009918
-0.011170	-0.000698	0.010472	0.005934	-0.010821	0.004887	0.005060	-0.015083	-0.040434	-0.039568	-0.014922	-0.005459
-0.014468	0.010607	0.025075	0.001930	-0.019772	0.017841	0.009952	-0.014648	-0.035104	-0.040034	-0.010278	-0.004954
0.014481	0.054731	0.040250	-0.034606	-0.012884	0.047490	0.015106	-0.005239	-0.034557	-0.034963	-0.009468	-0.005010
0.044522	0.094379	0.049857	-0.069450	-0.002668	0.072118	0.019330	0.000656	-0.030478	-0.035051	-0.005142	-0.005031
0.044719	0.090586	0.045867	-0.067653	-0.000574	0.068227	0.020104	0.004793	-0.030299	-0.034978	-0.004466	-0.004428
0.045091	0.089713	0.044622	-0.067402	0.000234	0.067168	0.019983	0.010125	-0.024981	-0.030100	-0.005066	-0.000313
0.049665	0.090163	0.040498	-0.069914	0.004584	0.065330	0.020030	0.014878	-0.019758	-0.030049	0.000056	0.000082
0.049861	0.090412	0.040551	-0.070137	0.004655	0.065481	0.020005	0.020163	-0.019488	-0.030006	-0.000003	-0.000057
0.039552	0.079493	0.039941	-0.059523	-0.000194	0.059717	0.020018	0.024270	-0.015538	-0.029477	-0.000038	0.000022
0.040949	0.075976	0.035027	-0.058463	0.002961	0.055501	0.020005	0.025607	-0.014748	-0.025112	0.005065	0.000103
0.027549	0.063024	0.035475	-0.045286	-0.003963	0.049249	0.020008	0.028869	-0.010021	-0.019952	0.004489	0.005070
0.028795	0.063759	0.034964	-0.046277	-0.003084	0.049361	0.020035	0.030766	-0.005007	-0.015056	0.005116	0.009844
0.101249	0.131642	0.030392	-0.116446	0.035429	0.081017	0.019432	0.039083	-0.000495	-0.009942	0.009535	0.015249
0.102342	0.132486	0.030144	-0.117414	0.036099	0.081315	0.015294	0.035686	0.000153	-0.005065	0.009984	0.019589
0.094119	0.123212	0.029093	-0.108665	0.032513	0.076152	0.014945	0.034770	0.005385	0.000148	0.010475	0.025748
0.096216	0.120741	0.024525	-0.108478	0.035845	0.072633	0.014997	0.035121	0.009958	0.004378	0.014865	0.023748
0.089360	0.114558	0.025198	-0.101959	0.032081	0.069878	0.015077	0.034980	0.010451	0.011272	0.015559	0.021714
0.085117	0.110594	0.025477	-0.097855	0.029820	0.068035	0.014675	0.034785	0.014962	0.029176	0.014871	0.048510
0.089777	0.109871	0.020093	-0.099824	0.034842	0.064982	0.010609	0.030477	0.019870	0.025542	0.020155	0.046078
0.085005	0.099599	0.014594	-0.092302	0.035205	0.057097	0.009920	0.030111	0.020097	0.019896	0.019855	0.044798
0.086343	0.096070	0.009727	-0.091206	0.038308	0.052899	0.010093	0.029836	0.014647	0.019634	0.020212	0.045110
0.082406	0.088353	0.005947	-0.085380	0.038230	0.047150	0.009829	0.030247	0.015232	0.015262	0.024682	0.040077
0.089849	0.087401	-0.002448	-0.088625	0.046148	0.042477	0.010480	0.029891	0.024595	0.014517	0.030219	0.039803
0.134918	0.131840	-0.003078	-0.133379	0.068998	0.064381	0.009918	0.041249	0.030039	0.010491	0.039367	0.039914
0.073836	0.127109	0.053273	-0.100472	0.010281	0.090191	0.005456	0.059116	0.039725	0.010303	0.035406	0.050555
0.078853	0.113962	0.035110	-0.096408	0.021872	0.074536	0.004961	0.050974	0.045204	0.004985	0.029938	0.059478
0.088446	0.105551	0.017105	-0.096999	0.035671	0.061328	0.004996	0.044140	0.035226	-0.000216	0.025059	0.050218
0.021645	0.094731	0.073085	-0.058188	-0.025720	0.083908	0.005055	0.035860	0.025038	-0.000557	0.019961	0.044402
0.060473	0.085214	0.024741	-0.072844	0.017866	0.054978	0.004397	0.029270	0.019605	-0.004389	0.015611	0.040167
0.097469	0.074860	-0.022609	-0.086165	0.060039	0.026126	0.000361	0.020393	0.009953	-0.005404	0.014687	0.034907
0.063952	0.065093	0.001141	-0.064523	0.031406	0.033117	-0.000137	0.014821	0.000541	-0.009307	0.010116	0.030085
0.091647	0.054973	-0.036674	-0.073310	0.064160	0.009150	0.000132	0.010692	-0.005016	-0.010754	0.004955	0.024903
0.051213	0.045023	-0.006190	-0.048118	0.028701	0.019416	-0.000180	0.009960	-0.010008	-0.014319	0.000031	0.020678
0.005206	0.034998	0.029792	-0.020102	-0.012293	0.032395	0.000405	0.009880	-0.015013	-0.015363	-0.005020	0.019515
-0.001738	0.024934	0.026673	-0.011598	-0.014206	0.025804	-0.000370	0.010440	-0.019980	-0.019865	-0.009998	0.015756
-0.038271	0.015124	0.053395	0.011573	-0.045833	0.034260	-0.009478	0.009925	-0.025038	-0.025107	-0.015006	0.014195
-0.015291	0.004138	0.019428	0.005577	-0.017360	0.011783	-0.015443	0.005442	-0.030015	-0.029906	-0.020026	0.010749
0.003087	-0.004503	-0.007589	0.000708	0.005338	-0.006046	-0.025114	0.004934	-0.034700	-0.035158	-0.024984	0.009499
-0.001934	0.004908	0.006842	-0.001487	-0.004388	0.005875	-0.029701	0.005023	-0.030115	-0.039409	-0.030055	0.005740
0.047129	0.010005	-0.037124	-0.028567	0.042126	-0.013560	-0.025548	0.004961	-0.029526	-0.040104	-0.034971	0.004224
0.047289	0.015116	-0.032174	-0.031203	0.039732	-0.008529	-0.024517	0.005083	-0.029912	-0.039910	-0.039586	0.000684
0.043437	0.019591	-0.023846	-0.031514	0.033641	-0.002128	-0.020152	0.004685	-0.030468	-0.040168	-0.039928	-0.000355
0.010463	-0.010392	-0.020855	-0.000036	0.015659	-0.015623	-0.020398	0.000582	-0.029467	-0.039523	-0.040485	-0.004907
-0.024665	-0.034749	-0.010084	0.029707	-0.007290	-0.022417	-0.019999	-0.000028	-0.031217	-0.040103	-0.039905	-0.010036
-0.025213	-0.030583	-0.005370	0.027898	-0.009921	-0.017976	-0.015405	0.000003	-0.058688	-0.044551	-0.035546	-0.015019
-0.024874	-0.024969	-0.000096	0.024921	-0.012389	-0.012532	-0.014892	0.000043	-0.061209	-0.045041	-0.034800	-0.019972
-0.004665	-0.019962	-0.015297	0.012314	0.005316	-0.017630	-0.010011	-0.000454	-0.059511	-0.045009	-0.035487	-0.024933
0.014015	-0.015139	-0.029154	0.000562	0.021585	-0.022147	-0.010019	-0.004939	-0.060327	-0.044979	-0.034934	-0.024955
0.015700	-0.009207	-0.024906	-0.003247	0.020303	-0.017056	-0.009974	-0.005482	-0.059809	-0.045600	-0.030450	-0.020458
0.014157	-0.005394	-0.019550	-0.004382	0.016853	-0.012472	-0.005158	-0.004924	-0.060191	-0.049660	-0.029949	-0.019960
0.005923	-0.014671	-0.020594	0.004374	0.013258	-0.017632	-0.004593	-0.005123	-0.059851	-0.050137	-0.029958	-0.019974
-0.006078	-0.019861	-0.013783	0.012969	0.003853	-0.016822	-0.000061	-0.004627	-0.060252	-0.049904	-0.030091	-0.020053
-0.018712	-0.030041	-0.011329	0.024376	-0.003691	-0.020685	0.000409	-0.005314	-0.059786	-0.050234	-0.029355	-0.019946
-0.027109	-0.034672	-0.007563	0.030890	-0.009773	-0.021117	0.000002	-0.020371	-0.060689	-0.049630	-0.025481	-0.020139
-0.032551	-0.025750	0.006801	0.029150	-0.019676	-0.009475	0.004864	-0.029499	-0.059589	-0.045955	-0.024806	-0.019881
0.007727	-0.019367	-0.027094	0.005820	0.017411	-0.023230	0.005206	-0.015876	-0.050911	-0.044091	-0.025363	-0.020277
-0.015130	-0.015538	-0.000408	0.015334	-0.007361	-0.007973	0.005130	0.000259	-0.044212	-0.041176	-0.024615	-0.019647
-0.033986	-0.009008	0.024978	0.021497	-0.029482	0.007985	0.019965	0.029548	-0.036208	-0.039263	-0.026384	-0.021251
0.003261	0.023646	0.020385	-0.013454	-0.008562	0.022016	0.029776	0.060106	-0.029164	-0.036942	-0.034019	-0.029114
-0.040310	0.010320	0.050630	0.014995	-0.045470	0.030475	0.045573	0.100384	-0.021420	-0.033188	-0.042406	-0.036813
-0.031973	0.001558	0.033531	0.015208	-0.032752	0.017545	0.053411	0.118793	-0.013228	-0.032637	-0.057893	-0.052930
0.009454	0.038058	0.028604	-0.023756	-0.009575	0.033331	0.062372	0.167804	0.058377	-0.027316	-0.022287	-0.026615
-0.024199	0.076852	0.101051	-0.026327	-0.062625	0.088952	0.102705	0.266499	0.131081	0.062317	0.016068	0.001247
0.049078	0.142662	0.093584	-0.095870	-0.022253	0.118123	0.108238	0.334623	0.220252	0.147402	0.084570	0.039358
0.104259	0.177159	0.072899	-0.140709	0.015680	0.125029	0.102335	0.401100	0.325445	0.233726	0.154153	0.074996
0.187647	0.218664	0.031016	-0.203155	0.078316	0.124840	0.063671	0.395487	0.395581	0.316493	0.216231	0.120252
0.255357	0.240477	-0.014881	-0.247917	0.135119	0.112798	0.016970	0.376168	0.456438	0.399122	0.308988	0.194667
0.408782	0.317534	-0.091248	-0.363158	0.250015	0.113143	-0.076329	0.300434	0.489115	0.471991	0.391913	0.276698
0.609932	0.432104	-0.177828	-0.521018	0.393880	0.127138	-0.173456	0.185032	0.461431	0.509133	0.453450	0.338084
0.609151	0.432975	-0.176176	-0.521063	0.392664	0.128399	-0.276702	0.031384	0.430521	0.507295	0.492144	0.387850
0.633885	0.459628	-0.174256	-0.546756	0.404070	0.142686	-0.358291	-0.131663	0.369940	0.504014	0.549288	0.457310
0.644828	0.423110	-0.221718	-0.533969	0.433273	0.100696	-0.462711	-0.413162	0.164272	0.373716	0.494766	0.452560
0.556239	0.298225	-0.258014	-0.427232	0.407126	0.020105	-0.531687	-0.680062	-0.107988	0.157113	0.367027	0.438412
0.470028	0.273447	-0.196581	-0.371738	0.333304	0.038433	-0.589317	-1.022991	-0.307024	0.017948	0.318650	0.431875
0.390408	0.255908	-0.134500	-0.323158	0.262454	0.060704	-0.646393	-1.311463	-0.443228	-0.073042	0.275876	0.423406
0.274438	0.174001	-0.100437	-0.224220	0.187438	0.036782	-0.663780	-1.369083	-0.517549	-0.147091	0.209306	0.392007
0.167169	0.096673	-0.070496	-0.131921	0.118833	0.013088	-0.641811	-1.308240	-0.589438	-0.238120	0.145905	0.359130
0.122286	0.088474	-0.033813	-0.105380	0.078050	0.027330	-0.619478	-1.238218	-0.610886	-0.292020	0.078920	0.305828
0.087563	0.086312	-0.001251	-0.086937	0.044407	0.042530	-0.581387	-1.133038	-0.585688	-0.313591	0.015984	0.255072
0.097975	0.079497	-0.018478	-0.088736	0.058227	0.030509	-0.540431	-1.029414	-0.560363	-0.301834	0.003580	0.220028
0.086670	0.075156	-0.011514	-0.080913	0.049092	0.031821	-0.474163	-0.881164	-0.484746	-0.284054	-0.004607	0.190097
0.073937	0.069671	-0.004266	-0.071804	0.039101	0.032702	-0.380969	-0.689814	-0.381756	-0.236081	-0.015215	0.175198
0.065729	0.064642	-0.001088	-0.065186	0.033408	0.031777	-0.319639	-0.540628	-0.313785	-0.185284	-0.025689	0.159373
0.049378	0.054758	0.005380	-0.052068	0.021999	0.030069	-0.260232	-0.443992	-0.251843	-0.165695	-0.034444	0.115048
0.034791	0.045272	0.010481	-0.040032	0.012155	0.027877	-0.194468	-0.340163	-0.208819	-0.149760	-0.046434	0.075172
0.019334	0.034411	0.015078	-0.026873	0.002128	0.024745	-0.135280	-0.249797	-0.170428	-0.130284	-0.073880	0.064383
0.031275	0.026135	-0.005140	-0.028705	0.018207	0.010498	-0.099804	-0.189356	-0.139540	-0.114852	-0.071180	0.055055
0.037984	0.012686	-0.025298	-0.025335	0.031641	-0.006306	-0.070224	-0.135782	-0.115224	-0.100713	-0.069252	0.044937
0.012153	0.013123	0.000970	-0.012638	0.005592	0.007046	-0.028988	-0.078331	-0.069319	-0.089828	-0.070281	0.034925
0.043606	0.062334	0.018728	-0.052970	0.012439	0.040531	0.004460	-0.025614	-0.025731	-0.079903	-0.069923	0.024932
0.014202	0.036948	0.022746	-0.025575	-0.004272	0.029847	0.000503	-0.018666	-0.029174	-0.069983	-0.069657	0.015059
-0.052897	0.003960	0.056856	0.024469	-0.054876	0.030408	-0.004973	-0.020127	-0.029885	-0.059511	-0.065056	0.010005
-0.025794	-0.004797	0.020996	0.015295	-0.023395	0.008100	-0.005312	-0.019205	-0.029607	-0.050859	-0.064580	0.009531
-0.000115	-0.015206	-0.015091	0.007661	0.007488	-0.015149	-0.009851	-0.014959	-0.029300	-0.059624	-0.065143	0.005050
-0.024539	-0.025105	-0.000566	0.024822	-0.011987	-0.012836	-0.014834	-0.014398	-0.031209	-0.064917	-0.064929	0.005392
-0.039674	-0.029996	0.009678	0.034835	-0.024676	-0.010159	-0.014838	-0.014545	-0.053784	-0.059917	-0.065104	0.004962
-0.045192	-0.020763	0.024428	0.032978	-0.034810	0.001832	-0.005416	0.000026	-0.045848	-0.059596	-0.064387	0.000397
-0.049510	-0.014722	0.034788	0.032116	-0.042149	0.010033	0.005056	0.010114	-0.034670	-0.059953	-0.060306	-0.000162
-0.055739	-0.005420	0.050319	0.030579	-0.053029	0.022450	0.009952	0.019709	-0.029537	-0.055000	-0.059925	-0.004955
-0.059440	-0.000053	0.059386	0.029747	-0.059413	0.029667	0.020054	0.034596	-0.020212	-0.054985	-0.060024	-0.005062
-0.025347	0.009844	0.035191	0.007751	-0.030269	0.022518	0.029964	0.044893	-0.008779	-0.055062	-0.060066	-0.004920
0.000036	0.014757	0.014721	-0.007396	-0.007343	0.014739	0.035004	0.055148	-0.006135	-0.049913	-0.059669	-0.010089
0.026344	0.005470	-0.020875	-0.015907	0.023609	-0.007702	0.039545	0.060226	-0.028400	-0.050520	-0.055604	-0.009466
0.048587	-0.000562	-0.049149	-0.024012	0.048868	-0.024855	0.039987	0.059937	-0.026207	-0.049905	-0.054943	-0.010139
0.011287	-0.009502	-0.020789	-0.000893	0.016038	-0.015145	0.040056	0.060083	-0.024301	-0.045459	-0.055081	-0.014509
-0.020655	-0.015119	0.005535	0.017887	-0.013095	-0.004792	0.039991	0.059978	-0.025253	-0.044990	-0.054837	-0.015076
-0.050273	-0.025276	0.024997	0.037775	-0.037635	-0.000139	0.040028	0.060043	-0.024837	-0.044527	-0.055454	-0.014924
-0.069341	-0.029846	0.039495	0.049593	-0.054418	0.004825	0.040013	0.060009	-0.025106	-0.040140	-0.054974	-0.015664
-0.055390	-0.020877	0.034513	0.038134	-0.044952	0.006818	0.040013	0.060032	-0.024937	-0.039467	-0.050391	-0.019439
-0.044475	-0.014642	0.029834	0.029558	-0.037155	0.007596	0.040000	0.059940	-0.025029	-0.040083	-0.050081	-0.019996
-0.030536	-0.005518	0.025018	0.018027	-0.027777	0.009750	0.040000	0.060469	-0.024997	-0.034910	-0.049380	-0.020562
-0.020024	0.000044	0.020069	0.009990	-0.020046	0.010057	0.040018	0.064931	-0.024990	-0.035079	-0.045709	-0.024358
-0.004568	0.009710	0.014278	-0.002571	-0.009423	0.011994	0.039982	0.065498	-0.025076	-0.034939	-0.044909	-0.025065
0.004792	0.015051	0.010259	-0.009922	-0.002733	0.012655	0.040002	0.064794	-0.024682	-0.030105	-0.045063	-0.024941
-0.020290	0.004514	0.024805	0.007888	-0.022547	0.014660	0.039962	0.065140	-0.020581	-0.029998	-0.044533	-0.025462
-0.034168	0.000895	0.035063	0.016636	-0.034615	0.017979	0.040060	0.064904	-0.019975	-0.030035	-0.040102	-0.029925
-0.004979	0.014744	0.019722	-0.004882	-0.012350	0.017233	0.039925	0.065144	-0.020004	-0.029375	-0.039515	-0.030487
0.020028	0.025143	0.005114	-0.022585	0.007457	0.015129	0.040093	0.064786	-0.019998	-0.025400	-0.040191	-0.029827
0.030137	0.020285	-0.009853	-0.025211	0.019995	0.005216	0.039831	0.065503	-0.019999	-0.024299	-0.039474	-0.030097
0.034312	0.014945	-0.019367	-0.024628	0.026839	-0.002211	0.040304	0.064903	-0.020011	-0.020727	-0.035111	-0.029953
0.015191	0.014732	-0.000459	-0.014961	0.007825	0.007137	0.038884	0.060515	-0.020000	-0.019374	-0.034569	-0.030041
-0.009882	0.009662	0.019544	0.000110	-0.014713	0.014603	0.041132	0.059645	-0.020000	-0.015103	-0.034854	-0.029970
-0.035409	0.005190	0.040599	0.015110	-0.038004	0.022894	0.058434	0.055565	-0.020004	-0.014776	-0.030486	-0.030015
-0.049295	0.004430	0.053725	0.022433	-0.051510	0.029077	0.055686	0.054464	-0.020036	-0.024597	-0.030009	-0.030003
-0.025007	-0.009905	0.015102	0.017456	-0.020054	0.002598	0.053859	0.049789	-0.019423	-0.034985	-0.030033	-0.030005
-0.000613	-0.019815	-0.019201	0.010214	0.009294	-0.019508	0.050491	0.049836	-0.015355	-0.045089	-0.029709	-0.029991
0.015880	-0.014903	-0.030783	-0.000488	0.023331	-0.022843	0.049423	0.049388	-0.014474	-0.049834	-0.025544	-0.029998
0.028949	-0.010119	-0.039069	-0.009415	0.034009	-0.024594	0.045025	0.050096	-0.010113	-0.044932	-0.025011	-0.030013
0.001113	-0.005413	-0.006526	0.002150	0.003819	-0.005970	0.045792	0.069517	-0.009549	-0.044705	-0.024928	-0.029998
-0.031359	-0.004970	0.026389	0.018165	-0.028874	0.010709	0.054375	0.084840	-0.009916	-0.044792	-0.025272	-0.030000
-0.054161	0.000511	0.054672	0.026825	-0.054416	0.027591	0.066116	0.080652	-0.005454	-0.040556	-0.029428	-0.029999
-0.046192	0.004780	0.050972	0.020706	-0.048582	0.027876	0.084305	0.075018	-0.004538	-0.039986	-0.030561	-0.030017
-0.039337	0.005692	0.045029	0.016823	-0.042183	0.025360	0.080595	0.069931	0.000288	-0.040072	-0.035222	-0.030000
-0.030921	0.009453	0.040374	0.010734	-0.035647	0.024913	0.079493	0.065103	-0.000005	-0.039723	-0.034980	-0.030001
-0.018913	0.016318	0.035231	0.001297	-0.027072	0.025774	0.080223	0.059671	-0.000278	-0.035546	-0.030481	-0.030004
-0.016169	0.013657	0.029826	0.001256	-0.022997	0.021741	0.079904	0.060746	0.004529	-0.035033	-0.030003	-0.030041
-0.039366	-0.013130	0.026235	0.026248	-0.032800	0.006552	0.080093	0.078821	0.005467	-0.034949	-0.030052	-0.029422
-0.055197	-0.006242	0.048955	0.030720	-0.052076	0.021357	0.079936	0.085381	0.009898	-0.034911	-0.029859	-0.025353
-0.034595	0.000977	0.035572	0.016809	-0.035083	0.018275	0.080046	0.090242	0.009576	-0.030007	-0.030467	-0.024473
-0.015690	0.004338	0.020028	0.005676	-0.017859	0.012183	0.080009	0.095056	0.010069	-0.030016	-0.029933	-0.020117
0.011657	0.015914	0.004257	-0.013785	0.003700	0.010085	0.080017	0.095429	0.014568	-0.029985	-0.025461	-0.019549
0.026995	0.019115	-0.007880	-0.023055	0.017437	0.005618	0.079971	0.099701	0.014992	-0.025090	-0.024932	-0.019913
-0.006807	0.026647	0.033454	-0.009920	-0.020130	0.030050	0.079995	0.100516	0.015465	-0.025043	-0.025034	-0.015454
0.037740	0.052967	0.015227	-0.045353	0.011256	0.034097	0.080032	0.104494	0.019912	-0.025013	-0.024964	-0.014542
0.056316	0.051297	-0.005019	-0.053807	0.030668	0.023139	0.079991	0.105335	0.020493	-0.024440	-0.025094	-0.009712
0.040256	0.049246	0.008990	-0.044751	0.015633	0.029118	0.079981	0.114496	0.019812	-0.020329	-0.024682	-0.010002
0.024499	0.050369	0.025870	-0.037434	-0.000685	0.038119	0.079988	0.119977	0.020098	-0.019864	-0.020599	-0.010281
-0.003858	0.049818	0.053677	-0.022980	-0.028768	0.051747	0.080038	0.125073	0.019930	-0.020520	-0.019966	-0.005474
-0.000993	0.050154	0.051147	-0.024581	-0.026070	0.050650	0.079982	0.125186	0.020061	-0.020103	-0.020033	-0.004539
0.000879	0.049917	0.049038	-0.025398	-0.024080	0.049477	0.079997	0.125481	0.019916	-0.010314	-0.019976	-0.000097
0.004080	0.050071	0.045990	-0.027075	-0.020955	0.048031	0.079945	0.123811	0.020106	-0.005354	-0.020100	-0.000440
0.005905	0.049983	0.044079	-0.027944	-0.019087	0.047031	0.080093	0.122023	0.019470	0.000028	-0.019346	0.000075
0.009168	0.050028	0.040861	-0.029598	-0.015846	0.045445	0.079868	0.148306	0.019948	0.009555	-0.015086	0.004545
0.010555	0.049939	0.039385	-0.030247	-0.014415	0.044662	0.080335	0.156523	0.029538	0.015096	-0.010007	0.005013
0.014183	0.050013	0.035831	-0.032098	-0.010824	0.042922	0.084335	0.173717	0.035068	0.019505	-0.005003	0.005368
0.015837	0.049972	0.034135	-0.032905	-0.009149	0.042054	0.085170	0.180964	0.040039	0.019950	-0.000032	0.010613
0.019216	0.050031	0.030816	-0.034623	-0.005800	0.040424	0.084819	0.179510	0.044358	0.020118	0.005008	0.014803
0.020474	0.049861	0.029387	-0.035167	-0.004457	0.039624	0.085298	0.180298	0.045272	0.019661	0.010099	0.015219
0.024289	0.050099	0.025810	-0.037194	-0.000760	0.037955	0.083988	0.179987	0.044346	0.020199	0.019914	0.019502
0.025702	0.049812	0.024110	-0.037757	0.000796	0.036961	0.086374	0.190235	0.045854	0.030116	0.025096	0.020110
0.030021	0.050303	0.020283	-0.040162	0.004869	0.035293	0.103758	0.209187	0.054282	0.034692	0.029862	0.024497
0.030258	0.049264	0.019005	-0.039761	0.005627	0.034134	0.101023	0.215435	0.060614	0.035670	0.040091	0.029961
0.025011	0.060860	0.035849	-0.042936	-0.005419	0.048355	0.099650	0.219803	0.074097	0.049159	0.044615	0.030249
0.025324	0.093903	0.068579	-0.059613	-0.021627	0.081241	0.100200	0.224685	0.080323	0.055193	0.050411	0.035179
0.013957	0.084732	0.070775	-0.049344	-0.028409	0.077753	0.099973	0.224621	0.079322	0.054477	0.048518	0.034956
0.006244	0.075454	0.069211	-0.040849	-0.031484	0.072333	0.099733	0.230597	0.086039	0.060791	0.051368	0.040771
0.043518	0.114226	0.070709	-0.078872	-0.013595	0.092467	0.095561	0.249082	0.109081	0.084499	0.083177	0.063540
0.066183	0.135372	0.069189	-0.100778	-0.001503	0.102281	0.094987	0.245312	0.116380	0.089971	0.086346	0.060643
0.048119	0.120036	0.071918	-0.084078	-0.011900	0.095977	0.095076	0.244686	0.114186	0.089806	0.083854	0.059302
0.043284	0.110316	0.067032	-0.076800	-0.011874	0.088674	0.094829	0.265215	0.116240	0.099900	0.090963	0.070017
0.080343	0.139238	0.058894	-0.109790	0.010724	0.099066	0.095472	0.274846	0.144213	0.120090	0.119525	0.090039
0.063802	0.170062	0.106260	-0.116932	-0.021229	0.138161	0.094951	0.270601	0.151150	0.144408	0.140010	0.114375
0.108244	0.180126	0.071883	-0.144185	0.018180	0.126004	0.090449	0.269534	0.149766	0.150255	0.145259	0.120304
0.155412	0.184713	0.029301	-0.170063	0.063056	0.107007	0.089938	0.265097	0.149857	0.150048	0.149998	0.119902
0.180566	0.179766	-0.000800	-0.180166	0.090683	0.089483	0.089999	0.265400	0.150101	0.149540	0.154621	0.119821
0.203265	0.175533	-0.027732	-0.189399	0.115498	0.073900	0.090074	0.265100	0.160210	0.150786	0.154622	0.119529
0.166636	0.169206	0.002570	-0.167921	0.082033	0.085888	0.089417	0.260393	0.165319	0.159490	0.160596	0.130337
0.124138	0.166566	0.042428	-0.145352	0.040855	0.104497	0.085315	0.259864	0.169856	0.165217	0.184144	0.149674
0.064632	0.157730	0.093098	-0.111181	-0.014233	0.125414	0.084924	0.255007	0.169609	0.170258	0.190500	0.155342
0.072334	0.164007	0.091673	-0.118171	-0.009670	0.127840	0.085077	0.255171	0.170130	0.164941	0.189826	0.154892
0.146500	0.235906	0.089406	-0.191203	0.028547	0.162656	0.084963	0.254389	0.174581	0.160129	0.190764	0.155713
0.147522	0.238062	0.090540	-0.192792	0.028491	0.164301	0.085134	0.245295	0.174990	0.159763	0.194555	0.159595
0.148701	0.232426	0.083724	-0.190563	0.032488	0.158075	0.085282	0.239407	0.175458	0.155517	0.195279	0.160254
0.146066	0.231691	0.085626	-0.188878	0.030220	0.158659	0.074842	0.230784	0.180046	0.154896	0.194273	0.159274
0.144765	0.228732	0.083966	-0.186748	0.030399	0.156349	0.065184	0.224381	0.180406	0.150624	0.190801	0.155793
0.150288	0.226081	0.075793	-0.188185	0.037248	0.150937	0.059667	0.215323	0.180166	0.144746	0.189501	0.154516
0.154849	0.224130	0.069282	-0.189490	0.042784	0.146706	0.050318	0.209369	0.179703	0.145387	0.185785	0.150780
0.145129	0.211580	0.066451	-0.178355	0.039339	0.139016	0.038910	0.195207	0.165672	0.139329	0.184310	0.149297
0.140553	0.199072	0.058519	-0.169812	0.041017	0.128796	0.035747	0.179874	0.154421	0.141034	0.180736	0.145731
0.128515	0.185594	0.057079	-0.157054	0.035718	0.121336	0.053888	0.170096	0.145115	0.158680	0.179392	0.144403
0.128026	0.174225	0.046200	-0.151126	0.040913	0.110213	0.051161	0.154437	0.129927	0.146601	0.166010	0.130998
0.140735	0.160825	0.020090	-0.150780	0.060323	0.090457	0.049129	0.140233	0.120121	0.134162	0.149781	0.114781
0.074250	0.149836	0.075586	-0.112043	-0.000668	0.112711	0.050360	0.129392	0.109943	0.120785	0.135768	0.100746
0.067166	0.140231	0.073065	-0.103698	-0.002949	0.106648	0.049493	0.115344	0.095098	0.109510	0.124450	0.089493
0.071252	0.134493	0.063240	-0.102872	0.004006	0.098866	0.045704	0.104341	0.085031	0.095688	0.110787	0.075690
0.063852	0.125466	0.061614	-0.094659	0.001119	0.093540	0.044875	0.090697	0.074999	0.084946	0.099220	0.064927
0.066311	0.120431	0.054121	-0.093371	0.006095	0.087276	0.045134	0.079417	0.064991	0.075042	0.085727	0.055036
0.058758	0.109484	0.050726	-0.084121	0.004016	0.080105	0.044653	0.064984	0.054960	0.064951	0.074490	0.044929
0.061464	0.105490	0.044026	-0.083477	0.008719	0.074758	0.040603	0.054687	0.044989	0.055030	0.060646	0.035035
0.082978	0.123927	0.040948	-0.103453	0.021015	0.082438	0.039978	0.050133	0.035016	0.044994	0.049910	0.024919
0.071151	0.110880	0.039729	-0.091016	0.015711	0.075304	0.039996	0.044895	0.024950	0.034967	0.040534	0.015618
0.059147	0.094452	0.035305	-0.076799	0.011921	0.064878	0.040035	0.040130	0.015001	0.025141	0.034868	0.009498
0.045399	0.079819	0.034421	-0.062609	0.005489	0.057120	0.039547	0.039888	0.004895	0.019801	0.029591	0.000729
0.034330	0.064929	0.030599	-0.049629	0.001866	0.047764	0.035090	0.035095	-0.004330	0.010623	0.020031	-0.005810
0.025045	0.055099	0.030054	-0.040072	-0.002505	0.042576	0.034527	0.029870	-0.010152	0.000330	0.014544	-0.014304
0.015533	0.045136	0.029603	-0.030334	-0.007035	0.037369	0.035183	0.030076	-0.014754	-0.005018	0.010024	-0.020329
0.013763	0.039479	0.025716	-0.026621	-0.005977	0.032597	0.034495	0.024453	-0.015517	-0.010062	0.005456	-0.024344
0.005834	0.030017	0.024183	-0.017926	-0.009174	0.027100	0.030089	0.020145	-0.019925	-0.014977	0.004467	-0.025173
-0.000941	0.019840	0.020781	-0.009450	-0.010861	0.020311	0.029590	0.019463	-0.020461	-0.019554	-0.000198	-0.024847
-0.004302	0.015055	0.019357	-0.005376	-0.011830	0.017206	0.030000	0.015304	-0.020099	-0.020165	-0.000250	-0.025330
0.014102	0.030038	0.015936	-0.022070	-0.000917	0.022987	0.030405	0.014503	-0.024558	-0.025407	-0.000352	-0.024002
0.031197	0.044814	0.013617	-0.038005	0.008790	0.029215	0.029948	0.010087	-0.025469	-0.029969	-0.004959	-0.026329
0.023738	0.040777	0.017039	-0.032257	0.003349	0.028908	0.025504	0.009572	-0.030308	-0.030450	-0.005459	-0.043836
-0.004072	0.034669	0.038741	-0.015298	-0.021406	0.036705	0.024656	0.009900	-0.029970	-0.034967	-0.004972	-0.040674
-0.005482	0.030258	0.035741	-0.012388	-0.020612	0.033000	0.020605	0.005482	-0.029758	-0.039888	-0.009996	-0.034278
-0.004791	0.024279	0.029070	-0.009744	-0.016931	0.026675	0.019354	0.004517	-0.034484	-0.039509	-0.010045	-0.035368
-0.004494	0.020295	0.024789	-0.007900	-0.014642	0.022542	0.015536	-0.000254	-0.035565	-0.029606	-0.009881	-0.030074
-0.000580	0.019313	0.019893	-0.009367	-0.010236	0.019603	0.014815	-0.000022	-0.039677	-0.025152	-0.015244	-0.025464
-0.039734	0.005546	0.045280	0.017094	-0.042507	0.025413	0.009995	0.000181	-0.040515	-0.019796	-0.014997	-0.024109
-0.074780	-0.005064	0.069717	0.039922	-0.072249	0.032327	0.010064	-0.009533	-0.044912	-0.014956	-0.015017	-0.031286
-0.086674	-0.020385	0.066289	0.053529	-0.076481	0.022952	0.009837	-0.020117	-0.045500	-0.040025	-0.035163	-0.058573
-0.093724	-0.029415	0.064309	0.061570	-0.079017	0.017447	0.005369	-0.029755	-0.044817	-0.059746	-0.054395	-0.056211
-0.040449	0.019569	0.060017	0.010440	-0.050233	0.039793	0.004041	-0.035134	-0.045105	-0.055016	-0.050176	-0.053741
0.004862	0.064210	0.059348	-0.034536	-0.027243	0.061779	0.006296	-0.039330	-0.044954	-0.054518	-0.049429	-0.055421
0.000337	0.056059	0.055723	-0.028198	-0.027693	0.055891	0.023778	-0.040110	-0.045047	-0.055085	-0.050156	-0.054769
-0.004833	0.049690	0.054523	-0.022428	-0.029678	0.052107	0.021032	-0.039971	-0.044966	-0.054967	-0.049939	-0.055150
-0.005277	0.045527	0.050805	-0.020125	-0.028041	0.048166	0.019629	-0.040033	-0.045017	-0.055017	-0.050052	-0.054900
-0.014318	0.034864	0.049182	-0.010273	-0.031750	0.042023	0.020215	-0.040007	-0.045009	-0.055018	-0.049999	-0.055092
-0.016110	0.029678	0.045788	-0.006784	-0.030949	0.037733	0.019867	-0.040026	-0.045005	-0.055018	-0.050029	-0.054967
-0.019350	0.025055	0.044405	-0.002853	-0.031877	0.034730	0.020141	-0.039976	-0.044965	-0.055003	-0.049996	-0.055024
-0.020611	0.020391	0.041001	0.000110	-0.030806	0.030696	0.019485	-0.040027	-0.045015	-0.055008	-0.050009	-0.054988
-0.019418	0.020595	0.040013	-0.000588	-0.029716	0.030304	0.015134	-0.039973	-0.044977	-0.055050	-0.050048	-0.055023
-0.015367	0.019909	0.035276	-0.002271	-0.025322	0.027593	0.014500	-0.040060	-0.045052	-0.054415	-0.049416	-0.054996
-0.019791	0.014996	0.034787	0.002398	-0.027289	0.024892	0.015169	-0.039894	-0.044899	-0.050301	-0.045301	-0.054991
-0.005255	0.015450	0.020705	-0.005097	-0.012980	0.018077	0.014906	-0.040128	-0.045119	-0.049911	-0.044915	-0.054998
0.003752	0.014925	0.011173	-0.009339	-0.003710	0.013049	0.015064	-0.039830	-0.044821	-0.050062	-0.045051	-0.055029
0.017897	0.010431	-0.007465	-0.014164	0.012681	0.001483	0.014418	-0.039801	-0.045337	-0.049976	-0.044986	-0.054995
0.021592	0.010012	-0.011580	-0.015802	0.016586	-0.000784	0.010254	-0.034361	-0.044152	-0.049970	-0.044981	-0.054968
-0.050856	0.009501	0.060357	0.020677	-0.055606	0.034929	0.009991	-0.036498	-0.046033	-0.050017	-0.045024	-0.055007
-0.057904	0.005135	0.063039	0.026385	-0.060471	0.034087	0.009887	-0.058646	-0.063835	-0.049962	-0.044968	-0.054992
-0.054017	0.004449	0.058466	0.024784	-0.056241	0.031457	0.010254	-0.056290	-0.060573	-0.050081	-0.045086	-0.055026
-0.055925	0.005090	0.061015	0.025418	-0.058470	0.033052	0.009266	-0.053935	-0.059773	-0.049832	-0.044825	-0.054971
-0.054514	-0.000112	0.054401	0.027313	-0.054457	0.027145	0.010652	-0.051044	-0.060377	-0.050246	-0.045477	-0.054619
-0.055335	0.000086	0.055420	0.027624	-0.055378	0.027753	0.028708	-0.049040	-0.055449	-0.049070	-0.044934	-0.049771
-0.054845	-0.000109	0.054736	0.027477	-0.054790	0.027313	0.030998	-0.045885	-0.055075	-0.045543	-0.040454	-0.045447
-0.055023	-0.004751	0.050272	0.029887	-0.052647	0.022761	0.029683	-0.044387	-0.054967	-0.038919	-0.039949	-0.038929
-0.055597	-0.005651	0.049946	0.030624	-0.052771	0.022148	0.030167	-0.040838	-0.054605	-0.041388	-0.039998	-0.041781
-0.055039	-0.004996	0.050043	0.030017	-0.052541	0.022523	0.029911	-0.039131	-0.050067	-0.068104	-0.040051	-0.073110
-0.035255	0.015265	0.050521	0.009995	-0.042888	0.032893	0.030075	-0.035833	-0.049549	-0.066208	-0.039413	-0.071547
-0.025123	0.029794	0.054917	-0.002335	-0.040020	0.042355	0.029955	-0.034403	-0.050180	-0.064286	-0.035303	-0.069442
-0.039570	0.019822	0.059392	0.009874	-0.049481	0.039607	0.030035	-0.030846	-0.049472	-0.065334	-0.034918	-0.070555
-0.040376	0.015178	0.055555	0.012599	-0.047966	0.035367	0.029994	-0.029068	-0.045126	-0.064830	-0.035046	-0.065336
-0.040682	0.009808	0.050490	0.015437	-0.045586	0.030149	0.030019	-0.025966	-0.044536	-0.065130	-0.034981	-0.065158
-0.049342	0.000325	0.049667	0.024508	-0.049505	0.024996	0.029990	-0.024046	-0.044895	-0.064951	-0.035029	-0.064901
-0.050704	-0.005751	0.044953	0.028228	-0.047829	0.019601	0.029998	-0.026004	-0.040409	-0.064610	-0.034568	-0.064664
-0.048916	-0.009825	0.039091	0.029371	-0.044004	0.014633	0.030012	-0.044315	-0.040127	-0.060067	-0.030047	-0.060009
-0.035986	0.004339	0.040325	0.015824	-0.038156	0.022332	0.030001	-0.040611	-0.039849	-0.059561	-0.029598	-0.059658
-0.018572	0.020026	0.038598	-0.000727	-0.028585	0.029312	0.029992	-0.034384	-0.040003	-0.060128	-0.029988	-0.059810
-0.006630	0.035280	0.041910	-0.014325	-0.024270	0.038595	0.030004	-0.030323	-0.034862	-0.059929	-0.030379	-0.055510
-0.023641	0.044855	0.068495	-0.010607	-0.046068	0.056675	0.030006	-0.024798	-0.035224	-0.060039	-0.029980	-0.055004
-0.026636	0.040335	0.066972	-0.006850	-0.046804	0.053653	0.030010	-0.020174	-0.034536	-0.060047	-0.025417	-0.055046
-0.028978	0.035090	0.064068	-0.003056	-0.046523	0.049579	0.029978	-0.014797	-0.035779	-0.059694	-0.024953	-0.054691
-0.026366	0.034926	0.061292	-0.004280	-0.043829	0.048109	0.030025	-0.010617	-0.053971	-0.055571	-0.025001	-0.050561
-0.029642	0.030107	0.059749	-0.000233	-0.044695	0.044928	0.029970	-0.009913	-0.051201	-0.054988	-0.024997	-0.049992
-0.030763	0.024873	0.055636	0.002945	-0.043200	0.040254	0.030086	-0.010099	-0.049306	-0.055014	-0.024986	-0.049994
-0.029447	0.025132	0.054579	0.002158	-0.042013	0.039855	0.029679	-0.009668	-0.050267	-0.054968	-0.025288	-0.049981
-0.030987	0.019648	0.050635	0.005670	-0.040811	0.035141	0.025580	-0.005568	-0.049853	-0.055032	-0.034986	-0.049996
-0.034479	0.015511	0.049990	0.009484	-0.042235	0.032751	0.024977	-0.004968	-0.050149	-0.054976	-0.039239	-0.050017
-0.040258	0.009198	0.049455	0.015530	-0.044856	0.029327	0.025004	-0.004981	-0.049362	-0.055091	-0.035638	-0.049995
-0.038715	0.006562	0.045277	0.016077	-0.041996	0.025920	0.024992	-0.005030	-0.045386	-0.054673	-0.034732	-0.049984
-0.047213	-0.002243	0.044970	0.024728	-0.046091	0.021363	0.024999	-0.004530	-0.044459	-0.050632	-0.035541	-0.049996
-0.046230	-0.001796	0.044434	0.024013	-0.045332	0.021319	0.025010	-0.000085	-0.040112	-0.049348	-0.034865	-0.050018
0.016427	0.056361	0.039934	-0.036394	-0.011754	0.048148	0.024997	0.000496	-0.039580	-0.045571	-0.030559	-0.049996
0.012865	0.052390	0.039525	-0.032628	-0.013330	0.045958	0.024995	-0.000181	-0.039831	-0.044789	-0.029779	-0.049989
0.003027	0.043620	0.040593	-0.023324	-0.018783	0.042107	0.024992	0.000170	-0.035554	-0.040048	-0.030494	-0.049989
0.000889	0.040798	0.039909	-0.020844	-0.019510	0.040354	0.025043	-0.000713	-0.034352	-0.040016	-0.029925	-0.050028
-0.005738	0.029147	0.034886	-0.011705	-0.020312	0.032017	0.024416	-0.004910	-0.030586	-0.039946	-0.025459	-0.049979
-0.008822	0.025523	0.034345	-0.008351	-0.021583	0.029934	0.020307	-0.009982	-0.029822	-0.035191	-0.024944	-0.050010
-0.011342	0.019501	0.030843	-0.004079	-0.021092	0.025172	0.019917	-0.015313	-0.030496	-0.034423	-0.025001	-0.049956
-0.049499	-0.020381	0.029118	0.034940	-0.039309	0.004368	0.020041	-0.019990	-0.034897	-0.030683	-0.025041	-0.050077
-0.084921	-0.059072	0.025849	0.071997	-0.055385	-0.016611	0.019988	-0.015188	-0.035493	-0.029358	-0.024409	-0.049901
-0.039158	-0.014848	0.024309	0.027003	-0.031734	0.004730	0.019987	-0.014640	-0.034804	-0.025303	-0.020301	-0.050155
0.007662	0.028824	0.021162	-0.018243	-0.006750	0.024993	0.020026	-0.014741	-0.035100	-0.024903	-0.019887	-0.049514
0.007637	0.027418	0.019781	-0.017528	-0.006072	0.023600	0.019957	-0.009954	-0.034948	-0.025039	-0.020087	-0.050105
0.032522	0.048123	0.015601	-0.040322	0.008460	0.031862	0.020087	-0.009658	-0.035039	-0.024977	-0.019368	-0.054538
0.026833	0.041314	0.014481	-0.034074	0.006176	0.027898	0.019828	-0.009831	-0.034965	-0.024965	-0.015325	-0.055033
0.023985	0.033729	0.009744	-0.028857	0.007120	0.021737	0.020478	-0.005474	-0.035014	-0.025023	-0.014863	-0.054989
0.020378	0.030432	0.010053	-0.025405	0.005162	0.020243	0.019922	-0.005066	-0.035005	-0.024940	-0.015093	-0.055022
0.019493	0.024750	0.005257	-0.022121	0.007118	0.015003	0.015456	-0.004853	-0.035004	-0.025077	-0.014855	-0.054997
0.015219	0.020215	0.004996	-0.017717	0.005111	0.012606	0.014946	-0.005363	-0.034990	-0.024993	-0.015492	-0.054986
-0.010271	0.014445	0.024716	-0.002087	-0.017493	0.019580	0.015005	-0.009273	-0.034997	-0.030133	-0.024371	-0.055000
-0.034059	0.005171	0.039230	0.014444	-0.036645	0.022201	0.015004	-0.010792	-0.035013	-0.029359	-0.030579	-0.054991
-0.035925	-0.000541	0.035384	0.018233	-0.035655	0.017422	0.014998	-0.014239	-0.034997	-0.031286	-0.040235	-0.055573
-0.034797	-0.004839	0.029958	0.019818	-0.032377	0.012559	0.014992	-0.015491	-0.034988	-0.049127	-0.044809	-0.059675
-0.035070	-0.010059	0.025011	0.022565	-0.030041	0.007476	0.015000	-0.019238	-0.034996	-0.046066	-0.040480	-0.060075
-0.035480	-0.015458	0.020021	0.025469	-0.027750	0.002281	0.015003	-0.020817	-0.035012	-0.044228	-0.040056	-0.059987
-0.034602	-0.019103	0.015500	0.026853	-0.025051	-0.001802	0.014999	-0.024251	-0.034994	-0.045253	-0.039969	-0.060011
-0.020321	-0.005490	0.014831	0.012905	-0.017576	0.004670	0.014992	-0.025488	-0.034987	-0.044860	-0.040033	-0.059979
-0.004959	0.004707	0.009667	0.000126	-0.007313	0.007187	0.014999	-0.029277	-0.034996	-0.045092	-0.039987	-0.059985
0.010439	0.014819	0.004379	-0.012629	0.003030	0.009599	0.015006	-0.030768	-0.034986	-0.044960	-0.040032	-0.060051
0.024640	0.024771	0.000131	-0.024706	0.012255	0.012451	0.015002	-0.034353	-0.035567	-0.045044	-0.039999	-0.059905
0.025259	0.020232	-0.005027	-0.022746	0.015143	0.007603	0.014996	-0.035306	-0.039686	-0.044968	-0.040002	-0.060469
0.025389	0.014997	-0.010392	-0.020193	0.017890	0.002303	0.015005	-0.039828	-0.040058	-0.045018	-0.039993	-0.069233
0.024310	0.009991	-0.014319	-0.017150	0.019315	-0.002164	0.015000	-0.040011	-0.040013	-0.045011	-0.040049	-0.070700
0.010416	0.005068	-0.005348	-0.007742	0.007882	-0.000140	0.015011	-0.035427	-0.039937	-0.044998	-0.039415	-0.069819
-0.004857	-0.000034	0.004824	0.002445	-0.004841	0.002395	0.014982	-0.034976	-0.040286	-0.044990	-0.035306	-0.070081
-0.014834	-0.000232	0.014602	0.007533	-0.014718	0.007185	0.015026	-0.034996	-0.044426	-0.044990	-0.034902	-0.069940
-0.019874	0.004590	0.024464	0.007642	-0.022169	0.014527	0.014965	-0.035025	-0.045043	-0.045026	-0.035064	-0.070067
-0.015442	0.004746	0.020188	0.005348	-0.017815	0.012467	0.015088	-0.034995	-0.045001	-0.044980	-0.034953	-0.069974
-0.009700	0.009928	0.019628	-0.000114	-0.014664	0.014778	0.014686	-0.034999	-0.044944	-0.045011	-0.035028	-0.070003
-0.010053	0.010109	0.020161	-0.000028	-0.015107	0.015135	0.010583	-0.035000	-0.045450	-0.044957	-0.034945	-0.069988
-0.035136	-0.015210	0.019926	0.025173	-0.027531	0.002358	0.009972	-0.035014	-0.049942	-0.045075	-0.035078	-0.070034
-0.054455	-0.034394	0.020062	0.044424	-0.037258	-0.007166	0.010005	-0.034991	-0.050467	-0.044902	-0.034896	-0.069993
-0.050586	-0.030598	0.019988	0.040592	-0.035287	-0.005305	0.009996	-0.035037	-0.049838	-0.045156	-0.035155	-0.069983
-0.049331	-0.029316	0.020015	0.039324	-0.034673	-0.004651	0.010001	-0.034540	-0.050064	-0.044514	-0.034512	-0.069995
-0.045809	-0.025780	0.020029	0.035794	-0.032919	-0.002875	0.010028	-0.030098	-0.050004	-0.045104	-0.035097	-0.070028
-0.044240	-0.024288	0.019952	0.034264	-0.032096	-0.002168	0.009433	-0.029509	-0.049947	-0.049539	-0.039540	-0.069995
-0.040718	-0.020592	0.020126	0.030655	-0.030422	-0.000233	0.005287	-0.030156	-0.050275	-0.050038	-0.040036	-0.069983
-0.039008	-0.019632	0.019376	0.029320	-0.029192	-0.000128	0.004951	-0.029888	-0.054430	-0.049990	-0.039990	-0.069995
-0.020630	-0.004934	0.015696	0.012782	-0.018163	0.005381	0.004985	-0.030077	-0.055045	-0.050022	-0.040016	-0.070028
-0.004494	0.010425	0.014920	-0.002965	-0.009707	0.012673	0.005067	-0.029937	-0.054998	-0.049997	-0.040002	-0.069996
0.010252	0.025277	0.015025	-0.017764	-0.002386	0.020151	0.004844	-0.030028	-0.054985	-0.049992	-0.039944	-0.069962
0.025031	0.040023	0.014992	-0.032527	0.005019	0.027508	0.005477	-0.029939	-0.055001	-0.049996	-0.040447	-0.070002
0.015220	0.030234	0.015014	-0.022727	0.000103	0.022624	0.004914	-0.030075	-0.054991	-0.050023	-0.044941	-0.069995
0.004712	0.019715	0.015003	-0.012214	-0.005145	0.017359	0.000468	-0.029860	-0.055580	-0.049996	-0.045467	-0.070032
-0.005214	0.009789	0.015003	-0.002287	-0.010109	0.012396	-0.000072	-0.030507	-0.059678	-0.049992	-0.044840	-0.069905
-0.014157	0.000862	0.015019	0.006648	-0.014588	0.007941	0.000044	-0.039373	-0.060085	-0.049996	-0.045064	-0.070084
-0.026585	-0.011594	0.014990	0.019090	-0.020787	0.001698	-0.000060	-0.045086	-0.059985	-0.050020	-0.045002	-0.069868
-0.028202	-0.013144	0.015058	0.020673	-0.021630	0.000957	0.000094	-0.049445	-0.060023	-0.049993	-0.044948	-0.070269
0.008031	0.022825	0.014794	-0.015428	-0.003382	0.018810	-0.000171	-0.050112	-0.059974	-0.049988	-0.045280	-0.069261
-0.019190	-0.009119	0.010071	0.014154	-0.014630	0.000476	0.000483	-0.049950	-0.060010	-0.049990	-0.049431	-0.070577
-0.045191	-0.040233	0.004958	0.042712	-0.025075	-0.017638	-0.000089	-0.050053	-0.060043	-0.050026	-0.050045	-0.089415
-0.024810	-0.024748	0.000062	0.024779	-0.012436	-0.012343	-0.004542	-0.049985	-0.059437	-0.049984	-0.049998	-0.095377
-0.005065	-0.010195	-0.005130	0.007630	0.000033	-0.007663	-0.005053	-0.050010	-0.055277	-0.050002	-0.049991	-0.094806
0.015387	0.005992	-0.009394	-0.010689	0.012391	-0.001701	-0.004993	-0.049994	-0.054950	-0.049969	-0.049996	-0.095104
0.029709	0.019036	-0.010673	-0.024372	0.020191	0.004182	-0.005004	-0.050028	-0.055006	-0.050062	-0.050022	-0.094974
0.031057	0.016080	-0.014977	-0.023569	0.023017	0.000552	-0.005001	-0.049998	-0.055063	-0.049908	-0.049997	-0.095049
0.034408	0.014462	-0.019946	-0.024435	0.027177	-0.002742	-0.005003	-0.049992	-0.054838	-0.050301	-0.049991	-0.094956
0.036178	0.010803	-0.025375	-0.023491	0.030777	-0.007286	-0.004999	-0.049996	-0.055466	-0.054413	-0.049997	-0.095022
0.039130	0.009192	-0.029938	-0.024161	0.034534	-0.010373	-0.005005	-0.050020	-0.054945	-0.055055	-0.050021	-0.095027
0.031091	0.005776	-0.025315	-0.018433	0.028203	-0.009770	-0.005000	-0.049999	-0.050447	-0.054990	-0.049996	-0.095012
0.028786	0.004519	-0.024267	-0.016652	0.026526	-0.009874	-0.005003	-0.049987	-0.049942	-0.054988	-0.049988	-0.094978
0.021659	0.000787	-0.020872	-0.011223	0.021265	-0.010042	-0.005000	-0.050003	-0.050001	-0.054995	-0.049996	-0.094993
0.018347	-0.000814	-0.019161	-0.008766	0.018754	-0.009987	-0.005002	-0.050013	-0.050020	-0.055022	-0.050020	-0.095038
0.011541	-0.004228	-0.015769	-0.003657	0.013655	-0.009998	-0.005002	-0.050009	-0.049989	-0.054997	-0.049996	-0.094996
0.008880	-0.005671	-0.014551	-0.001604	0.011715	-0.010111	-0.004998	-0.049974	-0.050029	-0.054985	-0.049988	-0.094976
-0.003653	-0.014306	-0.010653	0.008979	0.003500	-0.012480	-0.005006	-0.050024	-0.049541	-0.055002	-0.049996	-0.094999
-0.010895	-0.020655	-0.009760	0.015775	-0.000568	-0.015207	-0.004996	-0.049978	-0.045093	-0.054989	-0.050020	-0.095031
-0.023965	-0.030169	-0.006203	0.027067	-0.008881	-0.018186	-0.005012	-0.050085	-0.044522	-0.055578	-0.049996	-0.095005
-0.030674	-0.034980	-0.004306	0.032827	-0.013184	-0.019643	-0.004989	-0.049674	-0.045127	-0.059670	-0.049986	-0.094963
-0.029013	-0.029906	-0.000893	0.029459	-0.014060	-0.015399	-0.005027	-0.045579	-0.044922	-0.060091	-0.050003	-0.095020
-0.026033	-0.025105	0.000928	0.025569	-0.013480	-0.012089	-0.004963	-0.044985	-0.045035	-0.059973	-0.050011	-0.094996
-0.024568	-0.020447	0.004120	0.022507	-0.014344	-0.008163	-0.005087	-0.045002	-0.045019	-0.060040	-0.050013	-0.095081
-0.025625	-0.019895	0.005730	0.022760	-0.015677	-0.007082	-0.004689	-0.044988	-0.044866	-0.059949	-0.049965	-0.094663
-0.024667	-0.014571	0.010095	0.019619	-0.017381	-0.002238	-0.000583	-0.044997	-0.045615	-0.060048	-0.050036	-0.090576
-0.026325	-0.010080	0.016244	0.018202	-0.021284	0.003082	0.000031	-0.045018	-0.049296	-0.059960	-0.049962	-0.090003
-0.043202	-0.009520	0.033683	0.026361	-0.038442	0.012081	0.000001	-0.044996	-0.050677	-0.060097	-0.050091	-0.089999
-0.036259	-0.005067	0.031192	0.020663	-0.033726	0.013062	-0.000049	-0.044990	-0.054581	-0.059818	-0.049820	-0.089977
-0.029145	-0.000035	0.029111	0.014590	-0.029128	0.014538	0.000457	-0.044991	-0.055598	-0.060481	-0.050479	-0.089994
-0.026008	-0.000598	0.025410	0.013303	-0.025709	0.012406	0.004916	-0.045051	-0.059856	-0.059938	-0.049934	-0.090036
-0.033945	-0.010211	0.023734	0.022078	-0.028839	0.006761	0.005480	-0.044414	-0.060043	-0.055453	-0.045454	-0.089992
-0.035973	-0.015221	0.020752	0.025597	-0.028363	0.002766	0.004830	-0.040307	-0.054927	-0.054941	-0.044943	-0.089979
-0.039086	-0.019975	0.019111	0.029531	-0.029099	-0.000432	0.005094	-0.039887	-0.055545	-0.055002	-0.045003	-0.089987
-0.040311	-0.024391	0.015920	0.032351	-0.028115	-0.004236	0.004918	-0.040077	-0.054853	-0.055023	-0.045019	-0.090068
-0.039254	-0.025072	0.014182	0.032163	-0.026718	-0.005445	0.005610	-0.039932	-0.050576	-0.054994	-0.044995	-0.089411
-0.035566	-0.025005	0.010561	0.030286	-0.023063	-0.007222	0.009674	-0.040050	-0.049764	-0.054987	-0.044989	-0.085291
-0.034262	-0.025045	0.009217	0.029653	-0.021739	-0.007914	0.010084	-0.039907	-0.050499	-0.054998	-0.044998	-0.084912
-0.030812	-0.024988	0.005824	0.027900	-0.018318	-0.009582	0.009987	-0.040133	-0.049929	-0.055021	-0.045017	-0.085067
-0.029307	-0.025071	0.004236	0.027189	-0.016772	-0.010417	0.009963	-0.039811	-0.045460	-0.054990	-0.044990	-0.084986
-0.025421	-0.024946	0.000475	0.025183	-0.012948	-0.012235	0.010273	-0.040330	-0.044931	-0.055032	-0.045035	-0.084972
-0.024467	-0.025185	-0.000717	0.024826	-0.011875	-0.012951	0.014469	-0.038960	-0.045062	-0.054538	-0.044539	-0.085022
-0.020098	-0.024376	-0.004277	0.022237	-0.007911	-0.014327	0.014976	-0.041408	-0.044363	-0.050106	-0.040102	-0.084988
-0.019674	-0.025305	-0.005631	0.022490	-0.007022	-0.015468	0.015095	-0.058680	-0.040557	-0.049516	-0.039517	-0.085075
-0.014917	-0.024677	-0.009761	0.019797	-0.002578	-0.017219	0.014833	-0.056216	-0.039990	-0.050155	-0.040157	-0.084834
0.015457	0.005296	-0.010161	-0.010377	0.012809	-0.002433	0.015483	-0.053966	-0.039438	-0.049911	-0.039912	-0.085455
0.044224	0.029899	-0.014325	-0.037061	0.029274	0.007787	0.014927	-0.051007	-0.035673	-0.050069	-0.040066	-0.084984
0.040346	0.025281	-0.015064	-0.032813	0.027705	0.005109	0.010432	-0.049140	-0.034930	-0.049976	-0.039977	-0.080422
0.035066	0.024884	-0.010182	-0.029975	0.022624	0.007351	0.009968	-0.045608	-0.035068	-0.049994	-0.039997	-0.079835
0.034892	0.025389	-0.009503	-0.030140	0.022197	0.007943	0.009940	-0.044196	-0.034521	-0.050025	-0.040017	-0.075052
0.025550	0.019957	-0.005592	-0.022754	0.015571	0.007182	0.010091	-0.040893	-0.030145	-0.049971	-0.039981	-0.074973
0.024611	0.019542	-0.005069	-0.022076	0.014840	0.007236	0.009830	-0.039212	-0.029457	-0.050112	-0.040086	-0.075079
0.020699	0.020046	-0.000653	-0.020372	0.010676	0.009696	0.010226	-0.035574	-0.030312	-0.049635	-0.039681	-0.069894
0.014067	0.014861	0.000793	-0.014464	0.006637	0.007827	0.009580	-0.034178	-0.029333	-0.045703	-0.035634	-0.070526
0.010986	0.015165	0.004179	-0.013076	0.003404	0.009672	0.011025	-0.031295	-0.025151	-0.044238	-0.034343	-0.069902
0.008877	0.014645	0.005769	-0.011761	0.001554	0.010207	0.009094	-0.029401	-0.019864	-0.040741	-0.030572	-0.065465
0.006009	0.015415	0.009406	-0.010712	-0.001698	0.012411	0.011457	-0.015564	-0.015200	-0.039495	-0.029792	-0.064978
0.028707	0.039272	0.010564	-0.033990	0.009071	0.024918	0.033515	-0.004871	-0.009459	-0.035750	-0.025057	-0.064533
0.030897	0.060239	0.029343	-0.045568	0.000777	0.044791	0.041516	0.005025	-0.005523	-0.034209	-0.025001	-0.060138
0.014708	0.058889	0.044181	-0.036798	-0.014736	0.051535	0.037856	0.014872	-0.004737	-0.030738	-0.024964	-0.059482
0.025672	0.061230	0.035557	-0.043451	-0.004943	0.048394	0.027638	0.025496	0.009969	-0.029519	-0.020177	-0.060052
0.063895	0.093755	0.029860	-0.078825	0.017017	0.061807	0.057742	0.034122	0.019330	-0.025658	-0.019463	-0.054950
0.075965	0.101142	0.025178	-0.088554	0.025394	0.063160	0.046228	0.030590	0.014993	-0.024928	-0.015626	-0.055022
0.079893	0.099697	0.019804	-0.089795	0.030044	0.059750	0.029237	0.029525	0.014599	-0.025037	-0.014448	-0.055042
0.084827	0.100197	0.015369	-0.092512	0.034729	0.057783	0.020254	0.025173	0.015039	-0.024971	-0.010163	-0.049921
0.090678	0.099879	0.009200	-0.095279	0.040739	0.054540	0.004778	0.025403	0.009990	-0.025021	-0.010365	-0.050510
0.093946	0.100175	0.006229	-0.097060	0.043858	0.053202	-0.009700	0.025011	0.010022	-0.024996	-0.010001	-0.049905
0.101693	0.099880	-0.001813	-0.100786	0.051753	0.049033	-0.019716	0.020404	0.010012	-0.025036	-0.005361	-0.045459
0.138425	0.100195	-0.038231	-0.119310	0.088328	0.030982	-0.015462	0.019899	0.005074	-0.024817	-0.005106	-0.044989
0.136039	0.099491	-0.036548	-0.117765	0.086294	0.031471	-0.014942	0.015011	0.005102	-0.020005	-0.004371	-0.044538
0.129756	0.100172	-0.029584	-0.114964	0.079670	0.035294	-0.015009	0.015023	0.004916	-0.015022	-0.000692	-0.040117
0.135025	0.104536	-0.030489	-0.119781	0.082757	0.037023	-0.015086	0.014967	0.004607	-0.010471	0.000093	-0.039481
0.130299	0.105103	-0.025196	-0.117701	0.077747	0.039954	-0.014894	0.010156	-0.000177	-0.009844	-0.000051	-0.040000
0.124787	0.104979	-0.019808	-0.114883	0.072298	0.042585	-0.015475	0.009567	-0.005208	-0.004558	0.000456	-0.034953
0.125295	0.105127	-0.020168	-0.115211	0.072731	0.042480	-0.014942	0.005096	-0.005478	-0.000067	0.004960	-0.034960
0.144385	0.104922	-0.039462	-0.124654	0.091924	0.032730	-0.010456	0.004501	-0.009570	0.000520	0.005406	-0.035080
0.160239	0.105232	-0.055006	-0.132735	0.107623	0.025113	-0.009961	0.005090	-0.010018	0.004906	0.005178	-0.029786
0.154740	0.104452	-0.050288	-0.129596	0.102514	0.027082	-0.010003	-0.000077	-0.015548	0.010263	0.009521	-0.030700
0.150810	0.105888	-0.044922	-0.128349	0.097866	0.030483	-0.010004	0.000101	-0.019732	0.010010	0.010005	-0.028772
0.149396	0.104058	-0.045338	-0.126727	0.097367	0.029360	-0.009992	-0.000629	-0.020829	-0.004993	0.010063	-0.026523
0.100473	0.060346	-0.040127	-0.080410	0.070300	0.010110	-0.010039	-0.009669	-0.023857	-0.015024	0.009690	-0.053534
0.055195	0.019739	-0.035455	-0.037467	0.045325	-0.007858	-0.009539	-0.015598	-0.026529	-0.024681	0.000124	-0.070859
0.044965	0.009922	-0.035043	-0.027443	0.040004	-0.012561	-0.005084	-0.024367	-0.048723	-0.039586	-0.005078	-0.089030
0.039915	0.004938	-0.034977	-0.022426	0.037446	-0.015019	-0.004510	-0.030534	-0.046089	-0.049889	-0.009895	-0.095632
0.034832	-0.000203	-0.035034	-0.017314	0.034933	-0.017618	-0.005156	-0.039976	-0.044453	-0.060147	-0.020087	-0.094631
0.025331	-0.009602	-0.034933	-0.007865	0.030132	-0.022267	-0.004889	-0.045262	-0.045018	-0.065181	-0.024437	-0.095619
0.020243	-0.014846	-0.035088	-0.002699	0.027665	-0.024967	-0.005070	-0.044932	-0.045691	-0.064981	-0.030171	-0.099901
0.014517	-0.020364	-0.034881	0.002924	0.024699	-0.027623	-0.004943	-0.045007	-0.044436	-0.065006	-0.039465	-0.100438
0.010927	-0.024251	-0.035178	0.006662	0.023052	-0.029714	-0.005015	-0.045091	-0.046041	-0.065081	-0.045175	-0.100175
0.003813	-0.030971	-0.034783	0.013579	0.019298	-0.032877	-0.005331	-0.044832	-0.068899	-0.064883	-0.049478	-0.104415
-0.018447	-0.053816	-0.035369	0.036131	0.008461	-0.044592	-0.010667	-0.045340	-0.070742	-0.065249	-0.049620	-0.105215
-0.016033	-0.050499	-0.034466	0.033266	0.009216	-0.042482	-0.014764	-0.044430	-0.069075	-0.064643	-0.049855	-0.104703
-0.008909	-0.044859	-0.035950	0.026884	0.013520	-0.040404	-0.015264	-0.050550	-0.070929	-0.065759	-0.055504	-0.105627
-0.016722	-0.044546	-0.027824	0.030634	0.005551	-0.036185	-0.019885	-0.053368	-0.068731	-0.063864	-0.054273	-0.104263
-0.012083	-0.040187	-0.028104	0.026135	0.008010	-0.034145	-0.025016	-0.051774	-0.066392	-0.066833	-0.056347	-0.106347
0.032405	-0.034572	-0.066977	0.001083	0.049691	-0.050774	-0.024868	-0.073711	-0.088606	-0.098327	-0.078358	-0.128358
0.011264	-0.035641	-0.046905	0.012189	0.029084	-0.041273	-0.020133	-0.066039	-0.086270	-0.091507	-0.076077	-0.126049
-0.019922	-0.044313	-0.024391	0.032117	0.002235	-0.034352	-0.014588	-0.059260	-0.079475	-0.083663	-0.074638	-0.124632
-0.056596	-0.051566	0.005030	0.054081	-0.030813	-0.023268	-0.010089	-0.055377	-0.075365	-0.080438	-0.075256	-0.125275
-0.103047	-0.073160	0.029888	0.088103	-0.066468	-0.021636	-0.009571	-0.045224	-0.069787	-0.074855	-0.074311	-0.124305
-0.076480	-0.055929	0.020551	0.066204	-0.048515	-0.017689	-0.005067	-0.040310	-0.065254	-0.069893	-0.070413	-0.120386
-0.054356	-0.039538	0.014818	0.046947	-0.034587	-0.012360	-0.000458	-0.034464	-0.059817	-0.065144	-0.069893	-0.119878
-0.035344	-0.025088	0.010256	0.030216	-0.022800	-0.007416	0.000002	-0.025164	-0.055939	-0.070224	-0.070140	-0.120139
-0.014909	-0.010341	0.004568	0.012625	-0.009738	-0.002887	0.004652	-0.015028	-0.054763	-0.070367	-0.070041	-0.120025
0.000042	0.000897	0.000854	-0.000470	-0.000406	0.000876	0.009605	-0.005284	-0.055630	-0.070230	-0.069957	-0.119871
0.014330	0.008719	-0.005612	-0.011525	0.009971	0.001554	0.010782	0.005304	-0.054337	-0.069977	-0.065560	-0.115533
-0.010089	-0.013830	-0.003741	0.011960	-0.003174	-0.008786	0.029853	0.014864	-0.055933	-0.070850	-0.065300	-0.115260
-0.028866	-0.037390	-0.008524	0.033128	-0.010171	-0.022957	0.049663	0.024630	-0.053655	-0.069259	-0.064721	-0.114765
0.003313	-0.058240	-0.061552	0.027464	0.032432	-0.059896	0.071092	0.065904	-0.031643	-0.056592	-0.066311	-0.115970
0.021072	-0.022366	-0.043438	0.000647	0.032255	-0.032902	0.084287	0.124162	-0.003613	-0.038020	-0.063965	-0.114262
0.034489	0.015972	-0.018517	-0.025230	0.026503	-0.001273	0.092410	0.165805	0.058099	0.008406	-0.026421	-0.091652
0.024099	0.064168	0.040069	-0.044134	-0.007985	0.052119	0.117210	0.245462	0.126678	0.062129	0.016361	-0.069142
0.015545	0.110278	0.094734	-0.062911	-0.039595	0.102506	0.118102	0.330697	0.224405	0.148941	0.083995	-0.026233
0.115419	0.160429	0.045010	-0.137924	0.035205	0.102719	0.107078	0.381314	0.310891	0.231017	0.150751	0.015399
0.232730	0.229299	-0.003431	-0.231014	0.118081	0.112934	0.069194	0.399775	0.391034	0.319893	0.225615	0.069818
0.328305	0.270280	-0.058025	-0.299293	0.193165	0.106128	0.020792	0.340191	0.443967	0.400496	0.299462	0.124899
0.498435	0.306006	-0.192429	-0.402221	0.345432	0.056789	-0.106238	0.237073	0.448034	0.456038	0.360948	0.190874
0.524027	0.328777	-0.195250	-0.426402	0.359639	0.066763	-0.202556	0.113114	0.443072	0.484606	0.424187	0.248023
0.546693	0.347532	-0.199161	-0.447112	0.372927	0.074185	-0.288613	-0.036556	0.383096	0.481775	0.466717	0.304019
0.651351	0.419144	-0.232206	-0.535248	0.441779	0.093469	-0.370553	-0.204569	0.314201	0.480377	0.525649	0.386293
0.578299	0.373948	-0.204351	-0.476123	0.391325	0.084798	-0.449429	-0.465207	0.109386	0.343613	0.483083	0.373237
0.569669	0.242862	-0.326806	-0.406266	0.448237	-0.041972	-0.540999	-0.765825	-0.193051	0.103023	0.333666	0.353259
0.471980	0.218605	-0.253375	-0.345292	0.362677	-0.017385	-0.624738	-1.151969	-0.397028	-0.042524	0.272928	0.341127
0.315311	0.200341	-0.114970	-0.257826	0.215140	0.042686	-0.650502	-1.371690	-0.503757	-0.122949	0.221811	0.323913
0.249602	0.149876	-0.099727	-0.199739	0.174664	0.025075	-0.646310	-1.391215	-0.553036	-0.177995	0.169162	0.306602
0.194852	0.105195	-0.089657	-0.150024	0.142255	0.007769	-0.638468	-1.334876	-0.602665	-0.252415	0.120793	0.289300
0.124680	0.049433	-0.075247	-0.087056	0.099963	-0.012907	-0.601968	-1.232734	-0.614020	-0.298040	0.054357	0.235847
0.060126	-0.004214	-0.064341	-0.027956	0.062233	-0.034277	-0.564267	-1.139381	-0.607650	-0.328123	-0.004341	0.184702
0.024405	-0.025847	-0.050252	0.000721	0.037328	-0.038049	-0.506497	-1.022634	-0.553928	-0.307411	-0.020808	0.155232
0.000754	-0.039159	-0.039914	0.019203	0.020334	-0.039536	-0.449048	-0.877944	-0.492378	-0.284146	-0.029933	0.125243
-0.005056	-0.035592	-0.030536	0.020324	0.012740	-0.033064	-0.375583	-0.687265	-0.393337	-0.246315	-0.040632	0.089961
-0.010317	-0.034809	-0.024491	0.022563	0.007087	-0.029650	-0.300400	-0.560281	-0.328034	-0.209598	-0.055517	0.059616
-0.019802	-0.034658	-0.014856	0.027230	-0.002473	-0.024757	-0.219349	-0.453477	-0.271790	-0.190457	-0.064694	0.029624
-0.020195	-0.031368	-0.011173	0.025782	-0.004511	-0.021271	-0.146015	-0.321774	-0.224156	-0.174340	-0.075727	0.000846
-0.029587	-0.028827	0.000759	0.029207	-0.015173	-0.014034	-0.109050	-0.253141	-0.181364	-0.155750	-0.099539	-0.010514
-0.035153	-0.031398	0.003755	0.033276	-0.019454	-0.013821	-0.075521	-0.190785	-0.143675	-0.139545	-0.095908	-0.019544
-0.060972	-0.058332	0.002640	0.059652	-0.031806	-0.027846	-0.044341	-0.133646	-0.115393	-0.115278	-0.094791	-0.025265
-0.047326	-0.051393	-0.004067	0.049359	-0.021629	-0.027730	-0.015294	-0.085408	-0.099124	-0.095055	-0.095419	-0.035451
-0.019105	-0.043443	-0.024338	0.031274	0.002616	-0.033891	-0.000041	-0.044425	-0.091054	-0.090354	-0.090459	-0.044603
-0.066364	-0.035960	0.030405	0.051162	-0.048384	-0.002778	0.010110	-0.010531	-0.079166	-0.089200	-0.090103	-0.050257
-0.047679	-0.029553	0.018126	0.038616	-0.032903	-0.005713	0.020415	-0.004158	-0.065831	-0.085417	-0.089971	-0.069864
-0.018203	-0.019829	-0.001626	0.019016	-0.008289	-0.010727	0.029816	-0.005077	-0.053816	-0.084194	-0.089617	-0.079812
0.015161	-0.015109	-0.030271	-0.000026	0.022716	-0.022690	0.025464	-0.004812	-0.046322	-0.080838	-0.085079	-0.085497
0.008848	-0.050895	-0.059743	0.021024	0.034296	-0.055319	0.024836	-0.004920	-0.068144	-0.079198	-0.084552	-0.094700
-0.038319	-0.083944	-0.045625	0.061132	0.003653	-0.064785	0.024380	-0.004935	-0.061170	-0.075451	-0.085168	-0.090455
0.013858	-0.020187	-0.034044	0.003164	0.023951	-0.027115	0.026426	-0.004448	-0.049506	-0.074234	-0.084474	-0.089917
0.064309	0.038956	-0.025353	-0.051632	0.044831	0.006801	0.048798	0.000043	-0.040219	-0.070804	-0.080127	-0.090085
0.045715	0.031083	-0.014632	-0.038399	0.030173	0.008226	0.046105	0.004990	-0.029918	-0.069287	-0.079571	-0.089982
0.024714	0.019322	-0.005392	-0.022018	0.015053	0.006965	0.044262	0.010071	-0.019728	-0.065347	-0.079842	-0.090035
0.004754	0.010523	0.005769	-0.007638	-0.000508	0.008146	0.040296	0.014883	-0.010357	-0.064868	-0.075499	-0.089953
0.011447	-0.000973	-0.012419	-0.005237	0.011933	-0.006696	0.039880	0.020538	-0.014534	-0.065119	-0.075014	-0.090110
0.012173	-0.009385	-0.021558	-0.001394	0.016866	-0.015471	0.040020	0.025031	-0.020023	-0.064370	-0.075056	-0.089901
-0.057420	-0.016013	0.041407	0.036716	-0.049413	0.012697	0.035164	0.020451	-0.024998	-0.060320	-0.074673	-0.090113
-0.056449	-0.028343	0.028107	0.042396	-0.042278	-0.000118	0.034405	0.019877	-0.029962	-0.059888	-0.070594	-0.089960
-0.045462	-0.042390	0.003072	0.043926	-0.024267	-0.019659	0.030728	0.020049	-0.034892	-0.060101	-0.069952	-0.095075
-0.042899	-0.057399	-0.014500	0.050149	-0.014200	-0.035949	0.029775	0.020021	-0.035013	-0.059391	-0.070096	-0.099436
-0.028114	-0.058143	-0.030029	0.043129	0.000957	-0.044086	0.030471	0.019790	-0.029932	-0.055300	-0.069648	-0.095181
-0.057395	-0.082133	-0.024738	0.069764	-0.016328	-0.053436	0.034026	0.020186	-0.030537	-0.054926	-0.065611	-0.094988
0.003818	-0.021409	-0.025227	0.008796	0.014522	-0.023318	0.040698	0.035665	-0.029846	-0.055022	-0.064940	-0.095060
0.064796	0.039916	-0.024880	-0.052356	0.044838	0.007518	0.058833	0.049441	-0.025578	-0.055063	-0.065100	-0.094427
0.055842	0.035675	-0.020167	-0.045759	0.038004	0.007754	0.056006	0.045472	-0.024778	-0.054669	-0.064653	-0.090292
0.049431	0.029350	-0.020081	-0.039391	0.034756	0.004635	0.054665	0.044891	-0.025502	-0.050591	-0.060605	-0.089910
0.035064	0.015764	-0.019300	-0.025414	0.027182	-0.001768	0.055170	0.045037	-0.024920	-0.049947	-0.059947	-0.090106
0.020002	0.004321	-0.015681	-0.012162	0.017842	-0.005680	0.054971	0.045017	-0.020462	-0.050084	-0.060088	-0.089399
0.010029	-0.004750	-0.014779	-0.002640	0.012404	-0.009765	0.054918	0.044941	-0.019938	-0.049667	-0.059672	-0.085296
-0.004657	-0.020266	-0.015609	0.012461	0.005476	-0.017938	0.055430	0.045077	-0.020063	-0.045568	-0.055579	-0.084924
-0.014337	-0.029253	-0.014916	0.021795	0.000289	-0.022084	0.054979	0.044876	-0.019353	-0.044988	-0.054990	-0.085034
-0.051290	-0.041403	0.009887	0.046347	-0.030589	-0.015758	0.050439	0.045273	-0.015560	-0.044990	-0.054993	-0.085061
-0.098336	-0.068554	0.029781	0.083445	-0.064058	-0.019386	0.049963	0.044241	-0.014983	-0.044953	-0.055035	-0.084657
-0.082039	-0.061075	0.020964	0.071557	-0.051501	-0.020056	0.049999	0.046054	-0.014434	-0.045413	-0.054518	-0.080586
-0.068357	-0.054828	0.013529	0.061593	-0.040943	-0.020650	0.050020	0.068752	-0.010648	-0.049989	-0.050123	-0.079948
-0.056227	-0.050107	0.006120	0.053167	-0.031174	-0.021994	0.049989	0.070736	-0.009925	-0.050384	-0.049469	-0.080093
-0.039005	-0.040067	-0.001061	0.039536	-0.018972	-0.020564	0.050038	0.069321	-0.010023	-0.049988	-0.050240	-0.079626
-0.026318	-0.035046	-0.008728	0.030682	-0.008795	-0.021887	0.049540	0.070339	-0.009521	-0.049609	-0.049366	-0.075608
-0.013833	-0.030003	-0.016170	0.021918	0.001168	-0.023086	0.045101	0.069825	-0.005072	-0.050049	-0.045261	-0.074924
0.018292	-0.025471	-0.043763	0.003590	0.031028	-0.034617	0.044496	0.070142	-0.004532	-0.054579	-0.044302	-0.075112
0.015720	-0.025037	-0.040757	0.004658	0.028239	-0.032897	0.045152	0.069879	-0.004988	-0.055019	-0.045488	-0.074672
0.010060	-0.024734	-0.034794	0.007337	0.022427	-0.029764	0.044845	0.070069	-0.004649	-0.055001	-0.043878	-0.074989
0.009488	-0.025863	-0.035350	0.008187	0.022419	-0.030606	0.045124	0.069959	-0.015192	-0.055049	-0.046395	-0.084404
0.005918	-0.024280	-0.030197	0.009181	0.018058	-0.027238	0.044850	0.070064	-0.024868	-0.054422	-0.064283	-0.095353
0.003895	-0.026189	-0.030084	0.011147	0.016989	-0.028136	0.045162	0.069895	-0.030175	-0.050304	-0.065755	-0.099854
-0.023849	-0.048304	-0.024455	0.036077	0.000303	-0.036380	0.044315	0.070083	-0.039992	-0.049907	-0.064689	-0.095125
-0.026159	-0.046342	-0.020183	0.036251	-0.002988	-0.033263	0.040357	0.069865	-0.049863	-0.050065	-0.065202	-0.094444
-0.024193	-0.043639	-0.019446	0.033916	-0.002374	-0.031542	0.040044	0.070276	-0.055176	-0.049969	-0.064891	-0.095144
-0.025371	-0.040742	-0.015371	0.033056	-0.005000	-0.028056	0.055501	0.069210	-0.050241	-0.050006	-0.065065	-0.094964
-0.024874	-0.039134	-0.014261	0.032004	-0.005306	-0.026698	0.073673	0.071035	-0.044945	-0.049984	-0.064954	-0.094589
-0.030604	-0.035873	-0.005269	0.033239	-0.012667	-0.020571	0.081192	0.094331	-0.040069	-0.050026	-0.065060	-0.090096
-0.039247	-0.034249	0.004998	0.036748	-0.022122	-0.014626	0.098773	0.100856	-0.034958	-0.049990	-0.064984	-0.089543
-0.025863	-0.030439	-0.004576	0.028151	-0.010643	-0.017508	0.096045	0.099632	-0.030263	-0.049992	-0.065009	-0.090143
-0.014715	-0.029391	-0.014676	0.022053	-0.000019	-0.022033	0.094630	0.100197	-0.029520	-0.049995	-0.064995	-0.089909
-0.000299	-0.025577	-0.025277	0.012938	0.012489	-0.025427	0.095250	0.099899	-0.025084	-0.050027	-0.065033	-0.090116
0.009648	-0.024259	-0.033907	0.007306	0.021777	-0.029083	0.094883	0.100099	-0.024580	-0.049996	-0.064995	-0.089385
0.000437	-0.009804	-0.010241	0.004684	0.005339	-0.010022	0.095089	0.099872	-0.024871	-0.050012	-0.065007	-0.085301
-0.005152	0.004103	0.009255	0.000525	-0.007204	0.006679	0.094950	0.100070	-0.020446	-0.049985	-0.064991	-0.084917
-0.009816	-0.009804	0.000013	0.009810	-0.004914	-0.004896	0.095084	0.099937	-0.020083	-0.050060	-0.065059	-0.085046
-0.015798	-0.020077	-0.004280	0.017937	-0.005759	-0.012178	0.094977	0.100091	-0.019906	-0.049948	-0.064961	-0.085045
-0.024686	-0.035024	-0.010338	0.029855	-0.007174	-0.022681	0.094998	0.099912	-0.019960	-0.050134	-0.065114	-0.084699
-0.030711	-0.044477	-0.013766	0.037594	-0.008472	-0.029122	0.094989	0.105534	-0.014976	-0.049451	-0.064480	-0.080558
-0.003093	-0.025842	-0.022749	0.014468	0.009828	-0.024296	0.095038	0.109570	-0.015060	-0.045078	-0.060041	-0.080028
0.011863	-0.010318	-0.022180	-0.000773	0.017021	-0.016249	0.094991	0.115371	-0.014929	-0.039956	-0.055026	-0.079975
-0.001074	0.005151	0.006224	-0.002039	-0.003649	0.005688	0.094995	0.139315	-0.010201	-0.035122	-0.049988	-0.080036
0.051124	0.019439	-0.031685	-0.035281	0.041404	-0.006123	0.094948	0.145352	-0.009870	-0.029630	-0.045049	-0.079953
0.026559	-0.000294	-0.026853	-0.013132	0.026706	-0.013574	0.095096	0.149908	-0.010664	-0.024961	-0.039998	-0.079932
-0.000468	-0.014758	-0.014290	0.007613	0.006911	-0.014524	0.094892	0.154982	-0.009254	-0.024805	-0.034513	-0.075530
0.030216	0.024691	-0.005525	-0.027454	0.017871	0.009583	0.095120	0.155600	-0.000431	-0.015398	-0.025153	-0.069930
0.059204	0.059275	0.000071	-0.059240	0.029567	0.029673	0.094769	0.174202	0.005659	-0.010307	-0.020395	-0.070077
0.080514	0.055745	-0.024769	-0.068129	0.052641	0.015488	0.095372	0.180612	0.014254	-0.005038	-0.014984	-0.065010
0.099625	0.054204	-0.045421	-0.076915	0.072523	0.004391	0.094435	0.180342	0.020675	0.004649	-0.005393	-0.060007
0.074704	0.050065	-0.024640	-0.062385	0.049672	0.012713	0.096150	0.184781	0.029619	0.009892	-0.000062	-0.059851
0.056750	0.050375	-0.006375	-0.053563	0.031563	0.022000	0.093503	0.185120	0.035136	0.015558	0.005521	-0.049556
0.025480	0.043700	0.018220	-0.034590	0.003630	0.030960	0.086960	0.190214	0.039523	0.024979	0.014823	-0.040092
0.016133	0.047270	0.031136	-0.031702	-0.007501	0.039203	0.113142	0.205095	0.044840	0.034985	0.020624	-0.034581
0.123050	0.082398	-0.040651	-0.102724	0.081851	0.020873	0.111481	0.224969	0.059857	0.045114	0.024559	-0.024927
0.120761	0.093157	-0.027604	-0.106959	0.074183	0.032776	0.109025	0.240198	0.070253	0.055297	0.030699	-0.015575
0.131136	0.122522	-0.008614	-0.126829	0.069875	0.056954	0.105402	0.244861	0.074997	0.054367	0.034443	-0.009936
0.106416	0.117007	0.010591	-0.111711	0.047913	0.063799	0.104390	0.245655	0.079872	0.056144	0.040484	-0.005064
0.080058	0.103570	0.023512	-0.091814	0.028273	0.063541	0.105012	0.249507	0.085445	0.078647	0.064081	-0.000066
0.074058	0.096044	0.021986	-0.085051	0.026036	0.059015	0.100377	0.250695	0.089399	0.076080	0.065436	-0.000047
0.026643	0.083498	0.056855	-0.055070	-0.015106	0.070176	0.099630	0.254765	0.090640	0.074765	0.064823	0.005066
0.028956	0.076308	0.047352	-0.052632	-0.009198	0.061830	0.094680	0.255397	0.108940	0.075060	0.065033	0.009849
0.034261	0.067698	0.033436	-0.050979	0.000412	0.050567	0.095006	0.248957	0.115317	0.074791	0.064790	0.010621
0.056288	0.078403	0.022114	-0.067345	0.017087	0.050258	0.095269	0.251295	0.120379	0.100350	0.090349	0.024327
0.138385	0.146616	0.008231	-0.142501	0.065077	0.077423	0.090503	0.278792	0.124563	0.134338	0.124316	0.035729
0.170832	0.162260	-0.008573	-0.166546	0.089703	0.076843	0.089524	0.276104	0.125376	0.140470	0.130502	0.049353
0.138818	0.163459	0.024641	-0.151139	0.057089	0.094050	0.085071	0.269226	0.139456	0.144689	0.134734	0.060368
0.116764	0.176663	0.059899	-0.146713	0.028432	0.118281	0.085407	0.265399	0.145844	0.150513	0.144738	0.074683
0.147782	0.194002	0.046220	-0.170892	0.050781	0.120111	0.084978	0.259883	0.144816	0.150327	0.149937	0.085687
0.160965	0.190859	0.029894	-0.175912	0.065535	0.110376	0.080421	0.255210	0.140575	0.155423	0.154641	0.089751
0.169346	0.189352	0.020006	-0.179349	0.074670	0.104679	0.079928	0.249505	0.139924	0.154884	0.154944	0.090122
0.185498	0.190356	0.004857	-0.187927	0.090321	0.097607	0.080403	0.235306	0.139635	0.150591	0.155639	0.089947
0.200259	0.189903	-0.010356	-0.195081	0.105307	0.089773	0.085042	0.224404	0.135077	0.150002	0.159420	0.090172
0.210807	0.190169	-0.020638	-0.200488	0.115723	0.084766	0.085326	0.215209	0.134633	0.150139	0.160113	0.089832
0.183883	0.189937	0.006054	-0.186910	0.088915	0.097995	0.085250	0.204857	0.134849	0.149801	0.159749	0.090649
0.162630	0.190056	0.027427	-0.176343	0.067602	0.108742	0.089329	0.195063	0.130498	0.150603	0.149640	0.094418
0.151368	0.190073	0.038705	-0.170720	0.056331	0.114389	0.090706	0.185037	0.130106	0.149276	0.140120	0.086325
0.098339	0.190063	0.091724	-0.144201	0.003307	0.140894	0.089260	0.175006	0.129970	0.140643	0.134585	0.079212
0.132530	0.189706	0.057176	-0.161118	0.037677	0.123441	0.080382	0.164946	0.129774	0.134603	0.124989	0.070505
0.161452	0.179706	0.018254	-0.170579	0.071599	0.098980	0.074352	0.155009	0.119609	0.125689	0.115481	0.064323
0.174484	0.170022	-0.004461	-0.172253	0.089473	0.082780	0.065743	0.145051	0.110114	0.119348	0.109959	0.055694
0.194679	0.164760	-0.029919	-0.179720	0.112299	0.067421	0.059355	0.134978	0.104569	0.110635	0.100486	0.050077
0.175435	0.154602	-0.020833	-0.165019	0.098134	0.066885	0.050288	0.124966	0.094988	0.104562	0.089823	0.040329
0.159689	0.145286	-0.014403	-0.152487	0.087046	0.065442	0.044946	0.114993	0.085475	0.090129	0.080101	0.030276
0.144903	0.139352	-0.005551	-0.142128	0.075227	0.066901	0.040172	0.105042	0.079946	0.079977	0.069973	0.025078
0.120086	0.120409	0.000323	-0.120248	0.059882	0.060366	0.039431	0.094970	0.070478	0.070009	0.060017	0.015292
0.089581	0.099850	0.010269	-0.094716	0.039656	0.055060	0.040068	0.084970	0.059824	0.055029	0.049961	0.005227
0.065541	0.080205	0.014663	-0.072873	0.025439	0.047434	0.034922	0.074988	0.050089	0.045057	0.039999	-0.000630
0.053835	0.065073	0.011238	-0.059454	0.021299	0.038155	0.035022	0.065004	0.039965	0.034929	0.030010	-0.009267
0.056009	0.059618	0.003609	-0.057814	0.026200	0.031614	0.035024	0.055507	0.030004	0.025560	0.019952	-0.015731
0.052335	0.055161	0.002826	-0.053748	0.024754	0.028994	0.029923	0.049906	0.019937	0.019818	0.010005	-0.024534
0.064678	0.054898	-0.009780	-0.059788	0.037229	0.022559	0.030505	0.044579	0.010363	0.015073	-0.000113	-0.030738
0.073706	0.050088	-0.023619	-0.061897	0.048662	0.013235	0.029896	0.035065	0.005627	0.009924	-0.009316	-0.039251
-0.018861	0.044913	0.063774	-0.013026	-0.041317	0.054343	0.025461	0.029515	-0.000228	0.005067	-0.015145	-0.045212
-0.004933	0.044841	0.049774	-0.019954	-0.027354	0.047308	0.024995	0.025130	-0.009795	-0.000171	-0.019941	-0.049556
0.012462	0.034931	0.022470	-0.023696	-0.005004	0.028701	0.024528	0.019908	-0.015084	-0.004354	-0.024949	-0.049914
0.043998	0.030095	-0.013903	-0.037047	0.028951	0.008096	0.020130	0.015052	-0.019939	-0.005748	-0.024961	-0.059445
0.075027	0.024895	-0.050132	-0.049961	0.062580	-0.012619	0.019464	0.009956	-0.024621	-0.009312	-0.020441	-0.065019
0.040038	0.015184	-0.024854	-0.027611	0.032446	-0.004835	0.020073	0.004962	-0.024856	-0.010431	-0.020041	-0.065139
0.010928	0.009917	-0.001011	-0.010423	0.005970	0.004453	0.014902	0.000443	-0.025614	-0.014338	-0.019609	-0.069571
-0.015896	0.004961	0.020857	0.005467	-0.018377	0.012909	0.015064	-0.000086	-0.024443	-0.015842	-0.020686	-0.070099
-0.044202	-0.004630	0.039572	0.024416	-0.041887	0.017471	0.014935	-0.004516	-0.026610	-0.024368	-0.034790	-0.074524
-0.025777	-0.014830	0.010948	0.020304	-0.018363	-0.001941	0.010098	-0.010241	-0.053818	-0.035327	-0.045195	-0.080183
-0.004545	-0.020584	-0.016038	0.012564	0.005747	-0.018311	0.010007	-0.014417	-0.060557	-0.044343	-0.049932	-0.084863
0.000113	-0.029890	-0.030003	0.014888	0.015058	-0.029946	0.009968	-0.015202	-0.059781	-0.050138	-0.054451	-0.089978
0.004794	-0.040327	-0.045122	0.017767	0.024958	-0.042724	0.010527	-0.019435	-0.060160	-0.054424	-0.055023	-0.090502
-0.030760	-0.044814	-0.014053	0.037787	-0.008353	-0.029434	0.014917	-0.025129	-0.059905	-0.055141	-0.055012	-0.089919
-0.053399	-0.040504	0.012895	0.046952	-0.033147	-0.013804	0.019943	-0.024888	-0.060071	-0.054945	-0.054987	-0.095068
-0.043168	-0.040055	0.003113	0.041611	-0.023141	-0.018471	0.025513	-0.030109	-0.059982	-0.055062	-0.055041	-0.094989
-0.072148	-0.039986	0.032162	0.056067	-0.052155	-0.003912	0.030044	-0.034910	-0.060039	-0.054991	-0.054994	-0.095046
-0.051922	-0.040037	0.011886	0.045980	-0.031904	-0.014076	0.025453	-0.035217	-0.059978	-0.055014	-0.055018	-0.099880
-0.028879	-0.039997	-0.011119	0.034438	-0.008880	-0.025558	0.024876	-0.039497	-0.060022	-0.054998	-0.054979	-0.099972
-0.005175	-0.040029	-0.034854	0.022602	0.014840	-0.037441	0.025072	-0.040002	-0.059990	-0.055028	-0.055064	-0.100043
0.015040	-0.040002	-0.055043	0.012481	0.035041	-0.047522	0.024968	-0.040034	-0.060578	-0.055004	-0.054911	-0.100556
-0.030143	-0.040002	-0.009858	0.035073	-0.010143	-0.024930	0.025024	-0.039979	-0.064669	-0.054941	-0.055300	-0.104684
-0.068674	-0.039993	0.028681	0.054334	-0.048678	-0.005656	0.024986	-0.040014	-0.065091	-0.055453	-0.059413	-0.105066
-0.061444	-0.040049	0.021395	0.050746	-0.041420	-0.009327	0.025023	-0.039987	-0.064975	-0.059938	-0.060057	-0.105014
-0.053839	-0.039415	0.014424	0.046627	-0.034132	-0.012495	0.024993	-0.040570	-0.065039	-0.060475	-0.059990	-0.105004
-0.040607	-0.035305	0.005302	0.037956	-0.022954	-0.015002	0.024999	-0.044704	-0.064954	-0.059818	-0.059987	-0.104984
-0.034449	-0.034907	-0.000458	0.034678	-0.016995	-0.017683	0.024995	-0.045046	-0.065042	-0.060084	-0.059995	-0.104967
0.000248	-0.035061	-0.035309	0.017407	0.017779	-0.035185	0.025010	-0.045035	-0.064977	-0.059972	-0.060024	-0.105093
0.033733	-0.034941	-0.068675	0.000604	0.051204	-0.051808	0.024998	-0.044929	-0.065061	-0.060020	-0.059996	-0.104904
0.006070	-0.035028	-0.041098	0.014479	0.023584	-0.038063	0.024998	-0.045141	-0.064862	-0.059973	-0.059980	-0.105141
-0.020194	-0.034925	-0.014731	0.027560	-0.002732	-0.024828	0.024998	-0.044533	-0.065399	-0.059977	-0.060000	-0.104512
-0.055433	-0.035097	0.020336	0.045265	-0.037884	-0.007381	0.025013	-0.045089	-0.065058	-0.060057	-0.059984	-0.105128
-0.088656	-0.034872	0.053784	0.061764	-0.071220	0.009456	0.025000	-0.049562	-0.060254	-0.059911	-0.060580	-0.109534
-0.081477	-0.035167	0.046310	0.058322	-0.063893	0.005571	0.024998	-0.050014	-0.060332	-0.060290	-0.064658	-0.110027
-0.074033	-0.034696	0.039337	0.054364	-0.056685	0.002321	0.025007	-0.050040	-0.060000	-0.064414	-0.065090	-0.109985
-0.071604	-0.035851	0.035753	0.053727	-0.053678	-0.000049	0.024999	-0.049956	-0.055816	-0.065051	-0.064966	-0.110049
-0.062727	-0.034338	0.028389	0.048532	-0.045558	-0.002974	0.025009	-0.050109	-0.053965	-0.064986	-0.065049	-0.109992
-0.062862	-0.036256	0.026606	0.049559	-0.044734	-0.004825	0.024983	-0.049802	-0.055964	-0.065137	-0.064891	-0.109981
-0.081240	-0.063346	0.017894	0.072293	-0.049567	-0.022726	0.024601	-0.050518	-0.073891	-0.070049	-0.065504	-0.109992
-0.064237	-0.061089	0.003149	0.062663	-0.033693	-0.028970	0.019975	-0.049880	-0.071203	-0.074896	-0.070072	-0.110049
-0.097165	-0.054430	0.042735	0.075798	-0.069950	-0.005848	0.019703	-0.045549	-0.069370	-0.080300	-0.074903	-0.109985
-0.091869	-0.049982	0.041887	0.070926	-0.066878	-0.004047	0.019664	-0.044779	-0.070059	-0.079959	-0.080112	-0.110027
-0.079101	-0.045660	0.033440	0.062380	-0.056270	-0.006110	0.015762	-0.045486	-0.070376	-0.075488	-0.080165	-0.109534
-0.069704	-0.039071	0.030633	0.054388	-0.050169	-0.004219	0.014189	-0.044933	-0.069941	-0.075025	-0.075591	-0.105128
-0.065669	-0.041150	0.024520	0.053410	-0.045095	-0.008315	0.016007	-0.040454	-0.065548	-0.075060	-0.074981	-0.104512
-0.094138	-0.073419	0.020720	0.083779	-0.057429	-0.026350	0.023917	-0.039944	-0.064696	-0.074691	-0.075023	-0.105141
-0.080800	-0.061367	0.019434	0.071084	-0.050117	-0.020967	0.031040	-0.040000	-0.065664	-0.070590	-0.074562	-0.104904
-0.054872	-0.049181	0.005692	0.052027	-0.030282	-0.021745	0.053668	-0.040047	-0.064417	-0.069966	-0.070099	-0.105093
-0.034528	-0.040129	-0.005600	0.037329	-0.014464	-0.022865	0.051205	-0.039416	-0.066163	-0.070085	-0.069532	-0.104964
-0.010349	-0.025215	-0.014866	0.017782	0.002259	-0.020041	0.049280	-0.035303	-0.088519	-0.069676	-0.070177	-0.104982
0.010760	-0.013881	-0.024641	0.001561	0.017700	-0.019261	0.050353	-0.034906	-0.086609	-0.065577	-0.069491	-0.105003
0.029857	-0.005746	-0.035603	-0.012056	0.032730	-0.020674	0.049847	-0.035093	-0.084262	-0.064993	-0.065104	-0.105008
0.020472	-0.024507	-0.044979	0.002017	0.032725	-0.034743	0.049568	-0.034380	-0.079893	-0.064992	-0.064581	-0.105073
-0.030517	-0.040510	-0.009993	0.035513	-0.010262	-0.025251	0.045227	-0.030338	-0.079882	-0.065029	-0.064984	-0.104662
-0.084486	-0.060022	0.024464	0.072254	-0.054475	-0.017779	0.044989	-0.029878	-0.080356	-0.064545	-0.065408	-0.100575
-0.085611	-0.074924	0.010687	0.080267	-0.048149	-0.032118	0.045018	-0.030097	-0.075457	-0.060100	-0.064941	-0.100006
-0.069231	-0.070675	-0.001444	0.069953	-0.033893	-0.036060	0.045012	-0.029935	-0.074572	-0.059523	-0.060510	-0.099998
-0.050277	-0.064878	-0.014601	0.057577	-0.017838	-0.039740	0.045020	-0.029912	-0.070075	-0.060177	-0.059772	-0.099971
-0.034917	-0.059987	-0.025070	0.047452	-0.004923	-0.042528	0.044568	-0.025034	-0.070436	-0.059483	-0.060491	-0.099992
-0.014773	-0.055126	-0.040353	0.034949	0.012790	-0.047739	0.040051	-0.024962	-0.069961	-0.055108	-0.059906	-0.100038
-0.000176	-0.049747	-0.049571	0.024961	0.024697	-0.049659	0.039606	-0.025078	-0.065432	-0.054569	-0.055500	-0.099992
-0.014702	-0.050005	-0.035303	0.032354	0.010300	-0.042654	0.039990	-0.019910	-0.064948	-0.055012	-0.054846	-0.099972
-0.034766	-0.054567	-0.019802	0.044667	-0.007482	-0.037185	0.040388	-0.020527	-0.064983	-0.055368	-0.055175	-0.099992
-0.070970	-0.054975	0.015994	0.062972	-0.043482	-0.019491	0.039981	-0.019885	-0.065067	-0.055004	-0.054356	-0.100038
-0.103927	-0.055045	0.048883	0.079486	-0.076405	-0.003081	0.035427	-0.015469	-0.064401	-0.050407	-0.055767	-0.099992
-0.090617	-0.054916	0.035701	0.072767	-0.063159	-0.009608	0.034950	-0.014995	-0.060298	-0.049971	-0.064325	-0.099975
-0.080100	-0.055450	0.024650	0.067775	-0.052375	-0.015400	0.035014	-0.014536	-0.059913	-0.049980	-0.060276	-0.099992
-0.074463	-0.059962	0.014501	0.067213	-0.044482	-0.022730	0.034978	-0.010118	-0.060056	-0.050063	-0.059352	-0.100040
-0.060595	-0.060440	0.000155	0.060517	-0.030375	-0.030142	0.035078	-0.009488	-0.059979	-0.049405	-0.060184	-0.099992
-0.049337	-0.059897	-0.010560	0.054617	-0.019389	-0.035229	0.034675	-0.010060	-0.060023	-0.045302	-0.059933	-0.099975
-0.040278	-0.060005	-0.019728	0.050142	-0.010275	-0.039867	0.030581	-0.004960	-0.059566	-0.044917	-0.059606	-0.099992
-0.070527	-0.059924	0.010603	0.065226	-0.040565	-0.024661	0.029976	-0.004993	-0.055057	-0.045050	-0.055067	-0.100040
-0.089240	-0.055468	0.033772	0.072354	-0.061506	-0.010848	0.030004	-0.005056	-0.054604	-0.044980	-0.054547	-0.099992
-0.055791	-0.050069	0.005722	0.052930	-0.030756	-0.022174	0.029987	0.000086	-0.054988	-0.045026	-0.055142	-0.099975
-0.029271	-0.049562	-0.020291	0.039417	-0.004490	-0.034927	0.029999	-0.000539	-0.055382	-0.044567	-0.054915	-0.099992
-0.004758	-0.045473	-0.040715	0.025115	0.017978	-0.043094	0.030012	0.000165	-0.054999	-0.040051	-0.055102	-0.100040
0.009467	-0.045294	-0.054761	0.017914	0.032114	-0.050027	0.029997	0.004435	-0.050406	-0.039600	-0.054388	-0.099992
0.000593	-0.039965	-0.040558	0.019686	0.020576	-0.040262	0.029994	0.005384	-0.049982	-0.039989	-0.050311	-0.099971
-0.005512	-0.034742	-0.029230	0.020127	0.011859	-0.031986	0.029992	0.009403	-0.049967	-0.040381	-0.049911	-0.099994
-0.034987	-0.034497	0.000490	0.034742	-0.017739	-0.017004	0.030045	0.010046	-0.050063	-0.039981	-0.050037	-0.100031
-0.060087	-0.030500	0.029587	0.045293	-0.044837	-0.000457	0.029415	0.009996	-0.049958	-0.035422	-0.050030	-0.100000
-0.029674	-0.029915	-0.000241	0.029794	-0.014716	-0.015078	0.025306	0.010007	-0.049890	-0.034942	-0.049713	-0.099950
-0.001200	-0.030004	-0.028804	0.015602	0.013802	-0.029404	0.024917	0.010001	-0.045023	-0.035005	-0.045520	-0.100013
0.001610	-0.030003	-0.031613	0.014196	0.016611	-0.030808	0.025043	0.010009	-0.044983	-0.034984	-0.045054	-0.099999
0.022928	-0.029995	-0.052923	0.003534	0.037925	-0.041459	0.024988	0.010000	-0.045032	-0.035018	-0.044888	-0.100055
0.021055	-0.029979	-0.051034	0.004462	0.036044	-0.040506	0.024986	0.010005	-0.039955	-0.035088	-0.045166	-0.099831
0.018827	-0.029999	-0.048827	0.005586	0.033827	-0.039413	0.025026	0.010000	-0.040421	-0.039947	-0.044484	-0.100621
0.020330	-0.030005	-0.050334	0.004838	0.035332	-0.040170	0.024959	0.010005	-0.040032	-0.040070	-0.045144	-0.104317
0.019895	-0.030000	-0.049894	0.005052	0.034894	-0.039947	0.025086	0.009999	-0.035232	-0.039913	-0.049449	-0.105663
0.019822	-0.029988	-0.049810	0.005083	0.034816	-0.039899	0.024827	0.009998	-0.035417	-0.045075	-0.050348	-0.109590
0.015547	-0.029998	-0.045545	0.007225	0.030546	-0.037771	0.025478	0.009999	-0.034747	-0.044468	-0.054407	-0.110547
0.014993	-0.030012	-0.045005	0.007509	0.029999	-0.037508	0.024924	0.010004	-0.036229	-0.045149	-0.055057	-0.114944
0.015066	-0.029997	-0.045063	0.007465	0.030065	-0.037530	0.020456	0.010002	-0.053808	-0.049513	-0.054992	-0.114927
0.014854	-0.029999	-0.044853	0.007572	0.029853	-0.037426	0.019949	0.009997	-0.051004	-0.050061	-0.054995	-0.110101
0.015511	-0.029962	-0.045473	0.007226	0.030492	-0.037717	0.020005	0.010006	-0.049647	-0.049983	-0.054995	-0.110022
0.014886	-0.030047	-0.044933	0.007580	0.029910	-0.037490	0.020009	0.009998	-0.050203	-0.050028	-0.055027	-0.110011
0.010520	-0.029933	-0.040453	0.009707	0.025486	-0.035193	0.019997	0.010012	-0.049898	-0.049998	-0.054997	-0.110031
0.009872	-0.030075	-0.039948	0.010101	0.024910	-0.035011	0.019995	0.009988	-0.050049	-0.049993	-0.054994	-0.109942
0.010129	-0.029863	-0.039992	0.009867	0.025061	-0.034927	0.020000	0.010027	-0.049985	-0.049998	-0.054996	-0.110039
0.009852	-0.030210	-0.040062	0.010179	0.024957	-0.035136	0.020007	0.009965	-0.050001	-0.050023	-0.055023	-0.109984
0.009722	-0.029672	-0.039394	0.009975	0.024558	-0.034533	0.019992	0.010087	-0.050073	-0.049996	-0.054996	-0.110087
0.004704	-0.030640	-0.035344	0.012968	0.020024	-0.032992	0.020041	0.009688	-0.049842	-0.049992	-0.054987	-0.109804
0.005612	-0.029251	-0.034863	0.011819	0.020237	-0.032057	0.019541	0.005583	-0.050475	-0.049996	-0.054996	-0.110472
0.003268	-0.031863	-0.035132	0.014298	0.019200	-0.033497	0.015092	0.004971	-0.049934	-0.050020	-0.055022	-0.109957
-0.023720	-0.058540	-0.034821	0.041130	0.005550	-0.046680	0.014519	0.004999	-0.045454	-0.049996	-0.054996	-0.105450
-0.020829	-0.056149	-0.035319	0.038489	0.007245	-0.045734	0.015163	0.005047	-0.044935	-0.049988	-0.054987	-0.104920
-0.014496	-0.049582	-0.035086	0.032039	0.010295	-0.042334	0.014911	0.004543	-0.045003	-0.049996	-0.054996	-0.104998
-0.014582	-0.045213	-0.030631	0.029897	0.008025	-0.037922	0.015057	0.000086	-0.045013	-0.050020	-0.055022	-0.105037
-0.010590	-0.039942	-0.029352	0.025266	0.009381	-0.034647	0.014971	-0.000481	-0.044996	-0.049996	-0.054996	-0.104992
-0.009590	-0.034941	-0.025351	0.022265	0.007881	-0.030146	0.015005	0.000169	-0.044981	-0.049988	-0.054988	-0.104966
-0.010764	-0.035214	-0.024450	0.022989	0.006843	-0.029832	0.015009	-0.000094	-0.044996	-0.049993	-0.054989	-0.104992
-0.024715	-0.044436	-0.019721	0.034576	-0.002497	-0.032078	0.014973	0.000084	-0.045011	-0.050020	-0.055030	-0.105037
-0.025188	-0.045424	-0.020236	0.035306	-0.002476	-0.032830	0.015080	-0.000611	-0.045002	-0.049988	-0.054976	-0.104998
-0.004484	-0.044891	-0.040406	0.024687	0.017961	-0.042648	0.014684	-0.004671	-0.044931	-0.049987	-0.055009	-0.104920
0.014363	-0.044986	-0.059349	0.015312	0.036856	-0.052168	0.010582	-0.005110	-0.045453	-0.049981	-0.054949	-0.105450
0.010438	-0.045072	-0.055510	0.017317	0.032974	-0.050291	0.009970	-0.004959	-0.049932	-0.050032	-0.055086	-0.109957
0.009645	-0.044861	-0.054505	0.017608	0.032075	-0.049683	0.010004	-0.005011	-0.050479	-0.049969	-0.054889	-0.110474
0.009959	-0.045206	-0.055165	0.017624	0.032562	-0.050185	0.009993	-0.005218	-0.049816	-0.050022	-0.055168	-0.109806
0.010325	-0.044591	-0.054915	0.017133	0.032620	-0.049753	0.009999	-0.009563	-0.050096	-0.049892	-0.054486	-0.110086
0.009039	-0.046077	-0.055116	0.018519	0.032078	-0.050597	0.010002	-0.009842	-0.049928	-0.050718	-0.055150	-0.109986
0.011003	-0.043381	-0.054384	0.016189	0.032693	-0.048882	0.009998	-0.010316	-0.050616	-0.054867	-0.059450	-0.110032
0.003543	-0.046815	-0.050357	0.021636	0.026950	-0.048586	0.009994	-0.009372	-0.054651	-0.060124	-0.060345	-0.109951
-0.033414	-0.083294	-0.049880	0.058354	0.008233	-0.066587	0.009999	-0.010681	-0.055095	-0.064440	-0.064406	-0.110009
-0.031642	-0.081763	-0.050121	0.056703	0.009239	-0.065942	0.010003	-0.008795	-0.054977	-0.065055	-0.065059	-0.110035
-0.024182	-0.074086	-0.049904	0.049134	0.012861	-0.061995	0.009999	0.013529	-0.055018	-0.064996	-0.064992	-0.109999
-0.020241	-0.070412	-0.050171	0.045327	0.014965	-0.060292	0.009999	0.010721	-0.054985	-0.064992	-0.064989	-0.109967
-0.015316	-0.064696	-0.049381	0.040006	0.017032	-0.057039	0.009992	0.009375	-0.054981	-0.064999	-0.064993	-0.109993
-0.015131	-0.060847	-0.045715	0.037989	0.015292	-0.053281	0.010013	0.010242	-0.055057	-0.065028	-0.065029	-0.110035
-0.014916	-0.059820	-0.044904	0.037368	0.014994	-0.052362	0.009979	0.005268	-0.054914	-0.065001	-0.065002	-0.109993
-0.015047	-0.060089	-0.045043	0.037568	0.014998	-0.052566	0.010019	0.005150	-0.055300	-0.064990	-0.064940	-0.109961
-0.015093	-0.059940	-0.044848	0.037516	0.014878	-0.052394	0.009960	0.004454	-0.059388	-0.065006	-0.065460	-0.109992
-0.014472	-0.060060	-0.045588	0.037266	0.015558	-0.052824	0.010061	0.000177	-0.060083	-0.065018	-0.069934	-0.110034
-0.015492	-0.059967	-0.044475	0.037730	0.014491	-0.052221	0.009913	-0.000540	-0.059937	-0.065012	-0.070494	-0.110005
-0.029596	-0.059978	-0.030382	0.044787	0.000393	-0.045180	0.010160	0.000091	-0.060047	-0.064962	-0.069793	-0.109898
-0.044899	-0.059986	-0.015088	0.052443	-0.014906	-0.037537	0.009536	-0.005050	-0.059889	-0.065035	-0.070130	-0.110509
-0.059681	-0.060022	-0.000341	0.059852	-0.029670	-0.030182	0.010070	-0.005007	-0.060168	-0.064968	-0.069914	-0.114497
-0.070396	-0.059992	0.010404	0.065194	-0.040400	-0.024794	0.014560	-0.004955	-0.059765	-0.065090	-0.070130	-0.115320
-0.038835	-0.059981	-0.021145	0.049408	-0.008845	-0.040563	0.015183	-0.010074	-0.060378	-0.064817	-0.069796	-0.124681
-0.017837	-0.060001	-0.042164	0.038919	0.012164	-0.051082	0.019915	-0.009489	-0.059034	-0.065478	-0.070495	-0.129974
-0.016364	-0.059990	-0.043626	0.038177	0.013631	-0.051808	0.019950	-0.010129	-0.066261	-0.064940	-0.069935	-0.124906
0.031847	-0.060578	-0.092425	0.014365	0.062136	-0.076502	0.014958	-0.014516	-0.088961	-0.060453	-0.065460	-0.124667
-0.002851	-0.064671	-0.061819	0.033761	0.029484	-0.063245	0.009961	-0.015118	-0.085548	-0.059940	-0.064942	-0.125042
-0.041178	-0.065084	-0.023905	0.053131	-0.008637	-0.044494	0.005499	-0.014528	-0.084482	-0.060002	-0.064996	-0.124988
-0.054458	-0.064984	-0.010525	0.059721	-0.021966	-0.037755	0.005016	-0.010098	-0.085163	-0.060025	-0.065061	-0.125032
-0.064799	-0.065023	-0.000223	0.064911	-0.032288	-0.032623	0.004976	-0.009519	-0.080406	-0.059994	-0.064411	-0.125070
-0.045200	-0.064970	-0.019770	0.055085	-0.012715	-0.042370	0.005016	-0.010170	-0.079878	-0.059985	-0.060297	-0.124677
-0.025197	-0.065007	-0.039810	0.045102	0.007306	-0.052409	0.004990	-0.009907	-0.080428	-0.059997	-0.059916	-0.120567
-0.004457	-0.065019	-0.060563	0.034738	0.028053	-0.062791	0.005007	-0.010065	-0.079993	-0.060023	-0.060056	-0.120024
0.009400	-0.065002	-0.074402	0.027801	0.041901	-0.069702	0.004985	-0.009959	-0.075437	-0.059989	-0.059979	-0.119989
0.005522	-0.064984	-0.070506	0.029731	0.038014	-0.067745	0.005049	-0.010024	-0.074955	-0.060031	-0.060023	-0.119972
0.004886	-0.064998	-0.069884	0.030056	0.037385	-0.067441	0.004496	-0.009982	-0.075055	-0.059538	-0.059566	-0.119986
0.005029	-0.065026	-0.070054	0.029999	0.037542	-0.067540	0.000128	-0.010013	-0.074376	-0.055108	-0.055057	-0.120080
0.005016	-0.064995	-0.070011	0.029990	0.037513	-0.067503	-0.000566	-0.009992	-0.070555	-0.054516	-0.054596	-0.119408
0.005011	-0.064988	-0.069999	0.029989	0.037505	-0.067494	0.000266	-0.009999	-0.069978	-0.055154	-0.054982	-0.115282
0.005049	-0.064995	-0.070044	0.029973	0.037546	-0.067520	-0.000274	-0.009999	-0.069434	-0.054908	-0.055377	-0.114902
0.004961	-0.065029	-0.069989	0.030034	0.037475	-0.067509	0.000306	-0.010005	-0.065678	-0.055073	-0.054992	-0.115086
0.005098	-0.064997	-0.070095	0.029950	0.037597	-0.067546	-0.000456	-0.010000	-0.064928	-0.054971	-0.050412	-0.114964
0.004838	-0.064989	-0.069828	0.030075	0.037333	-0.067408	0.000825	-0.010001	-0.065036	-0.054994	-0.049958	-0.114977
0.005477	-0.064997	-0.070474	0.029760	0.037975	-0.067736	-0.001233	-0.010000	-0.064532	-0.055013	-0.049981	-0.114978
0.004908	-0.065034	-0.069941	0.030063	0.037425	-0.067488	0.001923	-0.010006	-0.060111	-0.054982	-0.050038	-0.115045
0.000470	-0.064981	-0.065452	0.032255	0.032961	-0.065217	0.033104	-0.009999	-0.059507	-0.055092	-0.049935	-0.114989
-0.000117	-0.065057	-0.064940	0.032587	0.032412	-0.064999	0.031240	-0.010002	-0.060150	-0.054660	-0.050365	-0.114957
0.000486	-0.064510	-0.064996	0.032012	0.032741	-0.064753	0.028779	-0.009994	-0.059896	-0.050613	-0.059855	-0.115005
0.004876	-0.060162	-0.065038	0.027643	0.034957	-0.062600	0.030363	-0.010038	-0.060083	-0.049937	-0.064476	-0.115013
0.005511	-0.059463	-0.064974	0.026976	0.035243	-0.062218	0.029880	-0.009420	-0.059952	-0.050102	-0.059717	-0.115058
0.004910	-0.060104	-0.065014	0.027597	0.034962	-0.062559	0.029826	-0.005312	-0.060008	-0.049660	-0.059874	-0.114752
0.010056	-0.054898	-0.064953	0.022421	0.037504	-0.059926	0.025524	-0.004918	-0.059978	-0.045606	-0.059479	-0.114876
0.009970	-0.055126	-0.065096	0.022578	0.037533	-0.060111	0.024993	-0.005038	-0.060032	-0.044943	-0.055657	-0.124460
0.010018	-0.054856	-0.064874	0.022419	0.037446	-0.059865	0.025066	-0.004984	-0.059988	-0.045089	-0.054960	-0.129551
0.015054	-0.050228	-0.065282	0.017587	0.040168	-0.057755	0.024867	-0.004999	-0.059987	-0.044676	-0.055029	-0.125016
0.015381	-0.049773	-0.065153	0.017196	0.040267	-0.057463	0.025474	-0.005015	-0.059994	-0.040580	-0.054576	-0.125466
0.009785	-0.050769	-0.060554	0.020492	0.035170	-0.055662	0.024925	-0.004966	-0.060029	-0.039984	-0.050057	-0.124965
0.010960	-0.049101	-0.060061	0.019071	0.035511	-0.054581	0.020455	-0.005081	-0.059995	-0.039994	-0.049617	-0.120447
0.019278	-0.040594	-0.059872	0.010658	0.039575	-0.050233	0.019942	-0.004695	-0.060004	-0.040035	-0.049823	-0.119991
0.026428	-0.034030	-0.060457	0.003801	0.043442	-0.047244	0.020001	-0.000583	-0.059993	-0.039547	-0.045518	-0.119527
0.033796	-0.026236	-0.060032	-0.003780	0.046914	-0.043134	0.020018	0.000021	-0.060048	-0.035090	-0.044993	-0.115166
0.036529	-0.018812	-0.055341	-0.008858	0.045935	-0.037077	0.019434	-0.000002	-0.059976	-0.034525	-0.045067	-0.114484
0.027984	-0.027229	-0.055213	-0.000378	0.041598	-0.041221	0.015248	-0.000035	-0.060057	-0.035187	-0.044678	-0.115023
-0.013157	-0.067565	-0.054408	0.040361	0.020626	-0.060986	0.014971	0.000015	-0.059897	-0.034483	-0.040599	-0.109958
-0.001165	-0.056677	-0.055512	0.028921	0.027173	-0.056094	0.014936	-0.000052	-0.060573	-0.030104	-0.039945	-0.110013
0.010277	-0.044412	-0.054688	0.017068	0.032482	-0.049550	0.015129	0.000076	-0.060014	-0.029561	-0.040090	-0.110074
-0.004855	-0.035619	-0.030763	0.020237	0.012954	-0.033191	0.014704	-0.000266	-0.050493	-0.030037	-0.039673	-0.104841
-0.009824	-0.019709	-0.009885	0.014767	0.000030	-0.014797	0.015877	-0.000091	-0.044833	-0.030347	-0.035633	-0.105592
-0.015110	-0.010174	0.004936	0.012642	-0.010023	-0.002619	0.018662	0.009502	-0.040145	-0.030032	-0.034340	-0.104783
-0.014821	0.000052	0.014873	0.007384	-0.014847	0.007463	0.026544	0.020095	-0.034860	-0.025349	-0.030571	-0.100711
-0.010486	0.014999	0.025484	-0.002256	-0.017985	0.020241	0.048742	0.029828	-0.030190	-0.025110	-0.029788	-0.099333
-0.009604	0.024502	0.034107	-0.007449	-0.021856	0.029305	0.046540	0.034969	-0.024497	-0.024372	-0.025056	-0.101263
0.009500	0.035156	0.025656	-0.022328	-0.008078	0.030406	0.044288	0.039963	-0.020111	-0.020700	-0.025000	-0.114273
0.030000	0.049472	0.019473	-0.039736	0.005263	0.034473	0.039880	0.040441	-0.019490	-0.019920	-0.024967	-0.110808
0.045103	0.060401	0.015299	-0.052752	0.014902	0.037850	0.039917	0.040118	-0.015272	-0.020058	-0.020173	-0.109057
0.059717	0.069617	0.009899	-0.064667	0.024909	0.039758	0.040353	0.044564	-0.014514	-0.019564	-0.019465	-0.105961
0.060493	0.065651	0.005157	-0.063072	0.027668	0.035404	0.035454	0.044970	-0.010060	-0.015061	-0.015625	-0.104104
0.065111	0.064446	-0.000664	-0.064779	0.032888	0.031891	0.034566	0.044549	-0.009604	-0.014601	-0.014450	-0.100842
0.075003	0.065235	-0.009768	-0.070119	0.042386	0.027734	0.030109	0.040019	-0.009835	-0.014881	-0.010168	-0.099416
0.085121	0.064893	-0.020228	-0.075007	0.052675	0.022333	0.030418	0.035053	-0.005563	-0.010467	-0.010358	-0.095794
0.094866	0.065117	-0.029750	-0.079991	0.062308	0.017683	0.029981	0.029891	-0.004335	-0.010069	-0.010013	-0.094208
0.105406	0.064962	-0.040444	-0.085184	0.072925	0.012259	0.025409	0.025257	-0.000606	-0.009941	-0.005360	-0.090751
0.114104	0.065057	-0.049047	-0.089580	0.081575	0.008005	0.024856	0.019144	0.000318	-0.009751	-0.004895	-0.089495
0.126341	0.064985	-0.061356	-0.095663	0.093849	0.001815	0.020051	0.015566	0.004786	0.000009	0.000033	-0.085647
0.148037	0.065064	-0.082972	-0.106551	0.115504	-0.008954	0.019957	0.039114	0.005295	0.004964	-0.000033	-0.084954
0.126369	0.064978	-0.061391	-0.095673	0.093880	0.001793	0.020074	0.035439	0.005031	0.010113	0.000089	-0.085013
0.104648	0.065087	-0.039561	-0.084867	0.072104	0.012763	0.014913	0.035909	0.020498	0.019803	0.004822	-0.084974
0.079558	0.064937	-0.014621	-0.072247	0.047089	0.025158	0.015524	0.063711	0.034362	0.025477	0.005584	-0.084545
0.056182	0.065571	0.009389	-0.060877	0.023397	0.037480	0.014902	0.056654	0.025564	0.029213	0.009391	-0.080079
0.074549	0.065076	-0.009473	-0.069812	0.042011	0.027801	0.009926	0.048674	0.018915	0.021080	0.010069	-0.079535
0.085389	0.055311	-0.030078	-0.070350	0.057733	0.012617	0.005051	0.040697	0.010599	0.014507	0.009766	-0.080073
0.094785	0.044903	-0.049882	-0.069844	0.072333	-0.002489	-0.000076	0.034168	0.004301	0.005709	-0.000351	-0.079949
0.104510	0.035135	-0.069375	-0.069822	0.086942	-0.017120	-0.004918	0.025836	-0.004301	-0.000646	-0.009982	-0.079976
0.090457	0.024835	-0.065622	-0.057646	0.078039	-0.020393	-0.010202	0.019814	-0.010483	-0.009519	-0.015369	-0.080127
0.079856	0.015496	-0.064360	-0.047676	0.072108	-0.024432	-0.010191	0.015264	-0.024367	-0.014862	-0.025085	-0.079560
0.070524	0.004864	-0.065660	-0.037694	0.068092	-0.030398	-0.004948	0.014931	-0.035150	-0.025050	-0.034415	-0.085392
0.034845	-0.029994	-0.064839	-0.002426	0.049842	-0.047417	-0.005008	0.015000	-0.045400	-0.034898	-0.040118	-0.109435
0.001356	-0.059190	-0.060546	0.028917	0.030951	-0.059868	-0.005066	0.015043	-0.055182	-0.030906	-0.044355	-0.115733
0.004111	-0.055802	-0.059913	0.025845	0.032012	-0.057857	0.000072	0.014828	-0.055225	-0.029530	-0.045470	-0.114992
0.005296	-0.054822	-0.060119	0.024763	0.032708	-0.057470	-0.000557	0.015462	-0.054962	-0.025553	-0.049277	-0.119511
0.004236	-0.055117	-0.059353	0.025441	0.031795	-0.057235	0.000175	0.014924	-0.055059	-0.023786	-0.050817	-0.120688
0.000581	-0.055002	-0.055582	0.027211	0.028081	-0.055292	0.004418	0.010444	-0.055004	-0.036170	-0.054284	-0.124383
-0.000082	-0.055021	-0.054938	0.027551	0.027428	-0.054979	0.005225	0.009947	-0.055016	-0.063739	-0.055470	-0.125373
-0.000172	-0.055050	-0.054879	0.027611	0.027354	-0.054965	0.004489	0.010004	-0.055010	-0.061166	-0.059355	-0.129421
0.000690	-0.054944	-0.055634	0.027127	0.028162	-0.055289	0.005101	0.010004	-0.055006	-0.059197	-0.060105	-0.130065
-0.000364	-0.055180	-0.054817	0.027772	0.027227	-0.054999	0.009524	0.009992	-0.055036	-0.060284	-0.059972	-0.130080
-0.004363	-0.054535	-0.050172	0.029449	0.022905	-0.052354	0.010062	0.010039	-0.054925	-0.059847	-0.060015	-0.129680
-0.005916	-0.055835	-0.049919	0.030876	0.022001	-0.052877	0.009952	0.009541	-0.055083	-0.060102	-0.059988	-0.125565
-0.018714	-0.069186	-0.050472	0.043950	0.015879	-0.059829	0.010060	0.005078	-0.054878	-0.059989	-0.060034	-0.125026
-0.020474	-0.071122	-0.050648	0.045798	0.015087	-0.060885	0.009875	0.004517	-0.055229	-0.059487	-0.059995	-0.124995
-0.024191	-0.069389	-0.045198	0.046790	0.010504	-0.057294	0.010465	0.005137	-0.054491	-0.055266	-0.059993	-0.124972
-0.025537	-0.070803	-0.045267	0.048170	0.009865	-0.058035	0.019829	0.004918	-0.055366	-0.054975	-0.059996	-0.124988
-0.023686	-0.069393	-0.045707	0.046540	0.011010	-0.057550	0.030000	0.005012	-0.059513	-0.054999	-0.060013	-0.125037
-0.025784	-0.070508	-0.044725	0.048146	0.009470	-0.057616	0.034903	0.004988	-0.060951	-0.055066	-0.060004	-0.125004
-0.044157	-0.089374	-0.045216	0.066765	0.000530	-0.067295	0.034954	0.004822	-0.078903	-0.054824	-0.059941	-0.124938
-0.050683	-0.095439	-0.044756	0.073061	-0.002964	-0.070098	0.034987	0.005478	-0.075755	-0.055521	-0.060073	-0.125047
-0.049490	-0.094834	-0.045345	0.072162	-0.002072	-0.070089	0.035003	0.009898	-0.069715	-0.054917	-0.059934	-0.124972
-0.051222	-0.095774	-0.044552	0.073498	-0.003335	-0.070163	0.035477	0.014960	-0.070082	-0.050597	-0.060212	-0.125149
-0.053891	-0.099749	-0.045858	0.076820	-0.004016	-0.072803	0.039811	0.019639	-0.064565	-0.050001	-0.059854	-0.124846
-0.056349	-0.100012	-0.043663	0.078180	-0.006343	-0.071837	0.039794	0.025385	-0.060699	-0.050271	-0.060494	-0.125358
-0.052278	-0.099736	-0.047458	0.076007	-0.002410	-0.073597	0.040820	0.029425	-0.059048	-0.049916	-0.059274	-0.124954
-0.027775	-0.105859	-0.078084	0.066817	0.025155	-0.091972	0.039490	0.030679	-0.046574	-0.050425	-0.066281	-0.136226
-0.038204	-0.104573	-0.066370	0.071388	0.014083	-0.085472	0.040909	0.054860	-0.034058	-0.049604	-0.083898	-0.154099
-0.057143	-0.106516	-0.049373	0.081830	-0.003885	-0.077945	0.064416	0.100571	-0.027044	-0.051326	-0.087110	-0.141198
-0.067851	-0.103414	-0.035563	0.085632	-0.016144	-0.069489	0.080363	0.144435	-0.012743	-0.048588	-0.082795	-0.124322
-0.031708	-0.052052	-0.020344	0.041880	-0.005682	-0.036198	0.095170	0.201139	0.058354	0.008455	-0.036760	-0.111052
-0.009750	0.001028	0.010778	0.004361	-0.010264	0.005903	0.126009	0.284692	0.130995	0.070336	0.010790	-0.099212
0.045299	0.079796	0.034497	-0.062547	0.005401	0.057146	0.148944	0.382409	0.240411	0.166402	0.089788	-0.045911
0.180663	0.155240	-0.025424	-0.167951	0.103043	0.064908	0.116595	0.433214	0.332841	0.267584	0.164135	0.010532
0.289119	0.211104	-0.078015	-0.250111	0.183567	0.066544	0.080181	0.409260	0.378746	0.318257	0.206732	0.054923
0.336234	0.248947	-0.087287	-0.292591	0.211760	0.080830	0.014312	0.377567	0.437418	0.393147	0.283588	0.094761
0.471399	0.271701	-0.199698	-0.371550	0.335548	0.036002	-0.093339	0.283903	0.448844	0.447503	0.351262	0.150823
0.559945	0.312480	-0.247465	-0.436212	0.403705	0.032508	-0.176500	0.167828	0.442040	0.483597	0.419689	0.218786
0.583812	0.343416	-0.240396	-0.463614	0.412104	0.051510	-0.264001	0.028818	0.378053	0.472040	0.470219	0.281948
0.666553	0.367622	-0.298930	-0.517087	0.482741	0.034346	-0.356641	-0.163823	0.308699	0.455434	0.506608	0.343368
0.567709	0.291955	-0.275755	-0.429832	0.421732	0.008100	-0.428008	-0.409405	0.125848	0.343917	0.462651	0.337394
0.562646	0.214363	-0.348284	-0.388505	0.455465	-0.066960	-0.509074	-0.697642	-0.159824	0.117372	0.328741	0.324141
0.492862	0.185388	-0.307474	-0.339125	0.400168	-0.061043	-0.611185	-1.098794	-0.385037	-0.035803	0.272751	0.316274
0.279023	0.159424	-0.119599	-0.219223	0.199311	0.019912	-0.624507	-1.320592	-0.485358	-0.109284	0.231501	0.308988
0.201834	0.105533	-0.096302	-0.153683	0.149068	0.004616	-0.636855	-1.347077	-0.547139	-0.166403	0.169293	0.281669
0.147033	0.055161	-0.091872	-0.101097	0.119453	-0.018356	-0.613602	-1.274666	-0.598296	-0.249669	0.110667	0.249251
0.098888	0.019999	-0.078889	-0.059443	0.088888	-0.029445	-0.577890	-1.191997	-0.593118	-0.294710	0.063556	0.205371
0.056065	-0.014308	-0.070373	-0.020879	0.063219	-0.042341	-0.542249	-1.078372	-0.577964	-0.281074	0.020827	0.164794
-0.011651	-0.071347	-0.059697	0.041499	0.024023	-0.065522	-0.502687	-0.984456	-0.548203	-0.264636	0.004441	0.119965
-0.067448	-0.117736	-0.050289	0.092592	-0.008579	-0.084012	-0.437352	-0.860428	-0.506994	-0.251186	-0.004877	0.075025
0.004166	-0.040619	-0.044785	0.018227	0.024475	-0.042702	-0.367448	-0.664585	-0.398572	-0.239745	-0.015216	0.059701
0.079040	0.033980	-0.045061	-0.056510	0.062051	-0.005541	-0.276858	-0.496463	-0.312523	-0.195847	-0.025535	0.044782
0.055723	0.010962	-0.044761	-0.033342	0.050242	-0.016899	-0.202877	-0.387875	-0.241956	-0.154836	-0.044907	0.010375
0.034064	-0.011004	-0.045069	-0.011530	0.039566	-0.028036	-0.136407	-0.281922	-0.192987	-0.140550	-0.066029	-0.025666
-0.000248	-0.045190	-0.044942	0.022719	0.022347	-0.045066	-0.093758	-0.207469	-0.151263	-0.129794	-0.084834	-0.054952
-0.029535	-0.074522	-0.044987	0.052028	0.007726	-0.059754	-0.060395	-0.140957	-0.128694	-0.115212	-0.080523	-0.075304
-0.026249	-0.071200	-0.044951	0.048724	0.009351	-0.058076	-0.029792	-0.083645	-0.110435	-0.104459	-0.079550	-0.079817
-0.024480	-0.069524	-0.045044	0.047002	0.010282	-0.057284	-0.005281	-0.035993	-0.089786	-0.090096	-0.080165	-0.086266
-0.019780	-0.064719	-0.044939	0.042250	0.012580	-0.054829	0.005637	-0.019591	-0.074956	-0.079985	-0.075437	-0.109493
-0.019934	-0.064984	-0.045050	0.042459	0.012558	-0.055017	0.009920	-0.009834	-0.065098	-0.074980	-0.074897	-0.115564
-0.020361	-0.065253	-0.044892	0.042807	0.012266	-0.055072	0.015664	0.004872	-0.059231	-0.069903	-0.075448	-0.114801
-0.015350	-0.060520	-0.045169	0.037935	0.014909	-0.052844	0.024959	0.015015	-0.050731	-0.065045	-0.074989	-0.115180
-0.014820	-0.059567	-0.044747	0.037194	0.014964	-0.052157	0.030479	0.024605	-0.044230	-0.059906	-0.070448	-0.115527
-0.009577	-0.055076	-0.045499	0.032326	0.017961	-0.050288	0.035221	0.030543	-0.035308	-0.055206	-0.069950	-0.119775
-0.010726	-0.055459	-0.044733	0.033092	0.017003	-0.050096	0.040026	0.039362	-0.029770	-0.054499	-0.070055	-0.120033
-0.008642	-0.054894	-0.046251	0.031768	0.018804	-0.050573	0.039876	0.045823	-0.025731	-0.050070	-0.069374	-0.120081
0.013296	-0.050504	-0.063800	0.018604	0.038548	-0.057152	0.049983	0.054304	-0.024838	-0.049585	-0.065555	-0.119927
0.011231	-0.049846	-0.061077	0.019308	0.036154	-0.055461	0.055145	0.060459	-0.025067	-0.049817	-0.064980	-0.120295
0.009455	-0.049715	-0.059170	0.020130	0.034312	-0.054442	0.054910	0.064738	-0.024502	-0.045501	-0.064435	-0.124422
0.010555	-0.044803	-0.055358	0.017124	0.032957	-0.050080	0.055088	0.059972	-0.020101	-0.045005	-0.060676	-0.125077
0.008773	-0.045011	-0.053784	0.018119	0.031279	-0.049397	0.054971	0.059684	-0.019500	-0.045035	-0.059928	-0.124992
0.006638	-0.044021	-0.050659	0.018691	0.028649	-0.047340	0.055018	0.059916	-0.020184	-0.044712	-0.060038	-0.124974
-0.002390	-0.051602	-0.049211	0.026996	0.023411	-0.050406	0.054995	0.060497	-0.019482	-0.040533	-0.059532	-0.124993
-0.037989	-0.083702	-0.045713	0.060846	0.003862	-0.064708	0.055010	0.059587	-0.015084	-0.040035	-0.055109	-0.125051
-0.035878	-0.081501	-0.045623	0.058690	0.004872	-0.063562	0.055033	0.061396	-0.014585	-0.039949	-0.054507	-0.124991
-0.034169	-0.079205	-0.045036	0.056687	0.005434	-0.062120	0.054929	0.089182	-0.014996	-0.039908	-0.055152	-0.124973
-0.040292	-0.080441	-0.040149	0.060367	-0.000071	-0.060295	0.055087	0.095772	-0.015411	-0.035014	-0.054896	-0.124991
-0.039869	-0.079134	-0.039265	0.059501	-0.000302	-0.059200	0.055074	0.094813	-0.014923	-0.034997	-0.055081	-0.125051
-0.034793	-0.075775	-0.040982	0.055284	0.003094	-0.058378	0.059554	0.099646	-0.010505	-0.035007	-0.054952	-0.124991
-0.035009	-0.074764	-0.039755	0.054887	0.002373	-0.057260	0.064952	0.100247	-0.009785	-0.030028	-0.055009	-0.124969
-0.039585	-0.075135	-0.035550	0.057360	-0.002017	-0.055343	0.064939	0.104415	-0.010472	-0.030093	-0.054979	-0.124991
-0.040003	-0.074981	-0.034978	0.057492	-0.002512	-0.054979	0.065071	0.105719	-0.009905	-0.029910	-0.055030	-0.125049
-0.040020	-0.074489	-0.034469	0.057255	-0.002776	-0.054479	0.064961	0.109405	-0.005467	-0.029579	-0.054989	-0.124991
-0.040100	-0.070252	-0.030152	0.055176	-0.004974	-0.050202	0.065007	0.110128	-0.004895	-0.025044	-0.054988	-0.124969
-0.039577	-0.069950	-0.030372	0.054763	-0.004603	-0.050161	0.064971	0.109920	-0.005095	-0.025501	-0.054996	-0.124991
-0.040246	-0.070014	-0.029768	0.055130	-0.005239	-0.049891	0.065046	0.110135	-0.004480	-0.024945	-0.055022	-0.125051
-0.039995	-0.070070	-0.030075	0.055032	-0.004960	-0.050072	0.064969	0.109866	-0.004941	-0.026174	-0.054996	-0.124991
-0.019967	-0.069669	-0.049702	0.044818	0.014867	-0.059686	0.065023	0.110334	-0.014579	-0.039109	-0.054987	-0.124973
-0.026095	-0.065593	-0.039498	0.045844	0.006701	-0.052545	0.064894	0.114361	-0.020022	-0.035329	-0.054996	-0.124991
-0.028266	-0.064959	-0.036693	0.046613	0.004213	-0.050826	0.065724	0.115146	-0.025482	-0.034293	-0.055023	-0.125051
0.008065	-0.065082	-0.073147	0.028508	0.040606	-0.069114	0.069866	0.114887	-0.030068	-0.035291	-0.054996	-0.124993
0.001643	-0.064674	-0.066318	0.031516	0.033980	-0.065496	0.075120	0.115149	-0.025442	-0.034566	-0.054988	-0.124974
-0.001435	-0.060576	-0.059141	0.031005	0.028853	-0.059859	0.079439	0.114502	-0.024891	-0.030676	-0.055004	-0.124992
-0.004003	-0.059993	-0.055990	0.031998	0.025993	-0.057991	0.080060	0.115140	-0.025069	-0.029894	-0.055015	-0.125077
-0.010301	-0.059993	-0.049691	0.035147	0.019695	-0.054842	0.079994	0.119522	-0.024969	-0.030126	-0.055013	-0.124421
-0.014873	-0.060030	-0.045156	0.037452	0.015141	-0.052593	0.079985	0.120040	-0.025077	-0.029666	-0.054973	-0.120270
-0.019563	-0.059545	-0.039983	0.039554	0.010210	-0.049764	0.079997	0.119951	-0.024533	-0.025597	-0.055031	-0.119902
-0.020593	-0.055098	-0.034505	0.037845	0.006956	-0.044802	0.080032	0.120102	-0.020109	-0.024974	-0.055001	-0.120072
-0.024472	-0.054523	-0.030051	0.039498	0.002789	-0.042287	0.079999	0.119884	-0.019511	-0.024997	-0.054510	-0.119998
-0.025286	-0.055178	-0.029892	0.040232	0.002303	-0.042535	0.079983	0.120311	-0.020177	-0.025041	-0.050139	-0.119735
-0.029499	-0.054483	-0.024984	0.041991	-0.002257	-0.039734	0.080003	0.124357	-0.019893	-0.024534	-0.050393	-0.115442
-0.030767	-0.050105	-0.019338	0.040436	-0.005714	-0.034721	0.079999	0.125152	-0.020108	-0.020102	-0.049984	-0.115184
-0.028940	-0.049568	-0.020628	0.039254	-0.004156	-0.035098	0.080576	0.124862	-0.019368	-0.019489	-0.045413	-0.114722
-0.004772	-0.050010	-0.045238	0.027391	0.020233	-0.047624	0.084667	0.125162	-0.015352	-0.020230	-0.045025	-0.115424
-0.032488	-0.050367	-0.017879	0.041428	-0.007305	-0.034123	0.085075	0.124452	-0.014880	-0.019406	-0.044514	-0.113929
-0.050743	-0.050000	0.000743	0.050372	-0.025743	-0.024628	0.085000	0.125201	-0.015087	-0.015205	-0.040143	-0.121438
0.031019	-0.045407	-0.076426	0.007194	0.053722	-0.060916	0.085004	0.129402	-0.014920	-0.014390	-0.039478	-0.143697
0.033135	-0.044963	-0.078097	0.005914	0.055616	-0.061530	0.084987	0.130378	-0.015137	-0.015348	-0.040059	-0.141074
0.023332	-0.044986	-0.068318	0.010827	0.045825	-0.056652	0.084966	0.134275	-0.014398	-0.014426	-0.034951	-0.139049
0.021492	-0.045024	-0.066517	0.011766	0.044004	-0.055770	0.085085	0.135839	-0.010680	-0.015142	-0.035014	-0.135978
0.014278	-0.044989	-0.059266	0.015355	0.036772	-0.052127	0.084902	0.139165	-0.009425	-0.019510	-0.035041	-0.134173
0.010723	-0.044986	-0.055709	0.017132	0.033216	-0.050348	0.085147	0.141125	-0.005175	-0.020224	-0.029929	-0.130550
0.009217	-0.044997	-0.054214	0.017890	0.031715	-0.049606	0.084504	0.159358	-0.005378	-0.024891	-0.030512	-0.129199
0.005311	-0.045015	-0.050325	0.019852	0.027818	-0.047670	0.085128	0.160634	-0.004974	-0.024984	-0.029898	-0.125905
0.004386	-0.045002	-0.049388	0.020308	0.026887	-0.047195	0.089516	0.159395	-0.000418	-0.019933	-0.025465	-0.124211
0.005287	-0.044988	-0.050275	0.019851	0.027781	-0.047632	0.090043	0.160036	-0.000039	-0.015015	-0.024994	-0.120518
0.004849	-0.045013	-0.049862	0.020082	0.027355	-0.047437	0.089952	0.160403	0.000464	-0.010467	-0.024549	-0.119216
0.005115	-0.045016	-0.050130	0.019951	0.027623	-0.047573	0.090085	0.159695	0.004887	-0.009907	-0.020112	-0.115875
0.004326	-0.045018	-0.049344	0.020346	0.026835	-0.047181	0.089896	0.160283	0.005483	-0.005527	-0.019487	-0.114213
0.000354	-0.045003	-0.045357	0.022325	0.022855	-0.045180	0.090310	0.179569	0.004953	0.000066	-0.020263	-0.110496
-0.000197	-0.045036	-0.044839	0.022617	0.022321	-0.044937	0.094347	0.184893	0.009967	-0.000106	-0.019396	-0.109218
0.000149	-0.045003	-0.045152	0.022427	0.022650	-0.045077	0.095728	0.184935	0.010104	0.005075	-0.015055	-0.105871
-0.000244	-0.045068	-0.044824	0.022656	0.022290	-0.044946	0.099395	0.189680	0.009713	0.009902	-0.009996	-0.104222
0.000737	-0.044598	-0.045335	0.021931	0.023036	-0.044967	0.100213	0.190112	0.020013	0.010317	-0.005139	-0.100500
0.009622	-0.035487	-0.045109	0.012932	0.027365	-0.040298	0.104892	0.200141	0.030344	0.019959	-0.004954	-0.099247
0.010579	-0.030020	-0.040599	0.009721	0.025589	-0.035310	0.104927	0.204360	0.034919	0.030044	-0.000075	-0.095846
0.019648	-0.020319	-0.039967	0.000335	0.029807	-0.030143	0.100571	0.211365	0.044656	0.039416	0.005081	-0.094267
0.029707	-0.010287	-0.039994	-0.009710	0.034851	-0.025141	0.099684	0.233781	0.054845	0.045211	0.004881	-0.090461
0.035637	-0.004353	-0.039991	-0.015642	0.037814	-0.022172	0.100641	0.231225	0.060073	0.049335	0.010548	-0.089336
0.044728	0.004664	-0.040064	-0.024696	0.042396	-0.017700	0.099476	0.228844	0.064323	0.050733	0.014404	-0.085711
0.055677	0.016294	-0.039384	-0.035985	0.047530	-0.011545	0.101081	0.235779	0.065160	0.054367	0.015893	-0.084548
0.053869	0.018462	-0.035406	-0.036165	0.044637	-0.008472	0.123685	0.258872	0.064693	0.055259	0.034174	-0.075459
0.026224	-0.008131	-0.034355	-0.009046	0.030289	-0.021243	0.121097	0.260523	0.064951	0.059976	0.035136	-0.064804
0.039405	0.008789	-0.030617	-0.024097	0.035011	-0.010914	0.119750	0.260596	0.074449	0.065087	0.035543	-0.055164
0.060161	0.029490	-0.030671	-0.044826	0.045416	-0.000591	0.120218	0.270028	0.085707	0.075099	0.054384	-0.044864
0.080802	0.050805	-0.029998	-0.065803	0.055400	0.010403	0.114811	0.280452	0.099566	0.089636	0.065273	-0.035317
0.088128	0.062817	-0.025311	-0.075473	0.056720	0.018753	0.115586	0.299962	0.110203	0.094995	0.069422	-0.029446
0.082814	0.057141	-0.025673	-0.069977	0.054243	0.015734	0.114887	0.305656	0.119290	0.100221	0.075861	-0.020171
0.127969	0.103182	-0.024786	-0.115575	0.076378	0.039198	0.110498	0.304715	0.125186	0.109897	0.094104	-0.014438
0.131416	0.111239	-0.020176	-0.121328	0.075796	0.045532	0.109966	0.305264	0.129640	0.124967	0.105440	-0.010085
0.129702	0.109662	-0.020040	-0.119682	0.074871	0.044811	0.109547	0.304606	0.130637	0.124836	0.110024	0.000066
0.134625	0.115277	-0.019347	-0.124951	0.076986	0.047965	0.105155	0.306098	0.134054	0.125286	0.120487	0.004972
0.131134	0.115558	-0.015576	-0.123346	0.073355	0.049991	0.104478	0.304226	0.135110	0.139450	0.124091	0.010018
0.133979	0.119005	-0.014974	-0.126492	0.074477	0.052015	0.105037	0.306180	0.155025	0.156099	0.136057	0.019971
0.136425	0.121959	-0.014466	-0.129192	0.075446	0.053747	0.099948	0.324121	0.174537	0.179077	0.168772	0.024869
0.158919	0.148269	-0.010651	-0.153594	0.084785	0.068809	0.100040	0.316304	0.170483	0.176272	0.166024	0.030206
0.155418	0.145984	-0.009433	-0.150701	0.082425	0.068275	0.100034	0.308746	0.169552	0.173757	0.164665	0.034739
0.149937	0.144786	-0.005151	-0.147361	0.077544	0.069818	0.094924	0.300602	0.170019	0.170608	0.165341	0.040550
0.149429	0.145226	-0.004203	-0.147328	0.076816	0.070511	0.095489	0.294265	0.164973	0.169347	0.160240	0.044716
0.145435	0.140899	-0.004536	-0.143167	0.074986	0.068181	0.094951	0.285818	0.165104	0.165258	0.160293	0.051321
0.138538	0.138072	-0.000467	-0.138305	0.069502	0.068803	0.090428	0.279551	0.164978	0.164536	0.159840	0.073217
0.141816	0.141943	0.000127	-0.141879	0.070844	0.071035	0.089988	0.265490	0.160100	0.164909	0.160016	0.071317
0.172700	0.177771	0.005071	-0.175235	0.083815	0.091421	0.089921	0.255219	0.160045	0.160530	0.154970	0.068963
0.167358	0.171815	0.004458	-0.169587	0.081450	0.088137	0.089984	0.245173	0.160082	0.159467	0.155118	0.066044
0.153012	0.159153	0.006142	-0.156082	0.073435	0.082647	0.085427	0.230328	0.159464	0.155553	0.154971	0.064141
0.121671	0.150368	0.028697	-0.136020	0.046487	0.089532	0.080080	0.219977	0.155130	0.154777	0.150108	0.060678
0.113652	0.139862	0.026210	-0.126757	0.043721	0.083036	0.079542	0.209929	0.149928	0.150114	0.150002	0.059169
0.105689	0.130269	0.024580	-0.117979	0.040555	0.077424	0.075496	0.200156	0.145188	0.149996	0.150520	0.055991
0.099448	0.125492	0.026044	-0.112470	0.036702	0.075768	0.075277	0.189865	0.139798	0.149614	0.149651	0.054077
0.110071	0.129953	0.019882	-0.120012	0.045094	0.074918	0.069978	0.180125	0.135646	0.135611	0.135125	0.050968
0.109523	0.129527	0.020004	-0.119525	0.044759	0.074766	0.064713	0.169511	0.134005	0.124263	0.119596	0.048733
0.110760	0.130745	0.019985	-0.120752	0.045387	0.075365	0.064556	0.160140	0.115761	0.110837	0.110173	0.031450
0.128861	0.129374	0.000514	-0.129117	0.064174	0.064944	0.060452	0.154528	0.098765	0.099271	0.095326	0.014008
0.099677	0.080008	-0.019669	-0.089843	0.059673	0.030169	0.059834	0.144988	0.080575	0.085387	0.080096	-0.004125
0.071149	0.030944	-0.040205	-0.051047	0.055677	-0.004630	0.055014	0.135013	0.064833	0.074760	0.070002	-0.020846
0.093102	0.034466	-0.058636	-0.063784	0.075869	-0.012085	0.055016	0.125014	0.055194	0.065835	0.060016	-0.044199
0.091032	0.035070	-0.055962	-0.063051	0.073497	-0.010446	0.054983	0.115005	0.049957	0.059190	0.049971	-0.050902
0.089719	0.034865	-0.054854	-0.062292	0.072287	-0.009995	0.050058	0.105071	0.044977	0.050496	0.039985	-0.054878
0.094665	0.039529	-0.055136	-0.067097	0.074900	-0.007804	0.050047	0.099932	0.039946	0.044206	0.029909	-0.059501
0.094852	0.040501	-0.054351	-0.067677	0.074602	-0.006925	0.049995	0.090102	0.035061	0.035815	0.020664	-0.060690
0.089580	0.038963	-0.050617	-0.064271	0.070099	-0.005827	0.049459	0.079868	0.029850	0.029749	0.014890	-0.064905
0.070778	0.020816	-0.049962	-0.045797	0.060370	-0.014573	0.045256	0.075079	0.025318	0.025378	0.009998	-0.070200
0.054543	0.004621	-0.049922	-0.029582	0.052233	-0.022651	0.044957	0.064413	0.024296	0.024289	0.004972	-0.074292
0.025205	-0.025415	-0.050621	0.000105	0.037913	-0.038018	0.045022	0.055187	0.020767	0.020770	-0.000026	-0.075897
0.000171	-0.049673	-0.049844	0.024751	0.025008	-0.049759	0.044497	0.049908	0.019268	0.019284	-0.004449	-0.079103
-0.000355	-0.045513	-0.045158	0.022934	0.022401	-0.045336	0.040128	0.045289	0.015448	0.015427	-0.005321	-0.080870
0.005149	-0.039829	-0.044978	0.017340	0.025064	-0.042403	0.040409	0.044313	0.014297	0.014190	-0.009935	-0.084187
0.009711	-0.035328	-0.045039	0.012808	0.027375	-0.040183	0.039929	0.040774	0.010726	0.005721	-0.015029	-0.086351
0.009811	-0.035163	-0.044974	0.012676	0.027392	-0.040068	0.035498	0.039247	0.009379	-0.005267	-0.020048	-0.108926
-0.005508	-0.050386	-0.044879	0.027947	0.019686	-0.047633	0.034811	0.035470	0.005209	-0.014669	-0.024749	-0.115679
-0.029018	-0.069068	-0.040050	0.049043	0.005516	-0.054559	0.035431	0.034243	0.005333	-0.020197	-0.025523	-0.114668
-0.030595	-0.070558	-0.039963	0.050577	0.004684	-0.055260	0.034990	0.030815	0.005021	-0.024284	-0.029878	-0.115254
-0.029899	-0.069950	-0.040051	0.049925	0.005076	-0.055000	0.030353	0.029246	0.000368	-0.025136	-0.030544	-0.114877
-0.035104	-0.070033	-0.034929	0.052568	-0.000087	-0.052481	0.030106	0.025469	-0.000106	-0.024954	-0.029915	-0.115077
-0.034539	-0.069990	-0.035451	0.052265	0.000456	-0.052721	0.029519	0.024298	-0.005000	-0.025046	-0.035091	-0.114945
-0.035056	-0.070038	-0.034982	0.052547	-0.000037	-0.052510	0.030093	0.020726	-0.004988	-0.024961	-0.034959	-0.115087
-0.039680	-0.070002	-0.030322	0.054841	-0.004679	-0.050162	0.034539	0.019397	-0.005035	-0.025608	-0.035057	-0.114981
-0.039857	-0.070006	-0.030150	0.054932	-0.004853	-0.050078	0.035033	0.015223	-0.009852	-0.029684	-0.039899	-0.114994
-0.040352	-0.070002	-0.029650	0.055177	-0.005351	-0.049826	0.034992	0.014938	-0.010432	-0.030096	-0.039966	-0.114991
-0.039630	-0.070039	-0.030409	0.054834	-0.004610	-0.050224	0.035013	0.010021	-0.014931	-0.029969	-0.040086	-0.115039
-0.046002	-0.069994	-0.023991	0.057998	-0.011006	-0.046992	0.034998	0.005024	-0.015485	-0.030036	-0.039396	-0.114995
-0.043622	-0.069991	-0.026369	0.056807	-0.008627	-0.048180	0.034991	0.004826	-0.014952	-0.029932	-0.035325	-0.114953
-0.016358	-0.069990	-0.053632	0.043174	0.018637	-0.061811	0.034997	0.000529	-0.020037	-0.030468	-0.034909	-0.115004
-0.018926	-0.070065	-0.051139	0.044496	0.016106	-0.060602	0.035017	-0.000605	-0.020007	-0.034923	-0.035053	-0.115014
-0.020619	-0.069413	-0.048794	0.045016	0.014088	-0.059104	0.034997	-0.004483	-0.019964	-0.035486	-0.034988	-0.115038
-0.019716	-0.065306	-0.045589	0.042511	0.012937	-0.055448	0.034996	-0.005130	-0.025041	-0.034829	-0.034984	-0.114854
-0.020569	-0.064902	-0.044333	0.042736	0.011882	-0.054618	0.034997	-0.010424	-0.024511	-0.035090	-0.035028	-0.115531
-0.024832	-0.065104	-0.040272	0.044968	0.007720	-0.052688	0.035014	-0.014914	-0.025092	-0.034990	-0.034963	-0.120022
-0.025546	-0.064388	-0.038842	0.044967	0.006648	-0.051615	0.035000	-0.015540	-0.029583	-0.034455	-0.035086	-0.125015
-0.024707	-0.060317	-0.035610	0.042512	0.005452	-0.047964	0.034991	-0.019632	-0.029923	-0.030284	-0.034824	-0.129791
-0.025592	-0.059896	-0.034304	0.042744	0.004356	-0.047100	0.035004	-0.020660	-0.030599	-0.029926	-0.035477	-0.129992
-0.029808	-0.060100	-0.030292	0.044954	0.000242	-0.045196	0.035008	-0.024290	-0.034339	-0.030045	-0.034928	-0.130097
-0.030593	-0.059394	-0.028801	0.044994	-0.000896	-0.044098	0.035010	-0.025658	-0.035071	-0.029977	-0.030455	-0.129910
-0.029662	-0.055300	-0.025638	0.042481	-0.002012	-0.040469	0.034977	-0.029682	-0.034945	-0.030004	-0.029937	-0.130131
-0.030734	-0.054926	-0.024192	0.042830	-0.003271	-0.039559	0.035025	-0.030071	-0.035432	-0.029964	-0.029985	-0.129500
-0.034226	-0.055022	-0.020795	0.044624	-0.006716	-0.037909	0.034972	-0.030017	-0.039984	-0.030034	-0.030019	-0.130146
-0.035722	-0.055063	-0.019341	0.045393	-0.008190	-0.037202	0.035086	-0.029947	-0.040393	-0.029956	-0.029970	-0.134515
-0.039447	-0.054666	-0.015218	0.047056	-0.012114	-0.034942	0.034678	-0.030139	-0.039994	-0.030027	-0.030005	-0.135043
-0.035272	-0.050604	-0.015332	0.042938	-0.009970	-0.032968	0.030580	-0.029535	-0.039622	-0.029928	-0.029953	-0.134936
-0.034877	-0.049916	-0.015039	0.042396	-0.009919	-0.032477	0.029978	-0.030087	-0.040036	-0.030097	-0.030057	-0.135118
-0.040354	-0.050125	-0.009771	0.045239	-0.015291	-0.029948	0.030003	-0.034551	-0.044600	-0.029861	-0.029922	-0.134895
-0.039981	-0.049578	-0.009597	0.044780	-0.015192	-0.029588	0.029988	-0.035037	-0.045003	-0.030215	-0.030072	-0.135091
-0.035099	-0.045681	-0.010582	0.040390	-0.012258	-0.028132	0.029998	-0.034993	-0.045042	-0.029518	-0.030141	-0.135118
-0.034968	-0.044799	-0.009831	0.039884	-0.012568	-0.027315	0.030010	-0.035014	-0.044991	-0.036161	-0.040473	-0.145005
-0.039726	-0.045281	-0.005555	0.042503	-0.017085	-0.025418	0.029997	-0.035004	-0.044519	-0.054421	-0.059502	-0.159275
-0.039598	-0.044388	-0.004790	0.041993	-0.017404	-0.024589	0.029991	-0.034954	-0.040144	-0.050506	-0.055481	-0.155352
-0.040052	-0.045515	-0.005463	0.042783	-0.017294	-0.025489	0.029988	-0.035459	-0.040393	-0.049491	-0.054505	-0.155344
-0.043916	-0.048880	-0.004964	0.046398	-0.019476	-0.026922	0.030014	-0.039941	-0.039983	-0.050147	-0.055142	-0.155047
-0.050707	-0.051073	-0.000365	0.050890	-0.025171	-0.025719	0.029989	-0.040487	-0.035414	-0.045408	-0.050416	-0.150409
-0.073780	-0.073923	-0.000143	0.073851	-0.036818	-0.037033	0.029994	-0.039854	-0.035032	-0.044882	-0.049879	-0.150018
-0.076544	-0.075678	0.000866	0.076111	-0.038705	-0.037406	0.029987	-0.040107	-0.034515	-0.045431	-0.050436	-0.149520
-0.079643	-0.074137	0.005506	0.076890	-0.042575	-0.034315	0.030019	-0.039974	-0.030139	-0.044976	-0.049976	-0.145183
-0.080762	-0.075396	0.005366	0.078079	-0.043064	-0.035015	0.029979	-0.040022	-0.029479	-0.040440	-0.045443	-0.144477
-0.079436	-0.074662	0.004773	0.077049	-0.042105	-0.034945	0.030040	-0.040145	-0.030061	-0.039959	-0.044958	-0.145246
-0.080242	-0.075600	0.004642	0.077921	-0.042442	-0.035479	0.029693	-0.040284	-0.024952	-0.040058	-0.045057	-0.144394
-0.085126	-0.074881	0.010245	0.080003	-0.047686	-0.032318	0.029987	-0.029864	-0.025010	-0.039362	-0.044364	-0.140076
-0.080042	-0.070501	0.009541	0.075271	-0.044791	-0.030480	0.039935	-0.020124	-0.025041	-0.035558	-0.040557	-0.135016
-0.080048	-0.069985	0.010063	0.075017	-0.045056	-0.029961	0.044878	-0.014821	-0.019923	-0.034987	-0.039990	-0.130034
-0.079838	-0.069551	0.010287	0.074694	-0.045062	-0.029632	0.040443	-0.005064	-0.020511	-0.034437	-0.039437	-0.130001
-0.070100	-0.065141	0.004959	0.067620	-0.037530	-0.030091	0.040075	0.004924	-0.019884	-0.030664	-0.035669	-0.125001
-0.064399	-0.064484	-0.000086	0.064441	-0.032157	-0.032285	0.039950	0.009979	-0.015469	-0.029931	-0.034930	-0.120062
-0.060372	-0.065052	-0.004680	0.062712	-0.027846	-0.034866	0.040035	0.009925	-0.014971	-0.030045	-0.035048	-0.119758
-0.049102	-0.059952	-0.010850	0.054527	-0.019126	-0.035401	0.039977	0.010080	-0.014554	-0.029534	-0.034535	-0.115152
-0.046919	-0.060024	-0.013105	0.053471	-0.016907	-0.036564	0.040033	0.009943	-0.010080	-0.025097	-0.030101	-0.109503
-0.042575	-0.060042	-0.017467	0.051308	-0.012554	-0.038754	0.039993	0.010102	-0.009521	-0.024509	-0.029503	-0.111271
-0.001917	-0.054918	-0.053001	0.028418	0.025542	-0.053959	0.040003	0.009789	-0.010110	-0.025159	-0.030206	-0.129143
-0.003330	-0.055515	-0.052185	0.029423	0.024427	-0.053850	0.039993	0.009847	-0.010360	-0.024899	-0.029448	-0.125918
-0.005956	-0.054895	-0.048939	0.030425	0.021492	-0.051917	0.040049	0.020033	-0.014974	-0.025069	-0.025147	-0.124865
-0.000045	-0.050481	-0.050437	0.025263	0.025196	-0.050459	0.039415	0.029613	-0.015441	-0.024955	-0.024489	-0.125088
-0.000184	-0.049953	-0.049769	0.025069	0.024792	-0.049861	0.035303	0.025506	-0.014847	-0.025016	-0.025161	-0.119971
0.000590	-0.049581	-0.050171	0.024496	0.025381	-0.049876	0.034916	0.024891	-0.015077	-0.024981	-0.024926	-0.120122
0.004860	-0.045060	-0.049920	0.020100	0.027390	-0.047490	0.035047	0.025028	-0.014957	-0.025019	-0.025019	-0.119944
0.005490	-0.044594	-0.050084	0.019552	0.027787	-0.047339	0.034987	0.025055	-0.015032	-0.024991	-0.025046	-0.119571
0.005100	-0.044856	-0.049957	0.019878	0.027529	-0.047406	0.034983	0.024866	-0.014975	-0.024995	-0.024850	-0.115069
0.009573	-0.040475	-0.050047	0.015451	0.029810	-0.045261	0.035025	0.025465	-0.015016	-0.024998	-0.025462	-0.115447
0.009986	-0.040033	-0.050020	0.015023	0.030003	-0.045027	0.034963	0.024947	-0.014997	-0.025010	-0.024938	-0.114938
0.009979	-0.039973	-0.049952	0.014997	0.029966	-0.044963	0.035086	0.020447	-0.015006	-0.024998	-0.020420	-0.110516
0.010253	-0.039797	-0.050049	0.014772	0.030151	-0.044923	0.034824	0.019974	-0.014995	-0.024994	-0.019971	-0.109772
0.014745	-0.035135	-0.049880	0.010195	0.032312	-0.042507	0.035477	0.019988	-0.014999	-0.024998	-0.019938	-0.110466
0.015418	-0.034774	-0.050192	0.009678	0.032805	-0.042483	0.034928	0.020036	-0.015007	-0.025011	-0.020090	-0.109964
0.014417	-0.035344	-0.049761	0.010464	0.032089	-0.042552	0.030455	0.019954	-0.014999	-0.024999	-0.019858	-0.105442
0.020915	-0.029348	-0.050263	0.004216	0.035589	-0.039805	0.029943	0.020116	-0.015000	-0.024997	-0.020182	-0.104930
0.018179	-0.030585	-0.048764	0.006203	0.033472	-0.039675	0.030004	0.019411	-0.015000	-0.024999	-0.019651	-0.104991
0.022568	-0.028957	-0.051524	0.003195	0.037046	-0.040241	0.030010	0.015672	-0.015008	-0.025012	-0.020920	-0.105074
-0.005257	-0.032098	-0.026840	0.018677	0.010792	-0.029469	0.029997	0.014431	-0.014999	-0.024998	-0.019213	-0.104408
-0.064020	-0.077662	-0.013642	0.070841	-0.025189	-0.045652	0.029989	0.010167	-0.015001	-0.024999	-0.021471	-0.100283
0.003960	-0.076741	-0.080700	0.036391	0.042330	-0.078721	0.029998	0.010390	-0.014994	-0.024993	-0.047791	-0.099913
-0.001100	-0.073911	-0.072811	0.037506	0.035856	-0.073361	0.030009	0.009963	-0.015040	-0.025044	-0.046243	-0.100072
-0.016826	-0.075493	-0.058667	0.046159	0.020921	-0.067080	0.029998	0.005429	-0.014416	-0.024416	-0.044370	-0.099976
-0.018758	-0.069700	-0.050943	0.044229	0.016092	-0.060321	0.029988	0.005009	-0.010311	-0.020307	-0.045119	-0.100013
-0.031047	-0.070683	-0.039636	0.050865	0.004295	-0.055159	0.029998	0.004558	-0.009911	-0.019917	-0.045329	-0.099563
-0.039918	-0.069300	-0.029383	0.054609	-0.005268	-0.049342	0.030012	0.000061	-0.010046	-0.020041	-0.045035	-0.095073
-0.040369	-0.059815	-0.019446	0.050092	-0.010462	-0.039630	0.030001	-0.000412	-0.009972	-0.019988	-0.040404	-0.094597
-0.020227	-0.054808	-0.034581	0.037517	0.007177	-0.044694	0.029992	-0.000132	-0.010012	-0.019987	-0.039991	-0.094950
0.005039	-0.049888	-0.054927	0.022424	0.029983	-0.052407	0.030004	-0.004491	-0.009987	-0.020026	-0.040005	-0.095390
0.003599	-0.045719	-0.049318	0.021060	0.026459	-0.047518	0.030006	-0.005542	-0.010010	-0.019957	-0.039998	-0.094971
0.007220	-0.039502	-0.046722	0.016141	0.026971	-0.043112	0.030010	-0.010173	-0.009993	-0.020087	-0.040073	-0.090455
0.042264	-0.035661	-0.077924	-0.003301	0.060094	-0.056793	0.029978	-0.010234	-0.009998	-0.019828	-0.039678	-0.089864
0.001785	-0.054211	-0.055996	0.026213	0.028890	-0.055104	0.030025	-0.010361	-0.009996	-0.020478	-0.035581	-0.090085
-0.030918	-0.060583	-0.029665	0.045750	-0.000627	-0.045124	0.029970	-0.014950	-0.010004	-0.019922	-0.034980	-0.089870
-0.049687	-0.059770	-0.010083	0.054728	-0.019802	-0.034926	0.030086	-0.015486	-0.009999	-0.015456	-0.034997	-0.090268
-0.065075	-0.060104	0.004971	0.062589	-0.035023	-0.027566	0.029679	-0.014944	-0.009993	-0.014942	-0.035036	-0.089358
-0.029395	-0.059914	-0.030519	0.044654	0.000562	-0.045216	0.025580	-0.020063	-0.009999	-0.015005	-0.034541	-0.095970
-0.001602	-0.060079	-0.058478	0.030841	0.028438	-0.059279	0.024977	-0.019966	-0.010001	-0.015001	-0.030098	-0.118700
-0.002622	-0.059962	-0.057340	0.031292	0.027359	-0.058651	0.025004	-0.020044	-0.010000	-0.014996	-0.029514	-0.116217
0.018293	-0.060017	-0.078310	0.020862	0.048302	-0.069163	0.024992	-0.024900	-0.009994	-0.014989	-0.030161	-0.114214
0.010806	-0.059985	-0.070790	0.024590	0.040798	-0.065388	0.024999	-0.024968	-0.009998	-0.014992	-0.029897	-0.115464
-0.000878	-0.060036	-0.059157	0.030457	0.029139	-0.059596	0.025010	-0.025046	-0.010001	-0.015007	-0.030102	-0.114096
-0.009757	-0.059995	-0.050238	0.034876	0.020240	-0.055117	0.024997	-0.024979	-0.010004	-0.014990	-0.029375	-0.110856
-0.020039	-0.059985	-0.039947	0.040012	0.009954	-0.049966	0.024995	-0.025016	-0.009950	-0.014955	-0.025330	-0.109591
-0.030217	-0.059995	-0.029779	0.045106	-0.000219	-0.044887	0.024992	-0.024991	-0.010450	-0.015428	-0.024893	-0.110604
-0.034342	-0.060022	-0.025680	0.047182	-0.004331	-0.042851	0.025043	-0.025016	-0.014932	-0.019958	-0.025061	-0.109889
-0.020617	-0.059995	-0.039378	0.040306	0.009381	-0.049687	0.024416	-0.024999	-0.015461	-0.020400	-0.024963	-0.105504
-0.014823	-0.059983	-0.045160	0.037403	0.015168	-0.052572	0.020307	-0.024991	-0.014860	-0.020118	-0.025009	-0.104904
-0.014635	-0.059989	-0.045355	0.037312	0.015360	-0.052672	0.019917	-0.025001	-0.015049	-0.024536	-0.024986	-0.105003
-0.010425	-0.060036	-0.049610	0.035230	0.019592	-0.054823	0.020041	-0.025007	-0.014996	-0.024943	-0.025016	-0.105068
-0.010300	-0.059952	-0.049653	0.035126	0.019676	-0.054802	0.019988	-0.024999	-0.015483	-0.025080	-0.024992	-0.104411
-0.004944	-0.060026	-0.055082	0.032485	0.025069	-0.057554	0.019985	-0.024988	-0.019982	-0.025057	-0.024994	-0.100285
-0.000110	-0.059908	-0.059799	0.030009	0.029844	-0.059854	0.020033	-0.025004	-0.020231	-0.030005	-0.024995	-0.099899
-0.004749	-0.060112	-0.055364	0.032430	0.025307	-0.057738	0.019948	-0.024987	-0.015519	-0.030007	-0.025010	-0.100113
-0.005037	-0.060386	-0.055349	0.032711	0.025156	-0.057868	0.020104	-0.025029	-0.015014	-0.030017	-0.024998	-0.099383
-0.014848	-0.064974	-0.050126	0.039911	0.017639	-0.057550	0.019804	-0.024888	-0.014949	-0.034921	-0.024988	-0.095303
-0.015016	-0.064390	-0.049374	0.039703	0.017179	-0.056882	0.020525	-0.025518	-0.015021	-0.034947	-0.024979	-0.094871
-0.016000	-0.065246	-0.049246	0.040623	0.016623	-0.057246	0.019855	-0.029819	-0.014973	-0.035094	-0.025019	-0.095105
-0.017972	-0.063937	-0.045964	0.040955	0.013996	-0.054950	0.015568	-0.030634	-0.015025	-0.034389	-0.024971	-0.094922
-0.017692	-0.061644	-0.043952	0.039668	0.013130	-0.052798	0.014756	-0.029543	-0.014940	-0.030328	-0.025010	-0.095033
-0.052274	-0.093168	-0.040894	0.072721	-0.005690	-0.067031	0.015528	-0.030757	-0.015096	-0.029909	-0.024953	-0.094901
-0.053180	-0.091317	-0.038137	0.072248	-0.007522	-0.064727	0.014861	-0.029355	-0.014481	-0.030051	-0.025058	-0.095146
-0.041446	-0.084106	-0.042660	0.062776	0.000607	-0.063383	0.010551	-0.031166	-0.014955	-0.029988	-0.024922	-0.094817
-0.002980	-0.085441	-0.082461	0.044211	0.039741	-0.083951	0.009779	-0.053604	-0.024557	-0.029986	-0.025077	-0.095291
-0.002732	-0.079263	-0.076531	0.040998	0.036899	-0.077897	0.010490	-0.051249	-0.030068	-0.030028	-0.025142	-0.093984
-0.006894	-0.075321	-0.068427	0.041108	0.030767	-0.071874	0.009916	-0.049135	-0.035420	-0.029961	-0.035471	-0.096376
-0.013995	-0.074365	-0.060371	0.044180	0.023188	-0.067368	0.005457	-0.050315	-0.040180	-0.030086	-0.054503	-0.113757
-0.016356	-0.070394	-0.054038	0.043375	0.018841	-0.062216	0.004948	-0.049825	-0.035250	-0.029826	-0.050482	-0.111018
-0.023379	-0.069422	-0.046043	0.046401	0.011332	-0.057733	0.005002	-0.050117	-0.035415	-0.030478	-0.049506	-0.109648
-0.026060	-0.065195	-0.039135	0.045628	0.006537	-0.052165	0.005033	-0.049973	-0.034924	-0.029926	-0.050140	-0.110203
-0.029088	-0.064450	-0.035362	0.046769	0.003137	-0.049906	0.004413	-0.049489	-0.030532	-0.025456	-0.045416	-0.109973
-0.030451	-0.065066	-0.034615	0.047758	0.002082	-0.049840	0.000310	-0.045257	-0.029807	-0.024948	-0.044880	-0.109731
-0.029299	-0.059930	-0.030631	0.044615	0.000666	-0.045281	-0.000099	-0.044973	-0.030485	-0.025004	-0.045436	-0.105561
-0.030319	-0.060057	-0.029738	0.045188	-0.000291	-0.044897	0.000079	-0.044995	-0.029936	-0.025011	-0.044974	-0.104991
-0.034307	-0.060001	-0.025694	0.047154	-0.004307	-0.042847	-0.000622	-0.045066	-0.025456	-0.024996	-0.040443	-0.105075
-0.031239	-0.054952	-0.023713	0.043096	-0.003763	-0.039333	-0.004660	-0.044834	-0.024942	-0.024998	-0.039959	-0.104827
-0.017917	-0.055447	-0.037531	0.036682	0.009807	-0.046489	-0.005135	-0.045474	-0.025062	-0.025000	-0.040058	-0.105471
0.013374	-0.055009	-0.068383	0.020817	0.040879	-0.061696	-0.004903	-0.044929	-0.024355	-0.025012	-0.039362	-0.104955
0.011293	-0.049718	-0.061011	0.019213	0.036152	-0.055365	-0.005139	-0.040465	-0.020559	-0.024991	-0.035558	-0.100449
-0.000599	-0.049882	-0.049283	0.025240	0.024342	-0.049582	-0.004648	-0.039918	-0.019995	-0.025048	-0.034983	-0.099922
-0.009787	-0.050092	-0.040305	0.029939	0.015259	-0.045198	-0.000638	-0.040041	-0.019436	-0.024542	-0.034439	-0.099995
-0.009633	-0.039492	-0.029859	0.024562	0.010113	-0.034675	0.000098	-0.039956	-0.015666	-0.020099	-0.030655	-0.100062
-0.016007	-0.035920	-0.019914	0.025963	0.001953	-0.027917	-0.000109	-0.040091	-0.014924	-0.019509	-0.029938	-0.099417
-0.013517	-0.028764	-0.015246	0.021140	0.000864	-0.022005	0.000173	-0.039819	-0.015068	-0.020215	-0.030030	-0.095265
0.008339	-0.026381	-0.034720	0.009021	0.021530	-0.030551	-0.000492	-0.040480	-0.014522	-0.019454	-0.029549	-0.094925
-0.002858	-0.058386	-0.055528	0.030622	0.026335	-0.056957	0.000094	-0.039927	-0.010121	-0.015143	-0.025072	-0.095038
0.019559	-0.056229	-0.075788	0.018335	0.047673	-0.066008	0.004531	-0.035455	-0.009469	-0.014487	-0.024550	-0.095026
0.035038	-0.054841	-0.089880	0.009902	0.062459	-0.072361	0.005065	-0.034941	-0.010283	-0.015212	-0.025051	-0.094843
0.025985	-0.054634	-0.080618	0.014324	0.053301	-0.067626	0.004973	-0.035004	-0.009318	-0.014477	-0.025477	-0.095609
0.018966	-0.056071	-0.075037	0.018552	0.047002	-0.065554	0.005039	-0.035015	-0.005720	-0.010090	-0.029429	-0.099322
-0.008601	-0.079087	-0.070486	0.043844	0.030942	-0.074786	0.004929	-0.034996	-0.004398	-0.009581	-0.030480	-0.100650
-0.015690	-0.080640	-0.064950	0.048165	0.024630	-0.072795	0.005294	-0.034991	-0.000177	-0.009999	-0.034999	-0.104637
-0.020165	-0.079801	-0.059635	0.049983	0.019735	-0.069718	0.009456	-0.034999	-0.000382	-0.010410	-0.035209	-0.105093
-0.024546	-0.080141	-0.055596	0.052343	0.015525	-0.067869	0.009985	-0.035013	0.000063	-0.009925	-0.030540	-0.104992
-0.019686	-0.079950	-0.060265	0.049818	0.020289	-0.070107	0.010089	-0.034991	0.004513	-0.005504	-0.030005	-0.105028
-0.019788	-0.080047	-0.060258	0.049917	0.020235	-0.070152	0.009843	-0.035037	0.005331	-0.004802	-0.029965	-0.104958
-0.020068	-0.079955	-0.059887	0.050012	0.019910	-0.069921	0.010483	-0.034540	0.009462	-0.005471	-0.030024	-0.105009
-0.019919	-0.080067	-0.060148	0.049993	0.020115	-0.070108	0.009922	-0.030099	0.010012	-0.004920	-0.029996	-0.105034
-0.020201	-0.079983	-0.059782	0.050092	0.019791	-0.069882	0.005458	-0.029500	0.009520	-0.000449	-0.030009	-0.105002
-0.019603	-0.080006	-0.060403	0.049804	0.020400	-0.070204	0.004961	-0.030170	0.005159	0.000062	-0.029989	-0.104974
-0.020379	-0.079993	-0.059613	0.050186	0.019617	-0.069803	0.005001	-0.029871	0.005398	-0.000012	-0.029999	-0.104995
-0.029865	-0.080032	-0.050167	0.054948	0.010151	-0.065099	0.005038	-0.030106	0.004971	0.000042	-0.030012	-0.105042
-0.035641	-0.079994	-0.044352	0.057818	0.004355	-0.062173	0.004416	-0.029900	0.000417	-0.000582	-0.029994	-0.104992
-0.039713	-0.079985	-0.040272	0.059849	0.000280	-0.060128	0.000312	-0.030091	0.000044	-0.004673	-0.029993	-0.104974
-0.050436	-0.079996	-0.029560	0.065216	-0.010438	-0.054778	-0.000080	-0.029847	-0.000482	-0.005088	-0.029998	-0.104992
-0.054348	-0.080038	-0.025691	0.067193	-0.014329	-0.052865	0.000032	-0.030262	-0.004874	-0.004954	-0.030013	-0.105043
-0.061957	-0.079991	-0.018034	0.070974	-0.021962	-0.049012	-0.000017	-0.028957	-0.005519	-0.005033	-0.029998	-0.104993
-0.057351	-0.080002	-0.022652	0.068676	-0.017350	-0.051327	0.000037	-0.031034	-0.004939	-0.004927	-0.030000	-0.104976
-0.002903	-0.079989	-0.077085	0.041446	0.037091	-0.078537	-0.000430	-0.048817	-0.010045	-0.005468	-0.029997	-0.105000
-0.008501	-0.080057	-0.071556	0.044279	0.031527	-0.075807	-0.004967	-0.046318	-0.010010	-0.009909	-0.030022	-0.105035
-0.015938	-0.079967	-0.064029	0.047953	0.024045	-0.071998	-0.005397	-0.044222	-0.009955	-0.010488	-0.029990	-0.105009
-0.019632	-0.080086	-0.060455	0.049859	0.020411	-0.070271	-0.005004	-0.045202	-0.015072	-0.009829	-0.030023	-0.104957
-0.030403	-0.079490	-0.049087	0.054946	0.009342	-0.064288	-0.004616	-0.039879	-0.014488	-0.010100	-0.029970	-0.105030
-0.030402	-0.075017	-0.044615	0.052710	0.007106	-0.059816	-0.005040	-0.040075	-0.015132	-0.009921	-0.030093	-0.105016
-0.029843	-0.070034	-0.040191	0.049939	0.005174	-0.055112	-0.009574	-0.040015	-0.019520	-0.010614	-0.029346	-0.104509
-0.030327	-0.065097	-0.034770	0.047712	0.002222	-0.049934	-0.010055	-0.034962	-0.020118	-0.014686	-0.025476	-0.100124
-0.029134	-0.064953	-0.035819	0.047044	0.003342	-0.050386	-0.009992	-0.035501	-0.019542	-0.015084	-0.024261	-0.100393
-0.031164	-0.060086	-0.028923	0.045625	-0.001121	-0.044504	-0.010039	-0.034912	-0.015087	-0.014997	-0.020816	-0.099995
-0.023612	-0.054906	-0.031294	0.039259	0.003841	-0.043100	-0.009974	-0.030457	-0.014550	-0.014975	-0.019245	-0.095429
0.013132	-0.055079	-0.068211	0.020973	0.040672	-0.061645	-0.009956	-0.029994	-0.015145	-0.015128	-0.015494	-0.094938
0.006608	-0.049464	-0.056072	0.021428	0.031340	-0.052768	-0.004593	-0.029528	-0.014966	-0.014394	-0.014263	-0.095048
-0.005972	-0.045156	-0.039183	0.025564	0.016605	-0.042170	-0.000036	-0.025133	-0.015015	-0.010716	-0.010777	-0.094392
-0.008989	-0.044460	-0.035472	0.026724	0.013242	-0.039966	0.000410	-0.024467	-0.014549	-0.009355	-0.009304	-0.090547
-0.005497	-0.040308	-0.034811	0.022902	0.014657	-0.037560	0.004858	-0.025079	-0.009845	-0.005371	-0.005381	-0.089978
-0.004392	-0.039497	-0.035105	0.021945	0.015356	-0.037301	0.005043	-0.019912	-0.004792	-0.004478	-0.004457	-0.089430
-0.000167	-0.035119	-0.034953	0.017643	0.017393	-0.035036	0.009967	-0.020063	-0.004491	-0.000092	-0.000093	-0.085686
0.000483	-0.034560	-0.035042	0.017038	0.017763	-0.034801	0.015062	-0.019948	-0.000499	0.000412	0.000437	-0.084927
-0.000140	-0.034965	-0.034825	0.017553	0.017342	-0.034895	0.015002	-0.015092	0.000137	0.000140	-0.000045	-0.085032
-0.000309	-0.030436	-0.030127	0.015373	0.014909	-0.030282	0.020044	-0.015028	0.005372	0.004444	-0.000356	-0.084530
-0.000165	-0.029637	-0.029472	0.014901	0.014654	-0.029555	0.019831	-0.014970	0.009993	0.005657	-0.000019	-0.080118
0.005390	-0.024577	-0.029967	0.009593	0.017679	-0.027272	0.015612	-0.015018	0.010390	0.009399	0.004640	-0.079505
0.004872	-0.025405	-0.030277	0.010267	0.017574	-0.027841	0.014742	-0.014975	0.014879	0.010300	0.004926	-0.080146
0.005284	-0.024791	-0.030075	0.009753	0.017679	-0.027433	0.015547	-0.015006	0.015006	0.014787	0.005175	-0.079894
0.019615	-0.006045	-0.025660	-0.006785	0.022638	-0.015853	0.014858	-0.015000	0.020013	0.015294	0.004336	-0.080091
0.035371	0.010590	-0.024781	-0.022981	0.030076	-0.007095	0.010559	-0.014998	0.024991	0.014517	0.005739	-0.079950
0.059493	0.034157	-0.025336	-0.046825	0.042414	0.004411	0.009786	-0.014985	0.025125	0.025397	0.014668	-0.080003
0.079766	0.056112	-0.023655	-0.067939	0.051711	0.016228	0.010490	-0.014998	0.029610	0.034075	0.020512	-0.079977
0.100169	0.073989	-0.026180	-0.087079	0.063175	0.023905	0.009917	-0.014989	0.030037	0.030644	0.029956	-0.080040
0.120205	0.070999	-0.049205	-0.095602	0.084705	0.010897	0.005457	-0.015011	0.034615	0.029426	0.034386	-0.079987
0.114899	0.064730	-0.050170	-0.089815	0.082535	0.007280	0.004948	-0.014956	0.039910	0.025334	0.030251	-0.079980
0.110141	0.060244	-0.049897	-0.085192	0.080019	0.005173	0.005002	-0.015032	0.040428	0.024514	0.029996	-0.080001
0.103397	0.054887	-0.048510	-0.079142	0.075954	0.003188	0.005033	-0.014934	0.045011	0.020082	0.029997	-0.080011
0.102482	0.050750	-0.051731	-0.076616	0.077107	-0.000490	0.004411	-0.015116	0.044915	0.019599	0.030086	-0.080015
0.138122	0.049651	-0.088471	-0.093886	0.113297	-0.019410	0.000302	-0.014657	0.039967	0.019869	0.029737	-0.079925
0.131627	0.045279	-0.086348	-0.088453	0.108988	-0.020534	-0.000109	-0.015227	0.035458	0.015534	0.025557	-0.080050
0.119110	0.039825	-0.079285	-0.079467	0.099197	-0.019730	0.000072	-0.025051	0.035000	0.014402	0.025065	-0.079931
0.110364	0.035332	-0.075032	-0.072848	0.092698	-0.019850	-0.000622	-0.030369	0.030340	0.010523	0.024880	-0.080136
0.099887	0.029414	-0.070473	-0.064650	0.085180	-0.020530	-0.004687	-0.034964	0.025381	0.009825	0.025378	-0.079713
0.090434	0.026011	-0.064424	-0.058222	0.077429	-0.019207	-0.005114	-0.039519	0.024826	0.005029	0.024737	-0.080622
0.085232	0.024063	-0.061169	-0.054648	0.073201	-0.018553	-0.004952	-0.039992	0.014946	0.005019	0.015038	-0.079477
0.064394	-0.014673	-0.079067	-0.024861	0.071731	-0.046870	-0.005082	-0.040030	0.009613	0.004932	0.009541	-0.081022
0.020343	-0.055280	-0.075623	0.017469	0.047983	-0.065452	-0.004642	-0.039977	0.005110	0.000231	0.005062	-0.103922
0.009995	-0.059908	-0.069903	0.024957	0.039949	-0.064905	0.004996	-0.040009	-0.000057	-0.000593	-0.005052	-0.105628
-0.001322	-0.066313	-0.064991	0.033817	0.031835	-0.065652	0.014883	-0.039996	-0.004968	-0.004284	-0.009958	-0.104209
-0.033858	-0.093980	-0.060122	0.063919	0.013132	-0.077051	0.025318	-0.040552	-0.010040	-0.005685	-0.015049	-0.105268
-0.045923	-0.100615	-0.054691	0.073269	0.004384	-0.077653	0.029789	-0.044855	-0.014988	-0.009534	-0.024897	-0.104875
-0.044398	-0.099772	-0.055373	0.072085	0.005487	-0.077573	0.025496	-0.050486	-0.020038	-0.010696	-0.029979	-0.104778
-0.041064	-0.100212	-0.059148	0.070638	0.009042	-0.079680	0.025041	-0.059995	-0.024984	-0.014255	-0.035038	-0.104990
-0.033387	-0.099943	-0.066556	0.066665	0.016585	-0.083250	0.024978	-0.064336	-0.030081	-0.015678	-0.040044	-0.114907
-0.001545	-0.100120	-0.098575	0.050832	0.048515	-0.099348	0.025031	-0.060357	-0.034787	-0.019535	-0.044775	-0.120112
-0.029738	-0.099964	-0.070226	0.064851	0.020244	-0.085095	0.024992	-0.059390	-0.035090	-0.019809	-0.045501	-0.120334
-0.054399	-0.100122	-0.045723	0.077260	-0.004338	-0.072922	0.025022	-0.055691	-0.034978	-0.029647	-0.049929	-0.125086
-0.083082	-0.099921	-0.016839	0.091501	-0.033121	-0.058380	0.025003	-0.054446	-0.034538	-0.034558	-0.050503	-0.124843
-0.100705	-0.100174	0.000531	0.100439	-0.050618	-0.049821	0.025001	-0.050171	-0.030150	-0.040747	-0.049830	-0.120167
-0.014463	-0.099342	-0.084879	0.056902	0.035208	-0.092110	0.025001	-0.050411	-0.030410	-0.058595	-0.050106	-0.119978
-0.012334	-0.095814	-0.083480	0.054074	0.035573	-0.089647	0.025014	-0.049974	-0.029968	-0.055666	-0.049963	-0.120077
-0.026551	-0.094261	-0.067711	0.060406	0.020580	-0.080986	0.024966	-0.045497	-0.025442	-0.053845	-0.050044	-0.119434
-0.029612	-0.090503	-0.060892	0.060057	0.015640	-0.075697	0.025009	-0.044739	-0.024970	-0.050663	-0.049984	-0.115276
-0.039752	-0.089247	-0.049494	0.064499	0.004871	-0.069370	0.024911	-0.040596	-0.025052	-0.049171	-0.050014	-0.114940
-0.045018	-0.085871	-0.040853	0.065445	-0.002083	-0.063362	0.025094	-0.039526	-0.024409	-0.045924	-0.050040	-0.115045
-0.049260	-0.084223	-0.034963	0.066741	-0.007148	-0.059593	0.024844	-0.034807	-0.020548	-0.044205	-0.049980	-0.115047
-0.050860	-0.080603	-0.029743	0.065731	-0.010558	-0.055173	0.025126	-0.035212	-0.020216	-0.040705	-0.050129	-0.114734
-0.048908	-0.079190	-0.030282	0.064049	-0.009313	-0.054736	0.024708	-0.034790	-0.019435	-0.039238	-0.049961	-0.110558
-0.046798	-0.076419	-0.029622	0.061608	-0.008588	-0.053020	0.025249	-0.020583	-0.015938	-0.036038	-0.050246	-0.110118
-0.042840	-0.074367	-0.031528	0.058603	-0.005656	-0.052947	0.019248	-0.004864	-0.014732	-0.034176	-0.049816	-0.109971
0.002319	-0.060861	-0.063180	0.029271	0.032750	-0.062020	0.021258	0.009334	-0.015924	-0.030866	-0.050818	-0.110100
0.006733	-0.049779	-0.056512	0.021523	0.031622	-0.053145	0.058899	0.020787	-0.013903	-0.023873	-0.049096	-0.105076
0.003405	-0.040413	-0.043818	0.018504	0.023611	-0.042115	0.070592	0.054915	-0.001746	-0.021303	-0.035934	-0.104872
0.005964	-0.029564	-0.035528	0.011800	0.020746	-0.032546	0.085735	0.105416	0.016688	-0.018641	-0.024125	-0.104026
0.002940	-0.021479	-0.024418	0.009269	0.013679	-0.022948	0.089081	0.149475	0.068488	0.022926	-0.011791	-0.106317
0.007435	-0.008875	-0.016311	0.000720	0.011873	-0.012593	0.093057	0.216709	0.127113	0.066550	0.002036	-0.103641
0.057543	0.048565	-0.008978	-0.053054	0.033260	0.019793	0.122142	0.314069	0.234940	0.154081	0.073623	-0.051545
0.149084	0.111248	-0.037836	-0.130166	0.093460	0.036706	0.108644	0.382722	0.329546	0.245768	0.145262	0.001069
0.239962	0.184079	-0.055883	-0.212020	0.147922	0.064098	0.087496	0.403621	0.397722	0.330572	0.220143	0.059000
0.291501	0.240522	-0.050979	-0.266011	0.171240	0.094771	0.012980	0.343289	0.462209	0.414482	0.314516	0.120526
0.476422	0.280322	-0.196099	-0.378372	0.336260	0.042112	-0.072073	0.274011	0.463904	0.466306	0.380597	0.189839
0.591795	0.331176	-0.260618	-0.461485	0.426206	0.035279	-0.167840	0.156336	0.456901	0.493935	0.435360	0.250166
0.584913	0.333153	-0.251760	-0.459033	0.418337	0.040696	-0.261651	0.005614	0.392894	0.481140	0.474476	0.300158
0.632364	0.355341	-0.277024	-0.493853	0.454694	0.039158	-0.363455	-0.191105	0.324470	0.465643	0.506890	0.355420
0.630244	0.372579	-0.257666	-0.501411	0.443955	0.057456	-0.425684	-0.432126	0.159907	0.362995	0.476506	0.380095
0.578227	0.242943	-0.335283	-0.410585	0.456755	-0.046170	-0.496670	-0.720047	-0.124302	0.141881	0.344143	0.366457
0.499498	0.172759	-0.326739	-0.336128	0.413119	-0.076990	-0.609077	-1.122120	-0.360176	-0.026510	0.277859	0.349505
0.297374	0.137306	-0.160068	-0.217340	0.228721	-0.011381	-0.635741	-1.357355	-0.449354	-0.097989	0.226732	0.336214
0.263371	0.152926	-0.110445	-0.208149	0.186908	0.021241	-0.625998	-1.379502	-0.493220	-0.142382	0.173982	0.323726
0.153185	0.075641	-0.077544	-0.114413	0.115364	-0.000951	-0.619165	-1.312193	-0.552357	-0.217987	0.130931	0.270856
0.079454	0.010492	-0.068962	-0.044973	0.074208	-0.029235	-0.581499	-1.244947	-0.563760	-0.272157	0.063698	0.219733
0.033294	-0.037040	-0.070334	0.001873	0.051814	-0.053687	-0.544163	-1.145528	-0.562277	-0.293362	0.001602	0.185356
0.017572	-0.047065	-0.064638	0.014746	0.041105	-0.055851	-0.491236	-1.006940	-0.514086	-0.271781	-0.011117	0.150510
0.020959	-0.043687	-0.064646	0.011364	0.042802	-0.054166	-0.434355	-0.869255	-0.457132	-0.249577	-0.018857	0.120027
0.014312	-0.045923	-0.060235	0.015805	0.037274	-0.053079	-0.355656	-0.695378	-0.367721	-0.210603	-0.025913	0.089861
0.015113	-0.045064	-0.060177	0.014975	0.037645	-0.052621	-0.279680	-0.550988	-0.298535	-0.170026	-0.034709	0.059947
0.005208	-0.050306	-0.055514	0.022549	0.030361	-0.052910	-0.209847	-0.448950	-0.236582	-0.149907	-0.045322	0.030597
0.004062	-0.050281	-0.054344	0.023109	0.029203	-0.052312	-0.145277	-0.336210	-0.178636	-0.129913	-0.049562	0.004867
0.000199	-0.050183	-0.050382	0.024992	0.025291	-0.050283	-0.099473	-0.253113	-0.130986	-0.110208	-0.055597	-0.020175
-0.000278	-0.049613	-0.049335	0.024946	0.024529	-0.049474	-0.060333	-0.181279	-0.103348	-0.095429	-0.069209	-0.044842
-0.004950	-0.050084	-0.045134	0.027517	0.020092	-0.047609	-0.034606	-0.123714	-0.081078	-0.085059	-0.065586	-0.064931
-0.014734	-0.054572	-0.039838	0.034653	0.012552	-0.047205	-0.014710	-0.075281	-0.069154	-0.074880	-0.064559	-0.070343
-0.015590	-0.055024	-0.039434	0.035307	0.011922	-0.047229	-0.004733	-0.048503	-0.060056	-0.064929	-0.064904	-0.070238
-0.019768	-0.055002	-0.035234	0.037385	0.007733	-0.045118	0.000039	-0.025527	-0.049713	-0.054893	-0.060467	-0.074501
-0.025090	-0.055053	-0.029962	0.040071	0.002436	-0.042507	0.005114	-0.014216	-0.040087	-0.045618	-0.060106	-0.075707
-0.024288	-0.054422	-0.030134	0.039355	0.002923	-0.042278	0.010046	-0.004966	-0.030296	-0.039934	-0.059924	-0.079467
-0.015509	-0.050312	-0.034803	0.032911	0.009647	-0.042557	0.015154	0.005265	-0.024949	-0.034987	-0.059948	-0.080143
-0.014899	-0.049903	-0.035003	0.032401	0.010052	-0.042453	0.020075	0.015111	-0.019945	-0.035436	-0.054991	-0.079977
-0.015089	-0.050101	-0.035012	0.032595	0.009962	-0.042557	0.030684	0.024965	-0.019995	-0.034883	-0.055036	-0.080068
-0.014402	-0.049389	-0.034987	0.031896	0.010292	-0.042188	0.049183	0.035310	-0.019957	-0.030514	-0.054975	-0.079991
-0.010339	-0.045325	-0.034986	0.027832	0.012323	-0.040156	0.055320	0.040147	-0.015050	-0.029763	-0.050064	-0.080003
-0.009905	-0.044897	-0.034992	0.027401	0.012543	-0.039944	0.054834	0.039956	-0.015036	-0.030473	-0.050036	-0.079984
-0.010081	-0.045094	-0.035013	0.027588	0.012466	-0.040053	0.055170	0.040055	-0.014981	-0.029923	-0.050006	-0.080036
-0.009392	-0.044395	-0.035003	0.026894	0.012805	-0.039699	0.054868	0.040030	-0.014450	-0.025449	-0.049440	-0.079998
-0.005361	-0.040304	-0.034943	0.022832	0.014791	-0.037623	0.055368	0.039916	-0.010260	-0.024933	-0.045275	-0.079971
-0.004470	-0.039927	-0.035458	0.022199	0.015494	-0.037693	0.059401	0.040541	-0.009957	-0.025063	-0.044921	-0.080009
-0.000086	-0.040016	-0.039930	0.020051	0.019922	-0.039973	0.060083	0.044990	-0.010008	-0.024355	-0.045020	-0.080009
0.000415	-0.040064	-0.040480	0.019825	0.020447	-0.040272	0.059988	0.050057	-0.009500	-0.020559	-0.045550	-0.080026
0.000153	-0.039669	-0.039823	0.019758	0.019988	-0.039746	0.060059	0.054720	-0.005137	-0.019986	-0.049687	-0.079933
0.004489	-0.035603	-0.040092	0.015557	0.022290	-0.037847	0.059540	0.055524	-0.005412	-0.019436	-0.050070	-0.080064
0.005031	-0.034927	-0.039958	0.014948	0.022495	-0.037443	0.055110	0.059878	-0.004915	-0.015651	-0.049984	-0.080120
0.004927	-0.035110	-0.040037	0.015092	0.022482	-0.037574	0.054514	0.060543	-0.000501	-0.014932	-0.050017	-0.084523
0.005323	-0.034645	-0.039968	0.014661	0.022645	-0.037306	0.055157	0.059901	0.000181	-0.015026	-0.049974	-0.089851
0.009438	-0.030576	-0.040014	0.010569	0.024726	-0.035295	0.054900	0.065088	-0.000434	-0.014541	-0.050006	-0.084992
0.010065	-0.029942	-0.040007	0.009938	0.025036	-0.034975	0.055088	0.064976	0.000024	-0.010064	-0.050013	-0.085024
0.009953	-0.030051	-0.040004	0.010049	0.024979	-0.035027	0.054925	0.065028	0.004644	-0.009546	-0.050003	-0.085054
0.010248	-0.029741	-0.039989	0.009746	0.025118	-0.034865	0.055031	0.069867	0.004885	-0.010056	-0.049987	-0.079919
0.010087	-0.029910	-0.039997	0.009911	0.025042	-0.034953	0.054911	0.070349	0.005478	-0.010425	-0.049999	-0.080516
0.004633	-0.035383	-0.040016	0.015375	0.022324	-0.037700	0.055109	0.075097	0.004921	-0.015064	-0.050020	-0.079916
0.010380	-0.029617	-0.039997	0.009618	0.025189	-0.034807	0.054858	0.074745	0.000458	-0.019931	-0.049996	-0.075465
0.009365	-0.030629	-0.039993	0.010632	0.024679	-0.035311	0.055161	0.070195	-0.000042	-0.025067	-0.049992	-0.074986
0.011823	-0.028185	-0.040008	0.008181	0.025915	-0.034096	0.054661	0.064380	0.000006	-0.029933	-0.049996	-0.074535
0.008146	-0.031849	-0.039995	0.011851	0.024071	-0.035922	0.055934	0.060352	0.000001	-0.034937	-0.050023	-0.070142
-0.037738	-0.077759	-0.040022	0.057748	0.001142	-0.058891	0.053664	0.058917	-0.000001	-0.034996	-0.049998	-0.069484
-0.036782	-0.076715	-0.039933	0.056748	0.001576	-0.058324	0.051835	0.061578	0.000000	-0.029984	-0.049993	-0.070045
-0.028893	-0.068953	-0.040061	0.048923	0.005584	-0.054507	0.083102	0.093527	0.000001	-0.030497	-0.049998	-0.064959
-0.030601	-0.070509	-0.039908	0.050555	0.004653	-0.055208	0.086306	0.101324	-0.000003	-0.029919	-0.050028	-0.065015
-0.024968	-0.065115	-0.040147	0.045041	0.007590	-0.052631	0.084153	0.099431	-0.000003	-0.025463	-0.049983	-0.065059
-0.020564	-0.060306	-0.039743	0.040435	0.009590	-0.050024	0.085360	0.100675	-0.000004	-0.025015	-0.050060	-0.059901
-0.019186	-0.059450	-0.040264	0.039318	0.010539	-0.049857	0.084785	0.103971	-0.000010	-0.024536	-0.049520	-0.060551
-0.021353	-0.055170	-0.033818	0.038261	0.006233	-0.044494	0.085179	0.106064	0.000008	-0.020127	-0.045140	-0.059852
-0.022733	-0.054493	-0.031760	0.038613	0.004513	-0.043127	0.084911	0.103663	-0.000020	-0.019486	-0.044485	-0.055587
0.003456	-0.055194	-0.058650	0.025869	0.031053	-0.056922	0.085055	0.101504	0.000015	-0.020062	-0.045061	-0.054581
0.005804	-0.054899	-0.060703	0.024548	0.033253	-0.057801	0.084963	0.123259	-0.000037	-0.014953	-0.039953	-0.050698
0.004076	-0.055082	-0.059158	0.025503	0.031617	-0.057120	0.085061	0.121292	0.000044	-0.015006	-0.040019	-0.049274
0.005364	-0.054947	-0.060311	0.024791	0.032837	-0.057629	0.084985	0.119351	-0.000096	-0.015045	-0.040043	-0.045678
0.004782	-0.055034	-0.059816	0.025126	0.032299	-0.057425	0.084981	0.119902	0.000310	-0.009931	-0.034929	-0.044646
0.005169	-0.054949	-0.060118	0.024890	0.032644	-0.057533	0.084994	0.115496	0.004363	-0.010513	-0.035511	-0.040114
0.004836	-0.055112	-0.059948	0.025138	0.032392	-0.057530	0.085032	0.114595	0.005673	-0.009890	-0.034900	-0.034957
0.005718	-0.054337	-0.060055	0.024310	0.032887	-0.057196	0.084993	0.114881	0.009425	-0.005462	-0.030460	-0.030041
0.009491	-0.050472	-0.059963	0.020490	0.034727	-0.055217	0.084977	0.124546	0.010199	-0.005000	-0.029994	-0.024922
0.010767	-0.049257	-0.060024	0.019245	0.035395	-0.054641	0.084986	0.130061	0.014940	-0.004530	-0.029528	-0.020479
0.014187	-0.045831	-0.060018	0.015822	0.037103	-0.052925	0.085039	0.135025	0.015015	-0.000124	-0.025134	-0.019906
0.015762	-0.044236	-0.059997	0.014237	0.037879	-0.052116	0.084980	0.139972	0.015033	0.000530	-0.024468	-0.015508
0.019479	-0.040507	-0.059985	0.010514	0.039732	-0.050246	0.084981	0.145040	0.019818	-0.000088	-0.025081	-0.009763
0.020763	-0.039233	-0.059995	0.009235	0.040379	-0.049614	0.084970	0.149391	0.020533	0.005085	-0.019920	-0.005596
0.024191	-0.035833	-0.060024	0.005821	0.042107	-0.047928	0.085028	0.150718	0.024396	0.004945	-0.020056	-0.004815
0.025765	-0.034230	-0.059995	0.004232	0.042880	-0.047113	0.085522	0.154421	0.025539	0.005050	-0.019965	-0.000564
0.029495	-0.030491	-0.059985	0.000498	0.044740	-0.045238	0.089759	0.154956	0.029846	0.009898	-0.015078	0.005095
0.030751	-0.029245	-0.059995	-0.000753	0.045373	-0.044620	0.089709	0.160524	0.029610	0.009975	-0.015061	0.004906
0.034227	-0.025798	-0.060025	-0.004214	0.047126	-0.042912	0.089877	0.179619	0.030053	0.010006	-0.014953	0.010051
0.035689	-0.024291	-0.059980	-0.005699	0.047834	-0.042135	0.095455	0.185019	0.034582	0.010563	-0.014521	0.014922
0.039631	-0.020382	-0.060013	-0.009625	0.049822	-0.040197	0.094847	0.185642	0.035032	0.014687	-0.010149	0.015598
0.040100	-0.019871	-0.059970	-0.010114	0.050035	-0.039921	0.095162	0.189116	0.034997	0.015075	-0.010383	0.034733
0.039959	-0.020128	-0.060087	-0.009916	0.050023	-0.040108	0.105146	0.191455	0.034983	0.014947	-0.010004	0.045541
0.040038	-0.019902	-0.059940	-0.010068	0.049989	-0.039921	0.109247	0.208411	0.035555	0.015028	-0.005367	0.049861
0.039930	-0.020181	-0.060111	-0.009874	0.050020	-0.040146	0.105260	0.211482	0.039693	0.014922	-0.005144	0.054768
0.040052	-0.019795	-0.059847	-0.010129	0.049949	-0.039821	0.105146	0.228333	0.040022	0.015029	-0.004363	0.055579
0.039566	-0.020746	-0.060313	-0.009410	0.049939	-0.040530	0.105377	0.236043	0.040038	0.014919	-0.000753	0.059328
0.039622	-0.019237	-0.058859	-0.010192	0.049240	-0.039048	0.099246	0.239003	0.039922	0.015120	0.000165	0.060650
0.055319	-0.006060	-0.061379	-0.024629	0.058349	-0.033720	0.100601	0.240544	0.039923	0.014561	-0.000323	0.064616
0.084558	0.006578	-0.077981	-0.045568	0.081270	-0.035702	0.098630	0.238921	0.030186	0.015900	-0.000054	0.065328
0.074611	0.018028	-0.056584	-0.046319	0.065598	-0.019278	0.097325	0.246688	0.025667	0.034395	0.009426	0.069494
0.067108	0.032484	-0.034624	-0.049796	0.050866	-0.001070	0.122253	0.278783	0.055364	0.050535	0.020154	0.085831
0.087681	0.077806	-0.009875	-0.082743	0.048778	0.033965	0.132428	0.295799	0.084749	0.064929	0.029827	0.114313
0.067262	0.076680	0.009419	-0.071971	0.028921	0.043050	0.158116	0.299759	0.085254	0.080349	0.040149	0.119921
0.084076	0.073971	-0.010105	-0.079024	0.047091	0.031933	0.151495	0.300997	0.084415	0.084640	0.049767	0.119958
0.105258	0.075923	-0.029335	-0.090590	0.067297	0.023294	0.143614	0.304141	0.085114	0.085828	0.060445	0.124612
0.125284	0.074725	-0.050560	-0.100004	0.087922	0.012082	0.140585	0.305623	0.084987	0.089261	0.064604	0.125174
0.144282	0.074593	-0.069688	-0.109438	0.106985	0.002452	0.134663	0.308741	0.084659	0.091368	0.065384	0.129518
0.125382	0.070664	-0.054718	-0.098023	0.090050	0.007973	0.130292	0.311563	0.085247	0.093713	0.073960	0.130811
0.109372	0.069820	-0.039551	-0.089596	0.074462	0.015134	0.124823	0.324008	0.100166	0.096735	0.081545	0.145131
0.105171	0.070420	-0.034751	-0.087795	0.069961	0.017834	0.120329	0.325496	0.124653	0.123589	0.108921	0.169561
0.104225	0.069599	-0.034626	-0.086912	0.069426	0.017486	0.119471	0.324777	0.130275	0.125695	0.116068	0.175079
0.106173	0.070420	-0.035753	-0.088296	0.070963	0.017333	0.115143	0.325267	0.134955	0.124769	0.114585	0.174766
0.129242	0.094464	-0.034778	-0.111853	0.082010	0.029843	0.114556	0.324912	0.140028	0.130329	0.125210	0.185325
0.134989	0.099840	-0.035148	-0.117414	0.085069	0.032346	0.114840	0.325014	0.140099	0.134640	0.129814	0.188988
0.135322	0.100409	-0.034913	-0.117865	0.085117	0.032748	0.110499	0.324955	0.144533	0.140573	0.135705	0.186642
0.138884	0.103810	-0.035074	-0.121347	0.086979	0.034368	0.109501	0.325190	0.145595	0.144910	0.154396	0.208831
0.141309	0.106363	-0.034946	-0.123836	0.088128	0.035708	0.104827	0.324939	0.149580	0.145942	0.160370	0.215967
0.163388	0.128386	-0.035001	-0.145887	0.099195	0.046692	0.104722	0.325180	0.150155	0.159532	0.160199	0.219408
0.171573	0.136580	-0.034993	-0.154076	0.103283	0.050794	0.104718	0.325206	0.160551	0.175175	0.169871	0.215258
0.172501	0.137487	-0.035014	-0.154994	0.103758	0.051236	0.099407	0.315099	0.164417	0.169251	0.175721	0.214544
0.167787	0.132783	-0.035003	-0.150285	0.101395	0.048890	0.095134	0.304963	0.166187	0.171574	0.179820	0.214947
0.202676	0.167653	-0.035023	-0.185164	0.118849	0.066315	0.094946	0.300066	0.184103	0.198683	0.185058	0.215485
0.196423	0.161840	-0.034583	-0.179131	0.115503	0.063628	0.089555	0.289414	0.175917	0.191030	0.184522	0.214441
0.183945	0.153927	-0.030017	-0.168936	0.106981	0.061955	0.085113	0.280761	0.169944	0.184865	0.185237	0.216241
0.180098	0.150471	-0.029628	-0.165284	0.104863	0.060422	0.084538	0.274556	0.165086	0.180215	0.189470	0.238656
0.169785	0.139857	-0.029928	-0.154821	0.099856	0.054965	0.080033	0.255468	0.155010	0.169836	0.190376	0.231152
0.165628	0.135191	-0.030438	-0.150410	0.098033	0.052377	0.074993	0.239890	0.150388	0.165709	0.189635	0.219567
0.159729	0.129819	-0.029910	-0.144774	0.094820	0.049955	0.070006	0.225118	0.145049	0.159197	0.175687	0.210405
0.145537	0.120589	-0.024948	-0.133063	0.085242	0.047820	0.065556	0.209983	0.130102	0.145701	0.164451	0.199227
0.134202	0.109914	-0.024287	-0.122058	0.079245	0.042814	0.064686	0.195010	0.119872	0.134525	0.155198	0.185531
0.131119	0.104972	-0.026147	-0.118045	0.078633	0.039412	0.060055	0.185415	0.110326	0.120735	0.144935	0.174269
0.118165	0.095566	-0.022599	-0.106866	0.070382	0.036483	0.055023	0.175009	0.095499	0.109277	0.135114	0.160826
0.112395	0.085425	-0.026970	-0.098910	0.069683	0.029227	0.049923	0.160404	0.085003	0.095657	0.124457	0.149369
0.152509	0.079896	-0.072613	-0.116202	0.112561	0.003642	0.045287	0.149914	0.075094	0.084726	0.110167	0.135185
0.146767	0.075074	-0.071693	-0.110920	0.109230	0.001690	0.044368	0.139981	0.070035	0.075588	0.100374	0.125358
0.133911	0.069925	-0.063986	-0.101918	0.098948	0.002970	0.040692	0.130057	0.064946	0.069985	0.090012	0.115021
0.126078	0.065188	-0.060890	-0.095633	0.093484	0.002149	0.039403	0.119951	0.060094	0.064978	0.075388	0.100374
0.119319	0.059566	-0.059752	-0.089442	0.089535	-0.000093	0.035176	0.109977	0.054787	0.060002	0.064967	0.089951
0.110915	0.055274	-0.055642	-0.083094	0.083278	-0.000184	0.035342	0.099954	0.050515	0.054960	0.054967	0.079939
0.103972	0.054334	-0.049637	-0.079153	0.076805	0.002348	0.035022	0.090083	0.044881	0.049902	0.045040	0.070054
0.090894	0.040316	-0.050578	-0.065605	0.070736	-0.005131	0.030368	0.079861	0.035549	0.040524	0.035465	0.060438
0.074316	0.029423	-0.044893	-0.051869	0.059605	-0.007735	0.029877	0.070310	0.029598	0.029900	0.029820	0.054813
0.061196	0.020491	-0.040705	-0.040843	0.050950	-0.010107	0.025002	0.064300	0.020684	0.025090	0.019607	0.044576
0.048573	0.009036	-0.039537	-0.028804	0.044055	-0.015250	0.025009	0.055772	0.014260	0.014943	0.010020	0.035033
0.036841	0.000756	-0.036085	-0.018799	0.036463	-0.017664	0.024989	0.049269	0.005664	0.005058	0.004567	0.030049
0.017278	-0.011380	-0.028658	-0.002949	0.022968	-0.020019	0.020053	0.040360	-0.000370	-0.000313	-0.005046	0.025061
-0.016577	-0.043427	-0.026850	0.030002	0.005137	-0.035138	0.020077	0.034760	-0.009887	-0.014823	-0.014914	0.025024
-0.019010	-0.036562	-0.017552	0.027786	-0.000729	-0.027057	0.019909	0.030809	-0.020114	-0.025675	-0.025545	0.024926
-0.015194	-0.025021	-0.009827	0.020108	-0.002684	-0.017424	0.020130	0.029203	-0.029401	-0.034798	-0.035093	0.025081
0.061132	-0.014940	-0.076072	-0.023096	0.068602	-0.045506	0.019632	0.025499	-0.035260	-0.045184	-0.035285	0.024803
0.067378	-0.004803	-0.072181	-0.031288	0.069780	-0.038492	0.015629	0.024213	-0.039414	-0.050222	-0.034929	0.025471
0.023136	-0.034752	-0.057888	0.005808	0.040512	-0.046320	0.014909	0.020835	-0.040078	-0.049942	-0.035069	0.024922
-0.008549	-0.064184	-0.055635	0.036367	0.023543	-0.059909	0.015098	0.019211	-0.040001	-0.050076	-0.034993	0.020445
-0.016930	-0.060887	-0.043957	0.038909	0.013514	-0.052422	0.014826	0.015506	-0.040024	-0.049986	-0.035031	0.019945
-0.023357	-0.059228	-0.035871	0.041292	0.006257	-0.047550	0.015479	0.014231	-0.039998	-0.050032	-0.034997	0.020003
-0.026992	-0.055762	-0.028770	0.041377	0.000889	-0.042266	0.014920	0.010815	-0.039996	-0.049988	-0.035027	0.020008
-0.028236	-0.054428	-0.026192	0.041332	-0.001022	-0.040310	0.010456	0.009245	-0.040574	-0.050586	-0.035001	0.019991
0.003065	-0.050036	-0.053101	0.023485	0.028083	-0.051568	0.009953	0.005479	-0.044691	-0.054701	-0.035000	0.020045
0.001670	-0.049755	-0.051425	0.024043	0.026547	-0.050590	0.010000	0.004288	-0.045063	-0.055054	-0.034997	0.019542
-0.005493	-0.054526	-0.049033	0.030009	0.021770	-0.051779	0.010038	0.000727	-0.044998	-0.055037	-0.035014	0.015092
-0.004586	-0.054983	-0.050397	0.029784	0.022906	-0.052690	0.009415	-0.000613	-0.044978	-0.054929	-0.034998	0.014518
-0.005393	-0.055055	-0.049662	0.030224	0.022134	-0.052359	0.005312	-0.004807	-0.045060	-0.055140	-0.034977	0.015165
-0.004386	-0.054938	-0.050552	0.029662	0.023083	-0.052745	0.004913	-0.004638	-0.044594	-0.054526	-0.034999	0.014906
-0.005142	-0.055078	-0.049936	0.030110	0.022397	-0.052507	0.005043	-0.005022	-0.045719	-0.055102	-0.034996	0.015072
-0.009516	-0.054895	-0.045379	0.032206	0.017932	-0.050137	0.004969	-0.009601	-0.059228	-0.059545	-0.035014	0.014945
-0.010105	-0.055302	-0.045197	0.032703	0.017546	-0.050249	0.005058	-0.009959	-0.065325	-0.060035	-0.034950	0.015091
-0.015387	-0.059404	-0.044017	0.037396	0.014315	-0.051711	0.004536	-0.010489	-0.064801	-0.059992	-0.035037	0.014506
-0.019977	-0.060063	-0.040086	0.040020	0.010055	-0.050075	0.000086	-0.014878	-0.065155	-0.060026	-0.034936	0.010135
-0.019860	-0.059981	-0.040121	0.039920	0.010131	-0.050051	-0.000477	-0.015522	-0.064921	-0.059991	-0.035131	0.009481
-0.020259	-0.059975	-0.039717	0.040117	0.009729	-0.049846	0.000153	-0.014928	-0.065048	-0.059984	-0.034593	0.010071
-0.024698	-0.059990	-0.035292	0.042344	0.005297	-0.047641	-0.000070	-0.020045	-0.064966	-0.059991	-0.035699	0.004956
-0.025746	-0.059995	-0.034249	0.042871	0.004251	-0.047122	0.000014	-0.020008	-0.065050	-0.060025	-0.049975	0.005005
-0.025195	-0.060568	-0.035372	0.042882	0.005088	-0.047970	0.000048	-0.019955	-0.064991	-0.059994	-0.055347	0.005046
-0.030361	-0.064727	-0.034367	0.047544	0.002003	-0.049547	-0.000294	-0.025066	-0.065000	-0.059988	-0.054819	-0.000063
-0.034825	-0.064781	-0.029955	0.049803	-0.002435	-0.047368	-0.004435	-0.024485	-0.064997	-0.059991	-0.055081	0.000514
-0.035376	-0.064772	-0.029396	0.050074	-0.002990	-0.047084	-0.005029	-0.025133	-0.065026	-0.060035	-0.055002	-0.000114
-0.045067	-0.070639	-0.025573	0.057853	-0.009747	-0.048106	-0.005002	-0.029527	-0.064995	-0.059942	-0.054948	-0.004528
-0.044629	-0.069363	-0.024734	0.056996	-0.009948	-0.047048	-0.005007	-0.030018	-0.064988	-0.060365	-0.055299	-0.004991
-0.050942	-0.071359	-0.020417	0.061151	-0.015262	-0.045888	-0.004994	-0.030442	-0.064995	-0.069853	-0.059400	-0.005446
-0.073648	-0.093717	-0.020069	0.083682	-0.026789	-0.056893	-0.005038	-0.034938	-0.065029	-0.074483	-0.060105	-0.009893
-0.070877	-0.086035	-0.015158	0.078456	-0.027860	-0.050596	-0.004418	-0.035476	-0.064997	-0.069714	-0.059914	-0.010494
-0.059744	-0.074339	-0.014595	0.067041	-0.022574	-0.044467	-0.000315	-0.034879	-0.064988	-0.069880	-0.060159	-0.009936
-0.055898	-0.065319	-0.009421	0.060609	-0.023239	-0.037370	0.000081	-0.034637	-0.065003	-0.069471	-0.059519	-0.015008
-0.049677	-0.060590	-0.010913	0.055133	-0.019382	-0.035752	-0.000035	-0.030043	-0.065021	-0.065670	-0.060106	-0.015054
-0.035745	-0.064510	-0.028765	0.050127	-0.003490	-0.046637	0.000010	-0.029558	-0.065004	-0.064946	-0.064551	-0.014814
-0.049958	-0.065127	-0.015169	0.057542	-0.017394	-0.040148	0.000008	-0.030142	-0.065020	-0.065045	-0.065023	-0.024770
-0.059505	-0.064553	-0.005048	0.062029	-0.027229	-0.034800	-0.000028	-0.029926	-0.064572	-0.064548	-0.065017	-0.035139
-0.077076	-0.065078	0.011998	0.071077	-0.044537	-0.026540	0.000051	-0.030055	-0.060062	-0.060105	-0.064988	-0.044311
-0.086273	-0.069556	0.016717	0.077914	-0.051495	-0.026420	-0.000088	-0.029977	-0.059616	-0.059521	-0.065085	-0.050146
-0.023316	-0.070012	-0.046696	0.046664	0.011690	-0.058354	0.000167	-0.029999	-0.059826	-0.060184	-0.064678	-0.054762
-0.022202	-0.069988	-0.047787	0.046095	0.012793	-0.058888	-0.000480	-0.030008	-0.055512	-0.059473	-0.060578	-0.055069
-0.027025	-0.069991	-0.042966	0.048508	0.007970	-0.056479	0.000086	-0.029978	-0.055009	-0.055119	-0.059995	-0.054998
-0.028726	-0.070587	-0.041861	0.049657	0.006567	-0.056224	0.004542	-0.030079	-0.055042	-0.054568	-0.060001	-0.055031
-0.035688	-0.074662	-0.038974	0.055175	0.001643	-0.056818	0.005049	-0.029681	-0.054714	-0.054845	-0.059988	-0.054992
-0.038994	-0.075110	-0.036116	0.057052	-0.001439	-0.055613	0.004993	-0.025580	-0.050536	-0.050486	-0.059997	-0.055017
-0.040991	-0.074949	-0.033958	0.057970	-0.003517	-0.054453	0.005004	-0.024976	-0.050039	-0.050011	-0.060047	-0.055022
-0.044170	-0.075110	-0.030940	0.059640	-0.006615	-0.053025	0.005001	-0.025003	-0.049948	-0.050034	-0.059429	-0.055008
-0.045310	-0.074658	-0.029349	0.059984	-0.007980	-0.052003	0.005003	-0.024989	-0.049907	-0.049692	-0.055274	-0.054991
-0.044497	-0.070589	-0.026092	0.057543	-0.009203	-0.048341	0.004999	-0.024998	-0.045008	-0.045548	-0.054947	-0.054999
-0.045171	-0.069987	-0.024816	0.057579	-0.010177	-0.047402	0.005005	-0.025008	-0.045016	-0.045003	-0.055005	-0.055022
-0.054659	-0.070006	-0.015348	0.062333	-0.019655	-0.042677	0.005000	-0.024997	-0.044985	-0.044952	-0.055063	-0.054996
-0.064959	-0.069976	-0.005017	0.067468	-0.029971	-0.037497	0.005003	-0.024991	-0.040069	-0.045181	-0.054832	-0.054982
-0.075563	-0.070006	0.005556	0.072785	-0.040560	-0.032225	0.005000	-0.024998	-0.040037	-0.049954	-0.055473	-0.054996
-0.079262	-0.070022	0.009240	0.074642	-0.044251	-0.030391	0.005002	-0.025009	-0.040004	-0.055053	-0.054933	-0.055019
-0.050188	-0.070008	-0.019821	0.060098	-0.015183	-0.044914	0.005000	-0.024998	-0.039441	-0.059448	-0.050464	-0.054997
-0.025164	-0.069982	-0.044818	0.047573	0.009827	-0.057400	0.004999	-0.024994	-0.035282	-0.060101	-0.049916	-0.054983
-0.029490	-0.070020	-0.040529	0.049755	0.005520	-0.055274	0.005000	-0.024998	-0.034916	-0.059949	-0.050040	-0.054995
-0.034858	-0.070014	-0.035156	0.052436	0.000149	-0.052585	0.005003	-0.025010	-0.035050	-0.060054	-0.049960	-0.055020
-0.040295	-0.070041	-0.029746	0.055168	-0.005275	-0.049893	0.005000	-0.024998	-0.034969	-0.059983	-0.050090	-0.054999
-0.044438	-0.069931	-0.025494	0.057185	-0.009472	-0.047713	0.005006	-0.024994	-0.035004	-0.060004	-0.049816	-0.054937
-0.050536	-0.070352	-0.019816	0.060444	-0.015360	-0.045084	0.004999	-0.024998	-0.034982	-0.059992	-0.050480	-0.055447
-0.054315	-0.070006	-0.015691	0.062161	-0.019312	-0.042848	0.005012	-0.025010	-0.035020	-0.060031	-0.049931	-0.059944
-0.030276	-0.060179	-0.029902	0.045228	-0.000187	-0.045040	0.004992	-0.024998	-0.034991	-0.059997	-0.045454	-0.060466
-0.014677	-0.054605	-0.039928	0.034641	0.012626	-0.047267	0.005029	-0.024994	-0.034989	-0.059990	-0.044935	-0.059832
-0.015655	-0.050127	-0.034472	0.032891	0.009408	-0.042299	0.004972	-0.024998	-0.034987	-0.059995	-0.045003	-0.060063
-0.014787	-0.044965	-0.030178	0.029876	0.007696	-0.037572	0.005083	-0.025010	-0.035021	-0.060024	-0.045016	-0.060009
-0.010583	-0.039967	-0.029384	0.025275	0.009400	-0.034676	0.004349	-0.024998	-0.034982	-0.059998	-0.044998	-0.059951
-0.009481	-0.034870	-0.025389	0.022176	0.007954	-0.030130	0.000472	-0.024998	-0.035013	-0.059986	-0.044986	-0.060279
-0.000616	-0.024940	-0.024324	0.012778	0.011854	-0.024632	-0.000732	-0.024998	-0.034957	-0.059997	-0.044998	-0.064439
0.000009	-0.020088	-0.020098	0.010039	0.010053	-0.020093	-0.004211	-0.025013	-0.035071	-0.060030	-0.045021	-0.065051
0.000710	-0.014700	-0.015411	0.006995	0.008060	-0.015055	-0.005732	-0.024997	-0.034909	-0.059988	-0.044989	-0.065007
0.004773	-0.010186	-0.014959	0.002706	0.009866	-0.012572	-0.009538	-0.024998	-0.035113	-0.060008	-0.045008	-0.064990
-0.015130	-0.024245	-0.009114	0.019687	-0.003008	-0.016679	-0.010694	-0.024999	-0.034967	-0.059970	-0.044971	-0.064967
-0.030015	-0.040102	-0.010087	0.035058	-0.009964	-0.025095	-0.014308	-0.025012	-0.040050	-0.060070	-0.045064	-0.065075
-0.009792	-0.054935	-0.045143	0.032364	0.017675	-0.050039	-0.015570	-0.024995	-0.044439	-0.059950	-0.044951	-0.064399
0.004450	-0.069870	-0.074320	0.032710	0.039385	-0.072095	-0.019964	-0.025044	-0.040186	-0.059911	-0.044915	-0.060117
-0.003883	-0.075283	-0.071399	0.039583	0.033758	-0.073341	-0.020253	-0.024547	-0.039997	-0.055008	-0.040009	-0.055270
-0.005717	-0.074906	-0.069189	0.040312	0.031736	-0.072047	-0.015511	-0.020088	-0.040002	-0.055025	-0.040019	-0.055143
-0.009280	-0.075087	-0.065807	0.042184	0.028264	-0.070447	-0.015036	-0.019528	-0.040010	-0.054986	-0.039987	-0.050142
-0.010529	-0.074962	-0.064433	0.042745	0.026952	-0.069697	-0.014954	-0.020148	-0.039986	-0.050072	-0.035075	-0.045460
-0.014149	-0.075040	-0.060891	0.044595	0.023371	-0.067966	-0.015045	-0.019931	-0.040001	-0.050045	-0.035046	-0.044147
-0.015985	-0.075019	-0.059034	0.045502	0.021525	-0.067027	-0.014981	-0.020024	-0.040017	-0.050002	-0.034996	-0.056246
-0.018950	-0.075029	-0.056079	0.046990	0.018565	-0.065554	-0.015061	-0.020047	-0.039998	-0.049457	-0.034458	-0.088617
-0.021051	-0.074992	-0.053940	0.048021	0.016444	-0.064466	-0.014771	-0.019704	-0.039993	-0.045262	-0.030265	-0.086060
-0.023928	-0.075006	-0.051079	0.049467	0.013576	-0.063043	-0.010484	-0.015564	-0.039994	-0.044954	-0.029955	-0.083831
-0.026238	-0.075018	-0.048780	0.050628	0.011271	-0.061899	-0.010141	-0.014980	-0.040016	-0.045030	-0.030023	-0.085376
-0.033008	-0.075008	-0.042000	0.054008	0.004496	-0.058504	-0.009757	-0.014997	-0.039997	-0.044481	-0.029485	-0.084807
-0.007158	-0.074954	-0.067797	0.041056	0.030320	-0.071376	-0.010433	-0.014993	-0.039990	-0.040159	-0.025156	-0.085124
-0.013684	-0.075033	-0.061349	0.044359	0.023832	-0.068191	-0.009030	-0.014999	-0.039997	-0.040342	-0.025360	-0.084914
-0.020388	-0.074976	-0.054588	0.047682	0.017100	-0.064782	-0.011839	-0.015004	-0.040016	-0.040020	-0.024990	-0.085099
-0.024812	-0.075084	-0.050272	0.049948	0.012730	-0.062678	-0.008040	-0.014998	-0.039997	-0.035346	-0.020388	-0.084972
-0.035022	-0.074865	-0.039843	0.054943	0.002411	-0.057354	0.028238	-0.014993	-0.039990	-0.035050	-0.019995	-0.085019
-0.040200	-0.075236	-0.035036	0.057718	-0.002582	-0.055136	0.026957	-0.014998	-0.039997	-0.034865	-0.019967	-0.084986
-0.044416	-0.074465	-0.030049	0.059440	-0.007183	-0.052257	0.024569	-0.015005	-0.040016	-0.034655	-0.019469	-0.085035
-0.029489	-0.080786	-0.051297	0.055138	0.010904	-0.066042	0.025304	-0.014999	-0.039997	-0.029522	-0.015365	-0.084994
-0.010316	-0.099144	-0.088828	0.054730	0.039256	-0.093986	0.019799	-0.014996	-0.039990	-0.030335	-0.015353	-0.084983
-0.009191	-0.090397	-0.081206	0.049794	0.036008	-0.085802	0.020629	-0.014999	-0.039997	-0.029388	-0.014794	-0.084994
-0.010152	-0.080055	-0.069902	0.045103	0.029875	-0.074979	0.019829	-0.015006	-0.040016	-0.031240	-0.016190	-0.085037
-0.009852	-0.074447	-0.064595	0.042150	0.027371	-0.069521	0.015527	-0.014999	-0.039997	-0.053403	-0.033833	-0.084993
-0.010178	-0.065228	-0.055050	0.037703	0.022436	-0.060139	0.014986	-0.014995	-0.039989	-0.051029	-0.030992	-0.084983
-0.009631	-0.054772	-0.045140	0.032202	0.017754	-0.049956	0.014566	-0.015008	-0.040006	-0.049651	-0.029659	-0.084995
-0.010995	-0.050385	-0.039391	0.030690	0.014198	-0.044888	0.010116	-0.014980	-0.039990	-0.050239	-0.030179	-0.085037
-0.008539	-0.043631	-0.035091	0.026085	0.013276	-0.039361	0.009485	-0.015030	-0.040029	-0.049308	-0.029909	-0.084988
-0.007010	-0.041436	-0.034426	0.024223	0.013708	-0.037931	0.010060	-0.014923	-0.039917	-0.045393	-0.030021	-0.085033
-0.037828	-0.073276	-0.035449	0.055552	-0.001190	-0.054362	0.004950	-0.015082	-0.040080	-0.044858	-0.030009	-0.084537
-0.041670	-0.076190	-0.034520	0.058930	-0.003575	-0.055355	0.004999	-0.014862	-0.039872	-0.045129	-0.029944	-0.080120
-0.038587	-0.074200	-0.035613	0.056393	-0.001487	-0.054906	0.005035	-0.015207	-0.040205	-0.044384	-0.030134	-0.079511
-0.041170	-0.075305	-0.034135	0.058237	-0.003517	-0.054720	-0.000079	-0.014620	-0.039614	-0.040329	-0.029731	-0.080157
-0.032592	-0.074802	-0.042210	0.053697	0.004809	-0.058506	0.000503	-0.015834	-0.040832	-0.039926	-0.030658	-0.079894
-0.038226	-0.075155	-0.036929	0.056691	-0.000649	-0.056042	-0.000121	-0.013769	-0.038778	-0.040016	-0.029413	-0.080126
-0.035168	-0.074915	-0.039747	0.055041	0.002290	-0.057331	-0.004529	-0.016309	-0.041307	-0.040065	-0.031126	-0.079371
0.040383	-0.075048	-0.115431	0.017333	0.077907	-0.095240	-0.005059	-0.043458	-0.068449	-0.039654	-0.053626	-0.075322
0.002972	-0.074963	-0.077935	0.035996	0.040454	-0.076449	-0.005053	-0.041241	-0.066239	-0.035610	-0.051232	-0.074890
-0.041351	-0.075055	-0.033704	0.058203	-0.003823	-0.054380	-0.004374	-0.039147	-0.064157	-0.034903	-0.049143	-0.075081
-0.044641	-0.074985	-0.030345	0.059813	-0.007148	-0.052665	-0.000028	-0.040304	-0.065303	-0.035140	-0.050308	-0.074951
-0.050681	-0.074978	-0.024297	0.062830	-0.013192	-0.049638	0.004911	-0.039835	-0.064829	-0.034577	-0.049826	-0.075032
-0.053824	-0.075000	-0.021176	0.064412	-0.016324	-0.048088	0.010384	-0.040117	-0.065115	-0.030705	-0.050117	-0.074530
-0.055862	-0.074996	-0.019134	0.065429	-0.018364	-0.047065	0.014879	-0.039969	-0.064956	-0.029767	-0.049973	-0.070100
-0.043294	-0.075577	-0.032283	0.059435	-0.005505	-0.053930	0.010396	-0.039493	-0.065056	-0.030363	-0.049489	-0.069528
-0.011734	-0.079667	-0.067932	0.045701	0.028099	-0.073800	0.004890	-0.035261	-0.064967	-0.029111	-0.045257	-0.070103
-0.018822	-0.080082	-0.061260	0.049452	0.021219	-0.070671	0.000225	-0.034977	-0.065018	-0.031082	-0.044973	-0.069957
-0.025365	-0.079990	-0.054625	0.052677	0.014630	-0.067307	0.000020	-0.034991	-0.065053	-0.048749	-0.044995	-0.069965
-0.029732	-0.080022	-0.050290	0.054877	0.010279	-0.065156	0.010343	-0.035066	-0.064415	-0.045677	-0.045066	-0.070669
-0.040287	-0.079971	-0.039684	0.060129	-0.000302	-0.059827	0.020015	-0.034837	-0.060297	-0.044477	-0.044834	-0.074497
-0.044366	-0.080008	-0.035642	0.062187	-0.004362	-0.057825	0.015302	-0.035475	-0.059914	-0.045165	-0.045474	-0.080252
-0.051386	-0.080032	-0.028646	0.065709	-0.011370	-0.054339	0.009960	-0.034925	-0.060057	-0.045003	-0.044929	-0.089399
-0.043172	-0.080000	-0.036828	0.061586	-0.003172	-0.058414	0.009625	-0.030466	-0.059985	-0.044358	-0.040465	-0.085253
-0.011602	-0.080003	-0.068401	0.045802	0.028400	-0.074202	0.005120	-0.029925	-0.059976	-0.040467	-0.039918	-0.084535
-0.013618	-0.079991	-0.066372	0.046805	0.026377	-0.073182	0.004975	-0.030041	-0.060030	-0.039551	-0.040041	-0.085298
-0.016721	-0.080058	-0.063337	0.048390	0.023308	-0.071698	0.000022	-0.029955	-0.059964	-0.041067	-0.039957	-0.084186
-0.018775	-0.079960	-0.061185	0.049367	0.021205	-0.070573	-0.005033	-0.030094	-0.060101	-0.038429	-0.040091	-0.080786
-0.021113	-0.080063	-0.058951	0.050588	0.018919	-0.069507	-0.005026	-0.029826	-0.059794	-0.041564	-0.039822	-0.079640
-0.023782	-0.079495	-0.055713	0.051639	0.015966	-0.067604	-0.009991	-0.030483	-0.060522	-0.073590	-0.040481	-0.080573
-0.021802	-0.074986	-0.053184	0.048394	0.015691	-0.064085	-0.009897	-0.029931	-0.059871	-0.071100	-0.039929	-0.079894
-0.022985	-0.070093	-0.047109	0.046539	0.012062	-0.058601	-0.005501	-0.025442	-0.055565	-0.069501	-0.035455	-0.075488
0.008269	-0.064860	-0.073129	0.028295	0.040699	-0.068995	-0.004944	-0.025011	-0.054747	-0.070551	-0.034946	-0.074914
0.011579	-0.060129	-0.071709	0.024275	0.041644	-0.065919	-0.005020	-0.024528	-0.055525	-0.064710	-0.034999	-0.075006
0.009547	-0.054950	-0.064498	0.022702	0.037022	-0.059724	-0.005033	-0.020128	-0.054877	-0.065191	-0.035049	-0.075057
0.009691	-0.055269	-0.064961	0.022789	0.037326	-0.060115	-0.004423	-0.019486	-0.050548	-0.064950	-0.034413	-0.074416
0.000379	-0.059202	-0.059582	0.029411	0.029981	-0.059392	-0.000318	-0.020063	-0.049770	-0.060009	-0.030305	-0.070294
-0.006007	-0.060688	-0.054681	0.033347	0.024337	-0.057684	0.000079	-0.014956	-0.050487	-0.060473	-0.029918	-0.069903
-0.024632	-0.079151	-0.054518	0.051892	0.014943	-0.066835	-0.000034	-0.015006	-0.049932	-0.059942	-0.030044	-0.070107
-0.004502	-0.069911	-0.065410	0.037207	0.030454	-0.067661	0.000017	-0.015045	-0.045454	-0.055446	-0.029981	-0.069377
0.023208	-0.060824	-0.084032	0.018808	0.053620	-0.072428	-0.000037	-0.009929	-0.044939	-0.054991	-0.030030	-0.065329
0.027943	-0.048141	-0.076084	0.010099	0.052013	-0.062113	0.000430	-0.010518	-0.044999	-0.054526	-0.029568	-0.064875
0.026206	-0.043042	-0.069248	0.008418	0.047727	-0.056145	0.004967	-0.009877	-0.045050	-0.050143	-0.025046	-0.065110
-0.036420	-0.101646	-0.065226	0.069033	0.014403	-0.083436	0.005397	-0.005479	-0.044398	-0.049447	-0.024589	-0.064932
-0.042156	-0.102039	-0.059883	0.072098	0.008863	-0.080961	0.004998	-0.004962	-0.040310	-0.050080	-0.025004	-0.064903
-0.039281	-0.094283	-0.055002	0.066782	0.007860	-0.074642	0.004621	-0.004582	-0.039876	-0.044875	-0.025351	-0.060031
-0.045024	-0.095653	-0.050629	0.070338	0.002802	-0.073141	0.005024	-0.000030	-0.040124	-0.045113	-0.025018	-0.059975
-0.040038	-0.090001	-0.049963	0.065019	0.004962	-0.069982	0.009594	0.000389	-0.039334	-0.044878	-0.020358	-0.060075
-0.040212	-0.090193	-0.049981	0.065203	0.004884	-0.070087	0.010015	0.000173	-0.035388	-0.040174	-0.020042	-0.054902
-0.034340	-0.084365	-0.050024	0.059353	0.007842	-0.067195	0.010038	0.004495	-0.034778	-0.039885	-0.019860	-0.055524
-0.030272	-0.080255	-0.049984	0.055263	0.009856	-0.065120	0.009958	0.005018	-0.035288	-0.040212	-0.020244	-0.054899
-0.029382	-0.079430	-0.050047	0.054406	0.010333	-0.064739	0.010095	0.005005	-0.033962	-0.039518	-0.018980	-0.050466
-0.025460	-0.075362	-0.049903	0.050411	0.012221	-0.062632	0.009692	0.004887	-0.036003	-0.045951	-0.020998	-0.049986
-0.024307	-0.074482	-0.050175	0.049395	0.012934	-0.062329	0.005575	0.000061	-0.053924	-0.068474	-0.038866	-0.049534
-0.020763	-0.070139	-0.049376	0.045451	0.014306	-0.059758	0.004982	-0.000056	-0.050570	-0.065552	-0.036239	-0.045132
-0.019808	-0.069496	-0.049688	0.044652	0.014940	-0.059592	0.004979	0.000075	-0.044940	-0.059419	-0.034333	-0.044483
-0.020299	-0.070193	-0.049894	0.045246	0.014797	-0.060043	0.005070	-0.005069	-0.044867	-0.055312	-0.035005	-0.045056
-0.024782	-0.069839	-0.045056	0.047310	0.010137	-0.057447	0.004501	-0.004509	-0.040441	-0.054879	-0.030385	-0.039951
-0.030629	-0.070570	-0.039940	0.050600	0.004655	-0.055255	0.000136	-0.005081	-0.039909	-0.050067	-0.030137	-0.040016
-0.034943	-0.070079	-0.035135	0.052511	0.000096	-0.052607	-0.000571	-0.009602	-0.035540	-0.045022	-0.029890	-0.040043
-0.030566	-0.060322	-0.029755	0.045444	-0.000406	-0.045038	0.000310	-0.009925	-0.029844	-0.044839	-0.029970	-0.034924
-0.029896	-0.055334	-0.025437	0.042615	-0.002229	-0.040386	-0.000559	-0.010447	-0.030232	-0.040147	-0.024983	-0.035511
-0.031029	-0.050024	-0.018995	0.040527	-0.006017	-0.034510	0.000106	-0.009966	-0.024487	-0.034489	-0.025032	-0.034900
-0.008222	-0.040401	-0.032179	0.024312	0.011978	-0.036290	0.004532	-0.005400	-0.025630	-0.036282	-0.024976	-0.030460
0.038287	-0.035002	-0.073289	-0.001642	0.055788	-0.054146	0.005165	-0.005096	-0.048870	-0.054193	-0.020083	-0.029993
0.000392	-0.029964	-0.030356	0.014786	0.015374	-0.030160	0.009931	-0.004392	-0.045590	-0.050509	-0.020038	-0.029535
-0.039346	-0.025041	0.014305	0.032193	-0.026825	-0.005368	0.010058	-0.000687	-0.039807	-0.044863	-0.020006	-0.025124
-0.026051	-0.020471	0.005581	0.023261	-0.015816	-0.007445	0.009935	0.000074	-0.039804	-0.044703	-0.019434	-0.024484
-0.019233	-0.019865	-0.000631	0.019549	-0.009301	-0.010248	0.015061	-0.000060	-0.034642	-0.040045	-0.015317	-0.025061
-0.005317	-0.014571	-0.009254	0.009944	0.001969	-0.011913	0.014528	0.000438	-0.029955	-0.040053	-0.014890	-0.019952
0.004903	-0.010494	-0.015397	0.002796	0.010150	-0.012945	0.015065	0.004959	-0.029337	-0.034957	-0.015123	-0.020008
0.014939	-0.009240	-0.024180	-0.002850	0.019560	-0.016710	0.019658	0.005392	-0.025704	-0.030079	-0.014319	-0.020045
0.040526	0.009965	-0.030560	-0.025246	0.035543	-0.010298	0.019781	0.005167	-0.024528	-0.029795	-0.010493	-0.014928
0.023259	0.025094	0.001835	-0.024176	0.010712	0.013464	0.019857	0.009490	-0.020754	-0.025553	-0.009249	-0.015518
-0.006452	0.019724	0.026177	-0.006636	-0.016314	0.022950	0.024484	0.010030	-0.019202	-0.024389	-0.005820	-0.014879
-0.004249	0.014719	0.018967	-0.005235	-0.011608	0.016843	0.025029	0.009944	-0.015768	-0.020549	-0.004240	-0.010484
-0.056757	0.009724	0.066481	0.023516	-0.061619	0.038103	0.024750	0.010322	-0.014479	-0.019791	-0.000520	-0.009967
-0.041821	0.005103	0.046924	0.018359	-0.044373	0.026014	0.015053	0.014405	-0.010794	-0.015091	0.000760	-0.009584
0.011262	0.030073	0.018810	-0.020667	-0.003774	0.024442	0.010008	0.015083	-0.009164	-0.014934	0.004175	-0.005047
0.049110	0.054756	0.005646	-0.051933	0.021732	0.030201	0.004985	0.014933	-0.005794	-0.015066	0.005769	-0.004598
0.060626	0.050489	-0.010137	-0.055557	0.035382	0.020176	-0.004905	0.014978	-0.004457	-0.010008	0.009482	-0.004876
0.069451	0.044821	-0.024630	-0.057136	0.047041	0.010096	-0.009978	0.009528	-0.000817	-0.009760	0.010719	-0.000460
0.080458	0.040198	-0.040260	-0.060328	0.060359	-0.000031	-0.015022	0.005110	0.000935	-0.004749	0.014836	-0.000068
0.069460	0.034722	-0.034739	-0.052091	0.052099	-0.000008	-0.020043	0.004490	0.003423	-0.005661	0.020193	0.000093
0.060945	0.030787	-0.030158	-0.045866	0.045552	0.000314	-0.024933	0.000109	0.006165	-0.003827	0.024730	0.000013
0.059013	0.028617	-0.030396	-0.043815	0.044705	-0.000890	-0.030410	-0.005008	0.029361	0.018777	0.030678	0.005475
0.046353	0.021450	-0.024903	-0.033901	0.035628	-0.001726	-0.034900	-0.004299	0.030644	0.021248	0.034267	0.009904
0.084416	0.060234	-0.024182	-0.072325	0.054299	0.018026	-0.030414	0.004491	0.030418	0.019128	0.036254	0.010505
0.119556	0.099560	-0.019997	-0.109558	0.069777	0.039782	-0.024882	0.010172	0.044508	0.015601	0.049254	0.014918
0.100585	0.085996	-0.014589	-0.093290	0.057587	0.035703	-0.020490	0.019996	0.035786	0.014224	0.045959	0.019946
0.084536	0.069388	-0.015148	-0.076962	0.049842	0.027120	-0.019957	0.024242	0.029945	0.010852	0.039829	0.019988
0.065360	0.055139	-0.010222	-0.060249	0.037791	0.022458	-0.015381	0.020652	0.025050	0.009253	0.035138	0.014885
0.050019	0.040296	-0.009723	-0.045157	0.029871	0.015286	-0.010186	0.019586	0.015086	0.005529	0.029892	0.010359
0.054655	0.035181	-0.019474	-0.044918	0.037064	0.007853	-0.009424	0.015729	0.010103	0.004368	0.025555	0.009437
0.059195	0.029356	-0.029839	-0.044276	0.044517	-0.000241	-0.005120	0.014235	0.004901	0.000095	0.024856	0.005568
0.065807	0.025378	-0.040429	-0.045592	0.053118	-0.007526	0.000282	0.010749	0.000658	-0.005020	0.020567	0.005236
0.064076	0.019532	-0.044544	-0.041804	0.054310	-0.012506	0.000008	0.009557	-0.000430	-0.009972	0.014904	0.000075
0.020539	-0.019331	-0.039870	-0.000604	0.030204	-0.029601	-0.004519	0.005732	-0.004337	-0.014987	0.015120	-0.005309
-0.015144	-0.054566	-0.039423	0.034855	0.012139	-0.046994	-0.004992	0.004270	-0.005668	-0.019985	0.009921	-0.005421
-0.014267	-0.049909	-0.035642	0.032088	0.010687	-0.042776	-0.004947	0.000657	-0.009456	-0.025580	0.005099	-0.009558
-0.010951	-0.045538	-0.034587	0.028244	0.011818	-0.040062	-0.005270	-0.000440	-0.010487	-0.034578	0.004662	-0.010412
-0.007906	-0.038597	-0.030691	0.023251	0.011393	-0.034644	-0.009428	-0.009862	-0.029803	-0.039886	-0.004948	-0.029953
-0.007693	-0.036973	-0.029279	0.022333	0.010793	-0.033126	-0.010023	-0.015075	-0.045080	-0.060603	-0.015055	-0.050032
-0.047208	-0.072852	-0.025644	0.060030	-0.010782	-0.049248	-0.010004	-0.019964	-0.039953	-0.084244	-0.024929	-0.054682
-0.047146	-0.071991	-0.024845	0.059569	-0.011151	-0.048418	-0.009945	-0.029968	-0.039751	-0.080878	-0.035110	-0.055096
-0.043614	-0.068681	-0.025066	0.056148	-0.009274	-0.046874	-0.010457	-0.034904	-0.040186	-0.079338	-0.040227	-0.055363
-0.041233	-0.066196	-0.024964	0.053714	-0.008134	-0.045580	-0.014921	-0.040149	-0.039251	-0.075224	-0.039960	-0.060042
-0.038964	-0.063984	-0.025020	0.051474	-0.006972	-0.044502	-0.015489	-0.044342	-0.035747	-0.074528	-0.039993	-0.060368
-0.035751	-0.060720	-0.024969	0.048235	-0.005391	-0.042844	-0.014782	-0.045304	-0.034691	-0.074961	-0.040138	-0.060185
-0.033976	-0.058982	-0.025006	0.046479	-0.004485	-0.041994	-0.015552	-0.044469	-0.035564	-0.070446	-0.039550	-0.064484
-0.031103	-0.056105	-0.025001	0.043604	-0.003051	-0.040553	-0.019864	-0.045139	-0.034887	-0.069587	-0.040096	-0.065049
-0.028891	-0.053882	-0.024991	0.041387	-0.001950	-0.039436	-0.020535	-0.049553	-0.030492	-0.064717	-0.044554	-0.064953
-0.026033	-0.051026	-0.024992	0.038530	-0.000521	-0.038009	-0.019813	-0.050066	-0.029924	-0.064980	-0.045056	-0.065225
-0.023137	-0.048078	-0.024941	0.035607	0.000902	-0.036510	-0.020147	-0.050062	-0.030016	-0.065290	-0.044990	-0.069431
-0.027308	-0.052380	-0.025071	0.039844	-0.001118	-0.038726	-0.019929	-0.049980	-0.030019	-0.060439	-0.045055	-0.069989
-0.047100	-0.072018	-0.024918	0.059559	-0.011091	-0.048468	-0.020110	-0.050691	-0.029497	-0.059643	-0.044951	-0.070059
-0.042612	-0.067759	-0.025147	0.055185	-0.008732	-0.046453	-0.019981	-0.054767	-0.025304	-0.054997	-0.045302	-0.069878
-0.068049	-0.092894	-0.024844	0.080472	-0.021603	-0.058869	-0.020128	-0.055310	-0.025141	-0.055717	-0.049547	-0.070166
-0.066306	-0.091592	-0.025286	0.078949	-0.020510	-0.058439	-0.019883	-0.054891	-0.024946	-0.054672	-0.049983	-0.070001
-0.064721	-0.089224	-0.024503	0.076973	-0.020109	-0.056864	-0.020836	-0.056037	-0.024810	-0.051088	-0.050247	-0.074787
-0.064622	-0.091000	-0.026378	0.077811	-0.019122	-0.058689	-0.019478	-0.054290	-0.020069	-0.048981	-0.049862	-0.079639
-0.046360	-0.084454	-0.038093	0.065407	-0.004133	-0.061274	-0.000029	-0.030891	-0.021096	-0.052182	-0.051099	-0.090679
-0.039149	-0.086181	-0.047032	0.062665	0.003942	-0.066607	0.015461	-0.009344	-0.019003	-0.072858	-0.049653	-0.134683
-0.010904	-0.083466	-0.072562	0.047185	0.030829	-0.078014	0.030257	0.034760	-0.021853	-0.077404	-0.031246	-0.154605
-0.026053	-0.062013	-0.035960	0.044033	0.004954	-0.048986	0.044948	0.079791	-0.018115	-0.073227	-0.009381	-0.146510
-0.038106	-0.038339	-0.000232	0.038223	-0.018937	-0.019285	0.070915	0.131060	0.057855	-0.006876	0.008435	-0.138991
0.001578	0.022832	0.021254	-0.012205	-0.009838	0.022043	0.094126	0.224616	0.136301	0.061006	0.026571	-0.091078
0.048498	0.087218	0.038720	-0.067858	0.004889	0.062969	0.096575	0.300467	0.229711	0.140938	0.093913	-0.039425
0.130834	0.138150	0.007316	-0.134492	0.061759	0.072733	0.093458	0.361604	0.330951	0.234471	0.160599	0.009479
0.179692	0.151895	-0.027797	-0.165794	0.103745	0.062049	0.047491	0.379208	0.400092	0.301189	0.219708	0.059678
0.275993	0.188464	-0.087530	-0.232228	0.181761	0.050467	-0.001270	0.322302	0.452053	0.384149	0.299620	0.125283
0.394877	0.257006	-0.137872	-0.325942	0.266374	0.059567	-0.083675	0.264713	0.494067	0.470850	0.405768	0.215182
0.521323	0.318227	-0.203096	-0.419775	0.362209	0.057566	-0.175167	0.145492	0.471796	0.514208	0.493901	0.304631
0.558767	0.348123	-0.210644	-0.453445	0.384705	0.068740	-0.239537	0.007394	0.444865	0.517574	0.542231	0.365589
0.583249	0.368034	-0.215215	-0.475641	0.399232	0.076409	-0.321088	-0.168375	0.380293	0.514192	0.567669	0.420356
0.524779	0.306874	-0.217904	-0.415827	0.371341	0.044485	-0.413316	-0.430093	0.194490	0.410968	0.496769	0.449757
0.463867	0.239887	-0.223980	-0.351877	0.343924	0.007953	-0.502324	-0.700840	-0.090023	0.189210	0.419221	0.436395
0.419749	0.230718	-0.189031	-0.325233	0.304390	0.020844	-0.572400	-1.065730	-0.323772	0.007480	0.365486	0.418956
0.236413	0.219073	-0.017340	-0.227743	0.126877	0.100866	-0.578637	-1.308879	-0.431008	-0.062863	0.309932	0.406312
0.115520	0.171045	0.055525	-0.143283	0.029997	0.113285	-0.597543	-1.368150	-0.489494	-0.122450	0.250680	0.393703
0.018649	0.124346	0.105697	-0.071498	-0.043524	0.115022	-0.582692	-1.324404	-0.557428	-0.203356	0.194357	0.331478
-0.018183	0.070496	0.088679	-0.026156	-0.053431	0.079588	-0.558408	-1.266696	-0.617423	-0.296830	0.114929	0.269541
-0.038452	0.019824	0.058276	0.009314	-0.048364	0.039050	-0.522381	-1.138738	-0.598239	-0.314099	0.040692	0.220026
-0.041167	-0.004889	0.036278	0.023028	-0.038723	0.015694	-0.484038	-1.018883	-0.568186	-0.327050	0.004459	0.174770
-0.040171	-0.025855	0.014316	0.033013	-0.027243	-0.005770	-0.426007	-0.885883	-0.497176	-0.307491	-0.024917	0.139851
-0.044002	-0.049572	-0.005571	0.046787	-0.019215	-0.027572	-0.369524	-0.725194	-0.424436	-0.283331	-0.034854	0.110511
-0.042245	-0.066174	-0.023929	0.054210	-0.009158	-0.045052	-0.320335	-0.605571	-0.360274	-0.251386	-0.040221	0.084957
-0.073544	-0.083716	-0.010172	0.078630	-0.031686	-0.046944	-0.270097	-0.504882	-0.294680	-0.219231	-0.043606	0.059418
-0.076246	-0.076013	0.000234	0.076130	-0.038240	-0.037889	-0.214827	-0.405287	-0.239855	-0.190327	-0.041630	0.029816
-0.079112	-0.064716	0.014396	0.071914	-0.046754	-0.025160	-0.160782	-0.324263	-0.190377	-0.159601	-0.063377	0.005268
-0.080287	-0.055266	0.025021	0.067777	-0.052654	-0.015123	-0.124506	-0.250989	-0.160052	-0.140464	-0.061384	-0.004949
-0.065643	-0.044914	0.020730	0.055278	-0.043186	-0.012092	-0.089987	-0.178996	-0.134672	-0.124222	-0.058701	-0.009962
-0.054678	-0.035000	0.019678	0.044839	-0.037178	-0.007661	-0.054487	-0.115682	-0.094665	-0.105333	-0.055803	-0.015493
-0.040412	-0.024937	0.015474	0.032674	-0.027943	-0.004732	-0.025088	-0.083413	-0.060101	-0.089892	-0.054113	-0.024333
-0.050104	-0.035148	0.014956	0.042626	-0.032530	-0.010096	-0.019518	-0.055963	-0.049586	-0.080108	-0.050951	-0.030291
-0.064725	-0.054316	0.010409	0.059520	-0.037567	-0.021953	-0.015463	-0.043692	-0.045028	-0.074966	-0.049169	-0.034163
-0.060169	-0.050974	0.009194	0.055572	-0.034682	-0.020890	-0.009629	-0.035091	-0.039495	-0.069869	-0.045568	-0.035826
-0.055028	-0.049083	0.005944	0.052055	-0.030486	-0.021569	-0.005060	-0.024703	-0.030521	-0.064978	-0.044203	-0.034233
-0.049999	-0.045909	0.004090	0.047954	-0.027044	-0.020910	0.000120	-0.015008	-0.024941	-0.059994	-0.040857	-0.036364
-0.045009	-0.044182	0.000827	0.044596	-0.022918	-0.021678	0.004991	-0.004903	-0.019917	-0.054941	-0.039220	-0.058351
-0.039982	-0.040527	-0.000545	0.040254	-0.019719	-0.020536	0.010150	0.005188	-0.015112	-0.050125	-0.035483	-0.056086
-0.034959	-0.039192	-0.004233	0.037075	-0.015363	-0.021712	0.014528	0.010230	-0.014960	-0.049976	-0.034257	-0.054635
-0.030054	-0.035852	-0.005798	0.032953	-0.012128	-0.020825	0.015144	0.010627	-0.014952	-0.049967	-0.030764	-0.055227
-0.024908	-0.034211	-0.009303	0.029560	-0.007803	-0.021757	0.019484	0.014383	-0.015080	-0.050066	-0.029325	-0.054883
-0.020135	-0.030510	-0.010375	0.025323	-0.004880	-0.020442	0.025202	0.015451	-0.014648	-0.049816	-0.025278	-0.055083
-0.014320	-0.029208	-0.014888	0.021764	0.000284	-0.022048	0.025259	0.019299	-0.010609	-0.050467	-0.024963	-0.054944
-0.005719	-0.025816	-0.020096	0.015767	0.007189	-0.022956	0.019953	0.020773	-0.009912	-0.049936	-0.024924	-0.055064
0.000188	-0.024256	-0.024443	0.012034	0.012316	-0.024350	0.020725	0.024323	-0.010092	-0.045445	-0.025182	-0.054978
0.004685	-0.020264	-0.024949	0.007790	0.014817	-0.022607	0.029527	0.025372	-0.009825	-0.044939	-0.024522	-0.055012
0.000734	-0.019577	-0.020312	0.009421	0.010523	-0.019944	0.030098	0.029711	-0.010480	-0.045001	-0.025333	-0.054992
-0.015658	-0.036358	-0.020700	0.026008	0.002521	-0.028529	0.029979	0.030022	-0.009918	-0.045018	-0.029521	-0.055022
-0.038825	-0.059078	-0.020253	0.048952	-0.009286	-0.039666	0.030023	0.020134	-0.005456	-0.044989	-0.030913	-0.054996
-0.035675	-0.055870	-0.020195	0.045772	-0.007740	-0.038033	0.029990	0.015280	-0.004950	-0.045039	-0.048932	-0.054987
-0.034542	-0.054749	-0.020207	0.044645	-0.007168	-0.037478	0.029990	0.034553	-0.005000	-0.044540	-0.045634	-0.054996
-0.039607	-0.055128	-0.015521	0.047368	-0.012043	-0.035325	0.030024	0.049937	-0.005033	-0.040102	-0.039797	-0.055022
-0.039981	-0.055014	-0.015033	0.047497	-0.012474	-0.035024	0.029966	0.050282	-0.004416	-0.039514	-0.039753	-0.054996
-0.039808	-0.054745	-0.014937	0.047276	-0.012435	-0.034841	0.030032	0.049967	-0.000310	-0.040157	-0.035028	-0.054987
-0.035495	-0.050566	-0.015071	0.043031	-0.010212	-0.032819	0.029926	0.050009	0.000088	-0.039903	-0.035075	-0.054996
-0.035069	-0.050007	-0.014938	0.042538	-0.010066	-0.032473	0.030112	0.050023	-0.000039	-0.040076	-0.029940	-0.055022
-0.035452	-0.050018	-0.014566	0.042735	-0.010443	-0.032292	0.029826	0.050004	0.000028	-0.039953	-0.025100	-0.054996
-0.040015	-0.050035	-0.010020	0.045025	-0.014997	-0.030028	0.030302	0.049996	-0.000010	-0.040062	-0.024769	-0.054987
-0.040293	-0.049639	-0.009347	0.044966	-0.015473	-0.029493	0.028991	0.050004	0.000012	-0.039529	-0.020581	-0.054996
-0.034845	-0.044374	-0.009529	0.039609	-0.012658	-0.026951	0.031322	0.050023	-0.000006	-0.035102	-0.019343	-0.055022
-0.030628	-0.040208	-0.009581	0.035418	-0.010523	-0.024895	0.049332	0.050004	0.000006	-0.034520	-0.015578	-0.054996
-0.029807	-0.039696	-0.009889	0.034752	-0.009959	-0.024793	0.050734	0.049981	-0.000000	-0.035146	-0.014881	-0.054987
-0.030085	-0.035526	-0.005441	0.032806	-0.012322	-0.020483	0.049707	0.049995	0.000003	-0.034930	-0.015035	-0.054996
-0.029746	-0.034814	-0.005068	0.032280	-0.012339	-0.019941	0.050188	0.050012	0.000000	-0.035031	-0.015010	-0.055022
-0.025697	-0.030604	-0.004907	0.028150	-0.010395	-0.017755	0.049899	0.050005	0.000000	-0.035046	-0.014429	-0.054996
-0.019608	-0.024716	-0.005108	0.022162	-0.007250	-0.014912	0.050067	0.049964	0.000000	-0.034704	-0.010290	-0.054987
-0.020766	-0.025379	-0.004613	0.023072	-0.008076	-0.014996	0.049955	0.050022	0.000000	-0.030564	-0.009927	-0.054996
-0.013936	-0.018820	-0.004884	0.016378	-0.004526	-0.011852	0.050054	0.049975	0.000000	-0.029988	-0.010031	-0.055022
-0.011410	-0.021835	-0.010425	0.016623	-0.000493	-0.016130	0.049985	0.050049	0.000000	-0.029996	-0.009984	-0.054996
-0.048682	-0.058627	-0.009945	0.053654	-0.019369	-0.034286	0.050009	0.050021	0.000000	-0.029994	-0.010035	-0.054987
-0.055381	-0.066312	-0.010931	0.060847	-0.022225	-0.038622	0.049995	0.055428	0.000000	-0.029992	-0.009570	-0.054996
-0.049699	-0.064669	-0.014970	0.057184	-0.017365	-0.039819	0.050020	0.059975	-0.000001	-0.030045	-0.005037	-0.055023
-0.050322	-0.065201	-0.014879	0.057761	-0.017721	-0.040040	0.049996	0.059896	-0.000001	-0.029415	-0.004600	-0.054996
-0.049823	-0.064869	-0.015046	0.057346	-0.017389	-0.039957	0.049983	0.060046	-0.000008	-0.025312	-0.004986	-0.054994
-0.049728	-0.065102	-0.015374	0.057415	-0.017177	-0.040238	0.049998	0.059941	-0.000001	-0.024910	-0.005388	-0.054997
-0.044936	-0.064936	-0.020000	0.054936	-0.012468	-0.042468	0.050013	0.060050	-0.000005	-0.025055	-0.004955	-0.055027
-0.045276	-0.065654	-0.020377	0.055465	-0.012450	-0.043016	0.050006	0.059966	-0.000002	-0.024973	-0.000439	-0.054998
-0.049513	-0.069667	-0.020154	0.059590	-0.014680	-0.044911	0.049948	0.060016	-0.000010	-0.025018	0.000070	-0.054996
-0.045643	-0.070157	-0.024514	0.057900	-0.010564	-0.047335	0.050036	0.059702	0.000003	-0.024983	-0.000042	-0.054993
-0.044976	-0.069959	-0.024983	0.057467	-0.009997	-0.047471	0.049942	0.059959	-0.000042	-0.025058	0.000076	-0.055064
-0.045071	-0.070098	-0.025027	0.057585	-0.010022	-0.047562	0.050112	0.069984	0.000596	-0.024396	-0.000101	-0.054400
-0.044730	-0.069887	-0.025158	0.057308	-0.009786	-0.047522	0.049759	0.074805	0.004613	-0.020381	0.000000	-0.050373
-0.040592	-0.070416	-0.029824	0.055504	-0.005384	-0.050120	0.050743	0.075132	0.005564	-0.019431	-0.009969	-0.049432
-0.039235	-0.069900	-0.030665	0.054567	-0.004285	-0.050283	0.054131	0.085080	0.009838	-0.015170	-0.020097	-0.045184
-0.030568	-0.060392	-0.029824	0.045480	-0.000372	-0.045108	0.055429	0.090469	0.010543	-0.014460	-0.014967	-0.044454
-0.019946	-0.049906	-0.029960	0.034926	0.005007	-0.039933	0.054107	0.094505	0.009888	-0.015083	-0.014925	-0.045087
-0.014956	-0.040023	-0.025067	0.027489	0.005056	-0.032545	0.056076	0.095734	0.015083	-0.009945	-0.015441	-0.039929
-0.005502	-0.030035	-0.024533	0.017769	0.009515	-0.027284	0.073787	0.099213	0.014943	-0.010017	-0.009870	-0.040054
0.004533	-0.019898	-0.024431	0.007682	0.014482	-0.022165	0.070650	0.100768	0.015044	-0.010036	-0.009724	-0.040001
0.010177	-0.010295	-0.020472	0.000059	0.015324	-0.015384	0.069660	0.104434	0.019932	-0.004956	-0.009793	-0.035007
0.014664	-0.004726	-0.019390	-0.004969	0.017027	-0.012058	0.070562	0.105737	0.019664	-0.005497	-0.005580	-0.035415
0.015001	-0.005052	-0.020053	-0.004975	0.017527	-0.012552	0.064798	0.109783	0.019799	-0.004932	-0.004973	-0.035097
-0.000046	-0.020025	-0.019979	0.010035	0.009967	-0.020002	0.064757	0.115345	0.025607	-0.000421	-0.005081	-0.029601
-0.014487	-0.029565	-0.015078	0.022026	0.000295	-0.022322	0.064729	0.118950	0.024363	-0.000106	-0.004785	-0.030113
-0.005133	-0.020179	-0.015046	0.012656	0.004957	-0.017613	0.060537	0.121061	0.025956	0.000557	-0.000128	-0.029826
0.000582	-0.014408	-0.014990	0.006913	0.007786	-0.014699	0.060006	0.144374	0.043811	0.004906	0.005115	-0.019982
0.004291	-0.010164	-0.014455	0.002936	0.009373	-0.012310	0.059989	0.150121	0.040636	0.010085	0.009773	-0.014576
0.005405	-0.004864	-0.010269	-0.000270	0.007837	-0.007567	0.059844	0.150027	0.039357	0.014778	0.015433	-0.010028
0.009345	-0.000658	-0.010004	-0.004344	0.009674	-0.005331	0.054828	0.169583	0.034953	0.020513	0.019450	0.000015
0.015029	0.005677	-0.009351	-0.010353	0.012190	-0.001837	0.055093	0.169597	0.035685	0.024606	0.020215	0.004998
0.046052	0.040450	-0.005602	-0.043251	0.025827	0.017424	0.075633	0.171339	0.059973	0.030780	0.044430	0.009962
0.079074	0.074206	-0.004869	-0.076640	0.041971	0.034669	0.099253	0.213478	0.084860	0.059414	0.070208	0.020117
0.076414	0.071307	-0.005107	-0.073861	0.040761	0.033100	0.096020	0.220805	0.090122	0.065466	0.074541	0.025097
0.073637	0.069286	-0.004352	-0.071462	0.038995	0.032467	0.094250	0.219777	0.090103	0.065598	0.075256	0.020034
0.065644	0.065663	0.000019	-0.065654	0.032812	0.032841	0.095317	0.220049	0.089168	0.069084	0.078653	0.015315
0.064101	0.064589	0.000488	-0.064345	0.031807	0.032538	0.094569	0.219871	0.090569	0.071105	0.080848	0.024704
0.061214	0.060605	-0.000610	-0.060909	0.030912	0.029998	0.090661	0.235070	0.109233	0.099071	0.104169	0.035016
0.059307	0.059412	0.000105	-0.059360	0.029601	0.029759	0.089963	0.240358	0.115143	0.105424	0.115584	0.045053
0.050268	0.055417	0.005149	-0.052842	0.022560	0.030283	0.090040	0.240672	0.115217	0.109636	0.119885	0.054854
0.049686	0.055254	0.005569	-0.052470	0.022059	0.030411	0.090024	0.244235	0.129468	0.114561	0.124898	0.065382
0.039944	0.049187	0.009243	-0.044565	0.015350	0.029215	0.089568	0.245600	0.130279	0.115375	0.130534	0.074359
0.040025	0.050754	0.010730	-0.045389	0.014648	0.030742	0.085105	0.253890	0.129496	0.123999	0.134003	0.075253
0.101045	0.115422	0.014377	-0.108234	0.043334	0.064900	0.084525	0.261276	0.150064	0.131553	0.136407	0.094741
0.158652	0.173908	0.015256	-0.166280	0.071698	0.094582	0.085171	0.279121	0.179345	0.158783	0.164247	0.124665
0.141476	0.161120	0.019645	-0.151298	0.060915	0.090383	0.084491	0.275553	0.185328	0.165507	0.170575	0.129709
0.129444	0.149181	0.019737	-0.139313	0.054854	0.084459	0.080109	0.269362	0.184975	0.164932	0.170677	0.130184
0.115100	0.140997	0.025897	-0.128049	0.044601	0.083447	0.079586	0.265163	0.185044	0.164938	0.179313	0.134350
0.105537	0.129230	0.023693	-0.117384	0.040922	0.076461	0.079988	0.260175	0.185017	0.165484	0.185674	0.135799
0.119109	0.121219	0.002110	-0.120164	0.058500	0.061664	0.080401	0.259444	0.184926	0.168674	0.188781	0.143469
0.068654	0.108095	0.039441	-0.088374	0.014607	0.073768	0.079968	0.255208	0.185244	0.176282	0.191920	0.151328
0.042861	0.117757	0.074895	-0.080309	-0.016017	0.096326	0.075501	0.249835	0.184733	0.203708	0.218085	0.173535
0.122632	0.192710	0.070078	-0.157671	0.026277	0.131394	0.074645	0.245328	0.185608	0.200887	0.210951	0.165928
0.116108	0.180416	0.064308	-0.148262	0.025900	0.122362	0.070621	0.239103	0.184379	0.194395	0.199141	0.154150
0.106893	0.166971	0.060078	-0.136932	0.023408	0.113525	0.069364	0.241276	0.186245	0.194834	0.216222	0.171152
0.157191	0.212764	0.055573	-0.184977	0.050809	0.134168	0.065561	0.259121	0.208677	0.190337	0.238450	0.194064
0.146747	0.201473	0.054726	-0.174110	0.046010	0.128100	0.064786	0.245757	0.200952	0.190023	0.231212	0.190794
0.139157	0.189230	0.050074	-0.164193	0.044542	0.119652	0.060048	0.229380	0.189239	0.184503	0.224034	0.184697
0.135360	0.180387	0.045027	-0.157873	0.045167	0.112707	0.060024	0.220306	0.185454	0.180271	0.216042	0.180341
0.125318	0.165277	0.039959	-0.145297	0.042679	0.102618	0.059946	0.205323	0.175115	0.179390	0.209216	0.174759
0.119826	0.155132	0.035305	-0.137479	0.042261	0.095218	0.055185	0.190036	0.165501	0.175657	0.200534	0.170656
0.110548	0.144950	0.034402	-0.127749	0.038073	0.089676	0.054429	0.179976	0.159754	0.174088	0.194163	0.169478
0.104534	0.135142	0.030608	-0.119838	0.036963	0.082875	0.050686	0.165124	0.145025	0.155665	0.180862	0.155657
0.095432	0.124953	0.029520	-0.110192	0.032956	0.077236	0.049366	0.149901	0.134658	0.138955	0.164698	0.139860
0.090042	0.115014	0.024972	-0.102528	0.032535	0.069993	0.045335	0.140052	0.124802	0.120221	0.150277	0.125301
0.079345	0.105020	0.025675	-0.092182	0.026835	0.065348	0.044471	0.124462	0.110516	0.104593	0.134439	0.114509
0.070849	0.095014	0.024165	-0.082931	0.023342	0.059590	0.040104	0.110141	0.100040	0.095255	0.120191	0.100121
0.064121	0.084476	0.020355	-0.074298	0.021883	0.052416	0.039566	0.100023	0.089960	0.084848	0.109432	0.089571
0.050750	0.070124	0.019374	-0.060437	0.015688	0.044749	0.039859	0.089864	0.079937	0.075043	0.095278	0.079856
0.043879	0.060353	0.016474	-0.052116	0.013703	0.038413	0.035465	0.080452	0.070419	0.064953	0.084464	0.065484
0.036839	0.050016	0.013178	-0.043427	0.011830	0.031597	0.035047	0.074939	0.064965	0.055017	0.070108	0.055055
0.017829	0.035341	0.017512	-0.026585	0.000158	0.026427	0.034953	0.065402	0.055389	0.044973	0.060006	0.044943
-0.032695	0.025053	0.057749	0.003821	-0.045222	0.041401	0.035013	0.055009	0.045028	0.035032	0.055013	0.035009
-0.032461	0.014989	0.047450	0.008736	-0.039956	0.031220	0.034978	0.050005	0.039999	0.030374	0.049929	0.024996
-0.018676	0.010175	0.028851	0.004251	-0.023763	0.019513	0.035022	0.045023	0.035024	0.024994	0.045036	0.015008
-0.005518	0.009334	0.014852	-0.001908	-0.010185	0.012093	0.034989	0.039911	0.029910	0.015323	0.039956	0.004978
0.005976	0.005499	-0.000476	-0.005737	0.003226	0.002511	0.034994	0.035124	0.025128	0.010101	0.034967	-0.004972
0.008712	0.004105	-0.004607	-0.006409	0.006660	-0.000251	0.034992	0.029525	0.019518	0.004504	0.030002	-0.015438
0.006448	0.001436	-0.005011	-0.003942	0.005729	-0.001787	0.035047	0.025085	0.015088	0.000088	0.024947	-0.029965
0.008793	-0.001446	-0.010238	-0.003674	0.009516	-0.005842	0.034415	0.024531	0.014518	-0.000513	0.020608	-0.040432
-0.008534	-0.018680	-0.010146	0.013607	0.000806	-0.014413	0.030305	0.020035	0.010063	-0.004736	0.019558	-0.050137
-0.031682	-0.036472	-0.004790	0.034077	-0.013446	-0.020631	0.029916	0.014992	0.004906	-0.005483	0.015671	-0.064560
-0.058207	-0.058508	-0.000300	0.058357	-0.028954	-0.029404	0.030045	0.009974	0.000696	-0.009951	0.014306	-0.074954
-0.061215	-0.055767	0.005447	0.058491	-0.033331	-0.025160	0.029987	0.005565	-0.000636	-0.010410	0.010580	-0.085219
-0.058889	-0.054332	0.004557	0.056610	-0.031723	-0.024887	0.029984	0.004683	-0.004892	-0.010152	0.009828	-0.090255
-0.041058	-0.050342	-0.009285	0.045700	-0.015886	-0.029814	0.030025	0.000078	-0.009634	-0.014470	0.004612	-0.089469
-0.023669	-0.049809	-0.026140	0.036739	0.001236	-0.037975	0.029961	-0.005037	-0.010006	-0.015624	0.000068	-0.090182
-0.041993	-0.050214	-0.008221	0.046104	-0.016886	-0.029218	0.030086	-0.010020	-0.014644	-0.019464	-0.000508	-0.094540
-0.047002	-0.044863	0.002140	0.045932	-0.024571	-0.021361	0.029830	-0.014793	-0.019827	-0.020194	-0.004659	-0.095032
0.006769	-0.045591	-0.052360	0.019411	0.029564	-0.048975	0.030478	-0.015458	-0.020512	-0.024947	-0.005611	-0.095446
-0.013123	-0.044875	-0.031753	0.028999	0.009315	-0.038314	0.029929	-0.019975	-0.025011	-0.025014	-0.009359	-0.099973
-0.036293	-0.040496	-0.004203	0.038394	-0.016045	-0.022349	0.025455	-0.020400	-0.030031	-0.025587	-0.010474	-0.100476
-0.060201	-0.039989	0.020212	0.050095	-0.040207	-0.009888	0.024948	-0.020004	-0.034767	-0.034451	-0.019510	-0.099872
-0.084316	-0.039507	0.044809	0.061912	-0.064562	0.002651	0.025006	-0.019613	-0.035484	-0.030203	-0.030136	-0.099631
-0.060291	-0.035136	0.025155	0.047714	-0.042723	-0.004991	0.025010	-0.020043	-0.039933	-0.029394	-0.034857	-0.095069
-0.045017	-0.034438	0.010580	0.039727	-0.027798	-0.011929	0.024994	-0.024577	-0.040484	-0.030150	-0.035003	-0.094550
-0.019355	-0.035106	-0.015752	0.027230	-0.001802	-0.025429	0.025040	-0.025035	-0.039802	-0.029932	-0.035016	-0.095126
0.009278	-0.029429	-0.038707	0.010076	0.023992	-0.034068	0.024548	-0.024984	-0.040520	-0.030019	-0.035001	-0.094915
-0.014276	-0.025145	-0.010868	0.019710	-0.001704	-0.018007	0.020085	-0.025042	-0.044931	-0.030025	-0.035024	-0.095087
-0.040044	-0.024456	0.015588	0.032250	-0.027816	-0.004434	0.019528	-0.024918	-0.045433	-0.029942	-0.035005	-0.094960
-0.050434	-0.020130	0.030304	0.035282	-0.040369	0.005087	0.020144	-0.025307	-0.044972	-0.030110	-0.035007	-0.094998
-0.054027	-0.014515	0.039512	0.034271	-0.046769	0.012498	0.019933	-0.029407	-0.044622	-0.029517	-0.035002	-0.094974
-0.050854	-0.015203	0.035651	0.033028	-0.043252	0.010224	0.020017	-0.030067	-0.045058	-0.030635	-0.035019	-0.095052
-0.079708	-0.049975	0.029733	0.064842	-0.054721	-0.010121	0.020088	-0.029940	-0.049533	-0.039677	-0.034977	-0.094957
-0.110154	-0.084565	0.025589	0.097360	-0.067872	-0.029488	0.019674	-0.030019	-0.050080	-0.040312	-0.035000	-0.095001
-0.105334	-0.080220	0.025113	0.092777	-0.065223	-0.027553	0.015657	-0.030323	-0.049888	-0.039880	-0.034948	-0.094931
-0.095097	-0.075087	0.020010	0.085092	-0.057553	-0.027539	0.014869	-0.035110	-0.050181	-0.040024	-0.035069	-0.095109
-0.090075	-0.074588	0.015487	0.082332	-0.052781	-0.029550	0.015180	-0.035199	-0.049746	-0.040092	-0.034902	-0.094879
-0.085242	-0.070180	0.015062	0.077711	-0.050152	-0.027559	0.014742	-0.035263	-0.050400	-0.039496	-0.035110	-0.095130
-0.080270	-0.069989	0.010282	0.075129	-0.045276	-0.029854	0.015453	-0.034152	-0.049106	-0.040273	-0.034793	-0.094703
-0.070823	-0.065037	0.005787	0.067930	-0.038305	-0.029625	0.013894	-0.036001	-0.050987	-0.059713	-0.035338	-0.095867
-0.065046	-0.060022	0.005024	0.062534	-0.035035	-0.027499	0.016716	-0.032942	-0.048075	-0.059561	-0.034320	-0.094342
-0.039777	-0.059873	-0.020096	0.049825	-0.009840	-0.039984	0.012843	-0.027088	-0.037440	-0.060828	-0.041490	-0.096233
-0.016079	-0.055454	-0.039376	0.035766	0.011649	-0.047415	-0.027667	-0.067517	-0.072515	-0.088516	-0.068543	-0.123347
-0.018930	-0.054368	-0.035438	0.036649	0.008254	-0.044903	-0.027398	-0.066869	-0.071329	-0.086072	-0.066178	-0.121255
-0.015445	-0.045412	-0.029967	0.030428	0.007261	-0.037690	-0.024113	-0.059057	-0.064164	-0.079331	-0.063833	-0.119403
-0.009647	-0.034967	-0.025319	0.022307	0.007836	-0.030143	-0.021092	-0.060323	-0.065256	-0.075401	-0.060421	-0.120615
-0.000280	-0.024761	-0.024481	0.012520	0.012101	-0.024621	-0.018954	-0.055137	-0.060174	-0.074805	-0.060231	-0.114635
-0.000269	-0.020270	-0.020001	0.010270	0.009866	-0.020136	-0.016020	-0.055206	-0.060173	-0.070203	-0.060120	-0.115290
-0.019541	-0.035136	-0.015595	0.027339	-0.001973	-0.025366	-0.014126	-0.050243	-0.055268	-0.064853	-0.055329	-0.114837
-0.045670	-0.060416	-0.014746	0.053043	-0.015462	-0.037581	-0.010601	-0.045275	-0.050237	-0.065146	-0.054930	-0.110172
-0.069445	-0.079241	-0.009796	0.074343	-0.029825	-0.044518	-0.009215	-0.044376	-0.049408	-0.059426	-0.049981	-0.109986
-0.065725	-0.070506	-0.004781	0.068115	-0.030472	-0.037643	-0.005815	-0.040728	-0.045674	-0.055199	-0.050046	-0.110070
-0.054731	-0.059329	-0.004597	0.057030	-0.025067	-0.031963	-0.004292	-0.039347	-0.044438	-0.054431	-0.049967	-0.109423
-0.065324	-0.050504	0.014820	0.057914	-0.040072	-0.017842	-0.000335	-0.035346	-0.040137	-0.050320	-0.045068	-0.105315
-0.079389	-0.044334	0.035056	0.061861	-0.057222	-0.004639	0.000084	-0.034465	-0.040387	-0.049452	-0.045041	-0.104473
-0.065374	-0.035059	0.030316	0.050217	-0.047845	-0.002371	0.000000	-0.030119	-0.039978	-0.045159	-0.044973	-0.100142
-0.049603	-0.025097	0.024506	0.037350	-0.037055	-0.000295	-0.000049	-0.029539	-0.035404	-0.044464	-0.045025	-0.099541
-0.034690	-0.014486	0.020204	0.024588	-0.027447	0.002859	0.000147	-0.029908	-0.035024	-0.045057	-0.044967	-0.099893
-0.020555	-0.005628	0.014928	0.013092	-0.017741	0.004650	-0.000463	-0.025445	-0.034508	-0.039945	-0.045006	-0.095445
-0.034470	-0.024805	0.009666	0.029637	-0.022068	-0.007569	0.000075	-0.024548	-0.030140	-0.040025	-0.045020	-0.094574
-0.050298	-0.044572	0.005726	0.047435	-0.028012	-0.019423	0.004553	-0.019707	-0.029476	-0.040030	-0.044982	-0.089706
-0.085683	-0.065429	0.020255	0.075556	-0.052969	-0.022587	0.005045	-0.019995	-0.030048	-0.034925	-0.045061	-0.089983
-0.118935	-0.084033	0.034902	0.101484	-0.076918	-0.024565	0.004995	-0.020277	-0.024947	-0.035485	-0.044510	-0.090272
-0.085810	-0.055414	0.030396	0.070612	-0.058103	-0.012509	0.005002	-0.015476	-0.025000	-0.034913	-0.040148	-0.085507
-0.049665	-0.024693	0.024971	0.037179	-0.037318	0.000139	0.005007	-0.014532	-0.025047	-0.030431	-0.039472	-0.084526
-0.039744	-0.019681	0.020064	0.029713	-0.029904	0.000191	0.004957	-0.010093	-0.019910	-0.030023	-0.040088	-0.080079
-0.035176	-0.020529	0.014647	0.027852	-0.024911	-0.002941	0.005456	-0.010422	-0.020526	-0.029482	-0.034923	-0.080425
-0.029768	-0.019862	0.009906	0.024815	-0.019837	-0.004978	0.009924	-0.009937	-0.019856	-0.025001	-0.035074	-0.079958
-0.025417	-0.015576	0.009842	0.020496	-0.017630	-0.002867	0.010481	-0.005436	-0.015541	-0.020042	-0.034956	-0.075442
-0.014693	-0.014587	0.000106	0.014640	-0.007400	-0.007240	0.009838	-0.004953	-0.014717	-0.014878	-0.030096	-0.074964
-0.005022	-0.015831	-0.010809	0.010426	0.002894	-0.013320	0.010095	-0.004993	-0.014851	-0.015662	-0.030041	-0.074570
-0.014599	-0.034950	-0.020351	0.024775	0.002876	-0.027651	0.009948	-0.005007	-0.025030	-0.035528	-0.029989	-0.070061
-0.020395	-0.049540	-0.029145	0.034967	0.004375	-0.039343	0.010033	-0.004989	-0.034622	-0.049483	-0.029489	-0.069599
-0.024866	-0.045249	-0.020383	0.035057	-0.002241	-0.032816	0.010025	-0.004995	-0.030344	-0.040239	-0.025069	-0.069979
-0.030005	-0.039935	-0.009930	0.034970	-0.010038	-0.024932	0.009559	-0.004998	-0.024821	-0.035446	-0.019981	-0.070387
-0.035079	-0.035062	0.000017	0.035070	-0.017548	-0.017522	0.005080	-0.004999	-0.020748	-0.029884	-0.014995	-0.069990
-0.039791	-0.029945	0.009846	0.034868	-0.024819	-0.010050	0.004527	-0.005000	-0.019363	-0.020570	-0.010015	-0.065425
-0.045792	-0.025266	0.020526	0.035529	-0.033159	-0.002370	0.005164	-0.004994	-0.015093	-0.014613	-0.004972	-0.064942
-0.054415	-0.024498	0.029917	0.039457	-0.042166	0.002709	0.004911	-0.005000	-0.010402	-0.010405	-0.004645	-0.065012
-0.040490	-0.020118	0.020372	0.030304	-0.030431	0.000127	0.005053	-0.005002	-0.009932	-0.019973	-0.010062	-0.064993
-0.034816	-0.019508	0.015308	0.027162	-0.025062	-0.002100	0.004972	-0.005000	-0.005491	-0.029677	-0.010387	-0.065075
-0.030307	-0.020179	0.010128	0.025243	-0.020217	-0.005026	0.005007	-0.004999	0.000189	-0.025361	-0.009877	-0.064672
-0.020272	-0.019886	0.000386	0.020079	-0.010329	-0.009750	0.005010	-0.005000	0.000260	-0.025321	-0.010031	-0.060580
-0.014866	-0.020102	-0.005236	0.017484	-0.004815	-0.012669	0.004969	-0.005001	-0.004994	-0.025002	-0.010002	-0.059989
-0.009848	-0.019367	-0.009519	0.014608	-0.000165	-0.014443	0.005081	-0.004999	-0.005436	-0.020396	-0.009933	-0.059994
-0.025463	-0.015331	0.010132	0.020397	-0.017797	-0.002599	0.004687	-0.004995	-0.004832	-0.020040	-0.010287	-0.060026
-0.044525	-0.014899	0.029627	0.029712	-0.037076	0.007364	0.000582	-0.004999	-0.005081	-0.019511	-0.014427	-0.059538
-0.025765	-0.015037	0.010728	0.020401	-0.018246	-0.002154	-0.000033	-0.005000	-0.004913	-0.015139	-0.015031	-0.055106
-0.004579	-0.014973	-0.010394	0.009776	0.002908	-0.012684	0.000006	-0.004997	-0.005612	-0.014485	-0.015001	-0.054512
0.015445	-0.014996	-0.030441	-0.000224	0.022943	-0.022719	0.000003	-0.004994	-0.009658	-0.015074	-0.014995	-0.055151
0.034749	-0.014582	-0.049331	-0.010084	0.042040	-0.031956	0.000001	-0.004998	-0.010098	-0.009953	-0.015004	-0.054900
0.030439	-0.009989	-0.040428	-0.010225	0.035434	-0.025209	0.000002	-0.004974	-0.009954	-0.010004	-0.014975	-0.055078
0.019783	-0.009661	-0.029444	-0.005061	0.024613	-0.019552	-0.000002	-0.005570	-0.010041	-0.010042	-0.015583	-0.054956
0.010336	-0.009877	-0.020213	-0.000230	0.015274	-0.015045	0.000002	-0.009700	-0.009935	-0.004926	-0.019688	-0.055009
-0.000675	-0.010569	-0.009894	0.005622	0.004610	-0.010231	-0.000006	-0.010053	-0.010470	-0.005514	-0.020088	-0.054979
-0.009598	-0.009443	0.000155	0.009520	-0.004877	-0.004644	0.000033	-0.010013	-0.014915	-0.004873	-0.019969	-0.055030
-0.016055	-0.011595	0.004460	0.013825	-0.010257	-0.003568	-0.000589	-0.009921	-0.015488	-0.000478	-0.020026	-0.054989
-0.018963	-0.038924	-0.019961	0.028944	0.000499	-0.029442	-0.004640	-0.010319	-0.014833	0.000041	-0.019986	-0.054988
-0.011555	-0.050912	-0.039357	0.031233	0.013901	-0.045135	-0.005540	-0.014389	-0.015091	0.000430	-0.020006	-0.054996
-0.018580	-0.054659	-0.036079	0.036620	0.008749	-0.045369	-0.009910	-0.015090	-0.014982	0.004954	-0.020036	-0.055022
-0.016265	-0.050572	-0.034308	0.033419	0.009021	-0.042440	-0.009927	-0.014905	-0.014457	0.005441	-0.019423	-0.054996
-0.014269	-0.044748	-0.030479	0.029509	0.008105	-0.037614	-0.005135	-0.015165	-0.010287	0.004962	-0.015310	-0.054987
-0.010390	-0.040622	-0.030232	0.025506	0.009921	-0.035427	-0.005018	-0.014518	-0.009935	0.004508	-0.014913	-0.054996
-0.014496	-0.039824	-0.025328	0.027160	0.005416	-0.032576	-0.004983	-0.015092	-0.010029	0.000615	-0.015048	-0.055022
-0.010120	-0.035567	-0.025447	0.022844	0.007663	-0.030507	-0.005018	-0.019542	-0.009996	-0.000527	-0.014971	-0.054996
-0.010153	-0.029898	-0.019745	0.020025	0.004796	-0.024822	-0.004994	-0.020039	-0.009988	-0.004843	-0.015010	-0.054987
-0.014796	-0.030062	-0.015266	0.022429	0.000235	-0.022664	-0.005008	-0.019998	-0.010027	-0.004592	-0.014987	-0.054996
-0.010064	-0.024997	-0.014933	0.017531	0.002434	-0.019965	-0.005002	-0.019974	-0.009953	-0.005052	-0.015012	-0.055022
-0.009840	-0.019948	-0.010108	0.014894	0.000134	-0.015028	-0.004994	-0.020583	-0.010088	-0.009563	-0.014992	-0.054996
-0.015646	-0.019976	-0.004331	0.017811	-0.005657	-0.012154	-0.005048	-0.024680	-0.009830	-0.009989	-0.014997	-0.054982
-0.009298	-0.014929	-0.005630	0.012113	-0.001834	-0.010279	-0.004539	-0.025085	-0.010479	-0.010441	-0.014996	-0.054996
0.018809	-0.015042	-0.033852	-0.001884	0.026331	-0.024447	-0.000086	-0.024969	-0.009918	-0.014945	-0.015006	-0.055020
0.021197	-0.014868	-0.036065	-0.003165	0.028631	-0.025466	0.000480	-0.025029	-0.005458	-0.015411	-0.015000	-0.054987
0.019380	-0.014911	-0.034290	-0.002235	0.026835	-0.024600	-0.000167	-0.024934	-0.004940	-0.015130	-0.014974	-0.054993
0.000277	-0.035054	-0.035331	0.017388	0.017804	-0.035192	0.000088	-0.025461	-0.005004	-0.019485	-0.015017	-0.054972
-0.015006	-0.049911	-0.034905	0.032458	0.009950	-0.042408	-0.000051	-0.029926	-0.004993	-0.020562	-0.014965	-0.055050
-0.010065	-0.045046	-0.034981	0.027555	0.012458	-0.040013	0.000028	-0.030474	-0.005003	-0.025153	-0.015055	-0.054954
-0.009465	-0.044666	-0.035202	0.027066	0.012868	-0.039934	-0.000008	-0.029839	-0.004981	-0.025271	-0.014900	-0.055004
-0.010847	-0.045225	-0.034378	0.028036	0.011766	-0.039802	-0.000010	-0.030068	-0.005010	-0.025308	-0.015127	-0.055342
-0.008997	-0.044225	-0.035229	0.026611	0.013116	-0.039727	0.000033	-0.029995	-0.004975	-0.030045	-0.014797	-0.060139
-0.006304	-0.040757	-0.034454	0.023530	0.014075	-0.037605	-0.000081	-0.029949	-0.005050	-0.030350	-0.015360	-0.059549
-0.003026	-0.039682	-0.036656	0.021354	0.016815	-0.038169	0.000312	-0.030280	-0.004793	-0.030180	-0.014123	-0.060352
0.023221	-0.040565	-0.063785	0.008672	0.043503	-0.052175	0.004415	-0.034431	-0.004844	-0.034492	-0.016086	-0.069694
-0.018747	-0.039889	-0.021142	0.029318	0.001197	-0.030515	0.005043	-0.035037	-0.014471	-0.035031	-0.033740	-0.065561
-0.059199	-0.035491	0.023708	0.047345	-0.041453	-0.005892	0.004991	-0.034999	-0.019462	-0.034461	-0.030714	-0.064469
-0.040614	-0.034924	0.005690	0.037769	-0.023152	-0.014617	0.005032	-0.034990	-0.015204	-0.030272	-0.029458	-0.065172
-0.024974	-0.035009	-0.010035	0.029991	-0.007470	-0.022522	0.004987	-0.035003	-0.014997	-0.029966	-0.030248	-0.064904
-0.005152	-0.035041	-0.029889	0.020096	0.012369	-0.032465	0.005044	-0.034983	-0.014991	-0.029990	-0.029902	-0.065085
0.010152	-0.034419	-0.044571	0.012133	0.027362	-0.039495	0.004953	-0.035581	-0.015028	-0.030073	-0.029519	-0.064967
0.010124	-0.030302	-0.040426	0.010089	0.025275	-0.035364	0.005102	-0.039683	-0.014973	-0.029846	-0.025250	-0.065004
0.010009	-0.029911	-0.039921	0.009951	0.024965	-0.034916	0.004839	-0.040087	-0.015045	-0.030469	-0.024968	-0.065003
0.009985	-0.030079	-0.040064	0.010047	0.025024	-0.035071	0.005663	-0.039978	-0.014949	-0.029936	-0.025018	-0.064998
0.010017	-0.029400	-0.039417	0.009692	0.024717	-0.034409	0.004271	-0.040025	-0.015098	-0.025448	-0.025006	-0.065075
0.009983	-0.025303	-0.035286	0.007660	0.022635	-0.030295	-0.004669	-0.039984	-0.014832	-0.024948	-0.025027	-0.064672
0.010035	-0.024925	-0.034960	0.007445	0.022498	-0.029943	-0.010507	-0.040005	-0.015479	-0.025003	-0.024569	-0.060578
0.010005	-0.025016	-0.035021	0.007506	0.022513	-0.030019	-0.019956	-0.040047	-0.014920	-0.025010	-0.020043	-0.059991
0.010025	-0.025053	-0.035078	0.007514	0.022552	-0.030065	-0.024378	-0.039422	-0.010457	-0.024991	-0.019599	-0.060001
0.009998	-0.024695	-0.034693	0.007348	0.022346	-0.029694	-0.020252	-0.035313	-0.009952	-0.025036	-0.019990	-0.059984
0.010037	-0.020566	-0.030602	0.005264	0.020320	-0.025584	-0.019977	-0.034907	-0.010006	-0.024541	-0.020376	-0.059996
0.009941	-0.019980	-0.029922	0.005019	0.019932	-0.024951	-0.020012	-0.035092	-0.010005	-0.020088	-0.019978	-0.060024
0.010118	-0.019997	-0.030116	0.004940	0.020117	-0.025056	-0.020020	-0.034390	-0.009998	-0.019517	-0.015413	-0.059995
0.009631	-0.019991	-0.029621	0.005180	0.019626	-0.024806	-0.019992	-0.030325	-0.010002	-0.020158	-0.014959	-0.059991
0.005664	-0.019996	-0.025659	0.007166	0.015662	-0.022828	-0.020033	-0.029898	-0.010001	-0.019903	-0.014986	-0.059990
0.004852	-0.020006	-0.024858	0.007577	0.014855	-0.022432	-0.019970	-0.030088	-0.010006	-0.020066	-0.015009	-0.060059
0.005187	-0.019998	-0.025184	0.007406	0.015185	-0.022591	-0.020089	-0.029397	-0.009992	-0.019967	-0.014955	-0.059412
0.004743	-0.019990	-0.024733	0.007624	0.014738	-0.022362	-0.019695	-0.025307	-0.010046	-0.019971	-0.015339	-0.055304
0.005303	-0.020009	-0.025312	0.007353	0.015307	-0.022660	-0.015575	-0.024929	-0.009550	-0.020446	-0.024858	-0.054908
-0.001251	-0.019998	-0.018746	0.010625	0.008748	-0.019372	-0.014994	-0.025010	-0.005082	-0.024928	-0.029991	-0.055067
-0.003132	-0.020040	-0.016908	0.011586	0.006888	-0.018474	-0.014985	-0.025065	-0.004528	-0.025482	-0.029904	-0.054963
0.023149	-0.019961	-0.043110	-0.001594	0.033130	-0.031535	-0.015043	-0.024676	-0.005192	-0.024864	-0.030062	-0.055054
0.016341	-0.020089	-0.036429	0.001874	0.026385	-0.028259	-0.014950	-0.020592	-0.004495	-0.024669	-0.029958	-0.054527
0.008495	-0.019890	-0.028385	0.005698	0.018440	-0.024137	-0.015097	-0.019931	-0.000078	-0.019988	-0.030043	-0.050114
0.000815	-0.020188	-0.021003	0.009686	0.010909	-0.020595	-0.014845	-0.020086	0.000411	-0.019660	-0.029985	-0.049507
-0.005225	-0.019707	-0.014482	0.012466	0.004628	-0.017094	-0.015382	-0.019663	0.000000	-0.019814	-0.030011	-0.050164
-0.015595	-0.020750	-0.005155	0.018173	-0.005220	-0.012953	-0.014650	-0.015588	-0.000411	-0.015532	-0.029996	-0.049895
-0.019195	-0.018975	0.000220	0.019085	-0.009708	-0.009377	-0.005504	-0.014946	0.000079	-0.014985	-0.030017	-0.050118
0.004931	-0.011117	-0.016047	0.003093	0.010489	-0.013582	0.000410	-0.015045	0.004498	-0.015052	-0.030000	-0.049373
0.030551	0.001138	-0.029413	-0.015844	0.029982	-0.014138	0.010164	-0.014888	0.005195	-0.014722	-0.029993	-0.045349
0.044240	0.023656	-0.020584	-0.033948	0.032412	0.001536	0.014636	-0.015531	0.004537	-0.010539	-0.029998	-0.044878
0.030462	0.016023	-0.014439	-0.023243	0.022451	0.000792	0.010641	-0.020011	0.005081	-0.010023	-0.030012	-0.045114
0.014544	0.009629	-0.004915	-0.012087	0.009729	0.002357	0.009372	-0.024962	0.009560	-0.009951	-0.030003	-0.044910
-0.000269	0.000301	0.000570	-0.000016	-0.000419	0.000436	0.005452	-0.030204	0.010042	-0.009917	-0.029998	-0.045178
-0.014780	-0.005268	0.009513	0.010024	-0.012146	0.002122	0.004316	-0.035232	0.009996	-0.005009	-0.030009	-0.044417
-0.000048	0.015790	0.015838	-0.007871	-0.007943	0.015814	0.000759	-0.029946	0.010010	-0.005006	-0.030013	-0.040138
0.020229	0.034532	0.014303	-0.027380	0.002963	0.024417	-0.000685	-0.025036	0.009466	-0.004991	-0.030010	-0.034880
0.009858	0.025768	0.015911	-0.017813	-0.003026	0.020839	-0.004582	-0.025025	0.005027	-0.000087	-0.030009	-0.030258
-0.019234	0.019375	0.038610	-0.000070	-0.028922	0.028992	-0.005621	-0.019587	0.000420	-0.000048	-0.030008	-0.024414
-0.035193	0.010464	0.045658	0.012365	-0.040426	0.028061	-0.009428	-0.015013	-0.000104	0.000016	-0.030012	-0.020659
-0.039360	0.005412	0.044771	0.016974	-0.042066	0.025092	-0.010318	-0.014748	-0.004481	0.000543	-0.030048	-0.019554
-0.050719	-0.005563	0.045156	0.028141	-0.047937	0.019796	-0.019961	-0.005339	-0.010292	0.004719	-0.029635	-0.005623
-0.053896	-0.008970	0.044926	0.031433	-0.049411	0.017978	-0.029710	0.005123	-0.009552	0.005090	-0.020221	0.005667
-0.021530	0.023551	0.045081	-0.001011	-0.033305	0.034316	-0.025491	0.014963	0.004526	0.004591	-0.014369	0.019312
0.011286	0.056259	0.044974	-0.033773	-0.016844	0.050616	-0.019898	0.025034	0.019949	0.004721	-0.010157	0.031093
0.043859	0.088893	0.045035	-0.066376	-0.000588	0.066964	-0.015159	0.035034	0.035421	0.015295	-0.004971	0.049566
0.025515	0.070513	0.044998	-0.048014	-0.009742	0.057756	-0.009532	0.040184	0.049037	0.024124	0.000256	0.055148
0.006219	0.051252	0.045032	-0.028736	-0.019406	0.048142	-0.005066	0.035462	0.045547	0.020629	0.005055	0.055652
-0.023344	0.021671	0.045015	0.000837	-0.034180	0.033343	-0.004553	0.029993	0.039948	0.019378	-0.000448	0.054452
-0.040674	0.004324	0.044998	0.018175	-0.042836	0.024661	0.000012	0.025098	0.034967	0.015401	-0.004906	0.056307
0.040452	0.085492	0.045040	-0.062972	-0.002294	0.065266	0.004938	0.024999	0.030461	0.014312	0.000075	0.088817
0.043474	0.088462	0.044988	-0.065968	-0.000757	0.066725	0.010535	0.019968	0.029901	0.010729	0.004887	0.096141
0.038455	0.083503	0.045048	-0.060979	-0.003296	0.064275	0.014569	0.015060	0.025518	0.009324	0.010143	0.099852
0.041159	0.086154	0.044995	-0.063656	-0.001918	0.065574	0.005370	0.014777	0.019744	0.005335	0.014806	0.109925
0.039476	0.083973	0.044497	-0.061725	-0.002511	0.064235	-0.005080	0.010128	0.015212	0.004504	0.020258	0.115017
0.045424	0.080458	0.035034	-0.062941	0.005195	0.057746	-0.014985	0.004531	0.009533	-0.000391	0.024613	0.119933
0.054338	0.079350	0.025012	-0.066844	0.014663	0.052181	-0.024960	0.005022	0.009931	-0.000059	0.030717	0.125314
0.060235	0.080160	0.019925	-0.070197	0.020155	0.050043	-0.035056	0.019485	0.024752	0.014659	0.029071	0.129114
0.070368	0.080306	0.009937	-0.075337	0.030215	0.045122	-0.040272	0.030647	0.034561	0.024967	0.031274	0.136496
0.079821	0.080054	0.000233	-0.079937	0.039794	0.040143	-0.039888	0.044345	0.045144	0.035140	0.058217	0.163780
0.080254	0.075473	-0.004781	-0.077864	0.042517	0.035346	-0.040094	0.055554	0.059433	0.044776	0.056142	0.165607
0.069722	0.074877	0.005156	-0.072300	0.032283	0.040017	-0.039962	0.070030	0.070472	0.055579	0.054264	0.164462
0.060547	0.075458	0.014911	-0.068002	0.022818	0.045185	-0.040045	0.079654	0.079091	0.064036	0.050354	0.165192
0.074204	0.075039	0.000835	-0.074622	0.036684	0.037937	-0.040004	0.075530	0.070668	0.060727	0.049839	0.165084
0.080064	0.070360	-0.009704	-0.075212	0.044884	0.030328	-0.040024	0.069954	0.064446	0.059356	0.050144	0.164814
0.090346	0.070192	-0.020155	-0.080269	0.055251	0.025018	-0.039996	0.065070	0.060267	0.055524	0.045061	0.165730
0.099489	0.069429	-0.030060	-0.084459	0.064775	0.019684	-0.040006	0.059986	0.054885	0.054245	0.044698	0.169247
0.091199	0.070884	-0.020316	-0.081041	0.055758	0.025284	-0.040016	0.055096	0.050182	0.051306	0.039995	0.171303
0.084208	0.069510	-0.014699	-0.076859	0.049453	0.027406	-0.039997	0.049918	0.044315	0.049416	0.039683	0.188355
0.040169	0.030463	-0.009707	-0.035316	0.024938	0.010378	-0.039990	0.045178	0.035502	0.035622	0.039726	0.180893
0.000380	-0.005476	-0.005856	0.002548	0.003118	-0.005666	-0.039997	0.039519	0.029265	0.024835	0.030032	0.169668
-0.006276	-0.025703	-0.019426	0.015989	0.006575	-0.022565	-0.040017	0.035104	0.020788	0.015087	0.020001	0.160247
-0.009093	-0.039629	-0.030536	0.024361	0.010721	-0.035083	-0.039998	0.034527	0.014283	0.004971	0.010023	0.149918
0.004694	-0.035265	-0.039959	0.015285	0.022326	-0.037612	-0.039992	0.029984	0.005350	-0.005075	-0.000067	0.139959
0.014860	-0.035471	-0.050330	0.010306	0.032595	-0.042901	-0.040005	0.025431	-0.000176	-0.014489	-0.009910	0.130477
0.015323	-0.034876	-0.050199	0.009776	0.032761	-0.042538	-0.040009	0.024936	-0.004300	-0.020045	-0.020002	0.125080
0.020338	-0.030603	-0.050941	0.005132	0.035639	-0.040772	-0.040014	0.020423	-0.005627	-0.024453	-0.024879	0.119950
0.019882	-0.029836	-0.049717	0.004977	0.034799	-0.039776	-0.039973	0.015019	-0.009820	-0.025370	-0.025251	0.114954
0.020024	-0.029853	-0.049877	0.004915	0.034951	-0.039865	-0.040035	0.015039	-0.009644	-0.029485	-0.029490	0.110407
0.024920	-0.024624	-0.049544	-0.000148	0.037232	-0.037084	-0.039991	0.014961	-0.010041	-0.030132	-0.029990	0.109997
0.025245	-0.025916	-0.051161	0.000335	0.038203	-0.038538	-0.039514	0.015016	-0.014594	-0.034562	-0.030074	0.105385
0.045595	-0.023702	-0.069297	-0.010946	0.057446	-0.046500	-0.035140	0.014969	-0.015003	-0.039947	-0.029928	0.099925
0.038843	-0.027012	-0.065855	-0.005915	0.052349	-0.046434	-0.035398	0.015006	-0.015460	-0.040407	-0.030107	0.094655
-0.002576	-0.067491	-0.064915	0.035033	0.031170	-0.066203	-0.034969	0.014991	-0.019946	-0.045012	-0.029853	0.089976
-0.002064	-0.067104	-0.065040	0.034584	0.031488	-0.066072	-0.030433	0.014996	-0.020435	-0.044891	-0.030282	0.089707
-0.003845	-0.063904	-0.060059	0.033875	0.028107	-0.061982	-0.029963	0.014966	-0.020121	-0.040145	-0.029277	0.084675
-0.000452	-0.060540	-0.060088	0.030496	0.029818	-0.060314	-0.030058	0.015000	-0.024572	-0.040035	-0.030581	0.079879
-0.000262	-0.059679	-0.059417	0.029971	0.029577	-0.059548	-0.029384	0.014953	-0.024938	-0.039953	-0.049399	0.079428
-0.005436	-0.060288	-0.054852	0.032862	0.024708	-0.057570	-0.025548	0.015012	-0.024620	-0.040100	-0.055392	0.075588
0.000102	-0.054768	-0.054870	0.027333	0.027486	-0.054819	-0.025078	0.014784	-0.019854	-0.039876	-0.054810	0.074633
-0.000195	-0.055712	-0.055517	0.027954	0.027661	-0.055615	-0.024409	0.015066	-0.014871	-0.040491	-0.055185	0.070477
-0.005001	-0.054806	-0.049805	0.029903	0.022402	-0.052305	-0.020793	0.014300	-0.014555	-0.040033	-0.054918	0.069936
-0.000298	-0.050682	-0.050385	0.025490	0.025044	-0.050534	-0.019759	0.015014	-0.010583	-0.035452	-0.055227	0.065353
0.000110	-0.049938	-0.050048	0.024914	0.025079	-0.049993	-0.020511	0.024244	-0.010150	-0.035288	-0.054966	0.060023
-0.005772	-0.049890	-0.044118	0.027831	0.019173	-0.047004	-0.019338	0.035729	-0.004722	-0.034976	-0.055429	0.059337
0.000108	-0.044832	-0.044941	0.022362	0.022525	-0.044887	-0.005787	0.043794	-0.000282	-0.035489	-0.054697	0.055589
-0.001989	-0.045147	-0.043158	0.023568	0.020585	-0.044152	0.010671	0.057154	0.000623	-0.033936	-0.056433	0.054314
0.002006	-0.044422	-0.046428	0.021208	0.024217	-0.045425	0.023926	0.108521	0.003504	-0.036483	-0.054058	0.049809
0.016455	-0.051245	-0.067700	0.017395	0.042077	-0.059472	0.036713	0.156819	0.005789	-0.033629	-0.041794	0.049784
-0.022580	-0.047726	-0.025146	0.035153	0.001283	-0.036436	0.068529	0.229816	0.069510	0.018199	-0.028419	0.064709
0.024010	0.043798	0.019788	-0.033904	0.002111	0.031793	0.091936	0.305587	0.165067	0.076244	0.028996	0.095023
0.120087	0.130320	0.010232	-0.125204	0.054928	0.070276	0.108597	0.381293	0.265221	0.164727	0.090894	0.139174
0.164774	0.165270	0.000495	-0.165022	0.082139	0.082882	0.092595	0.424510	0.375956	0.270116	0.164342	0.180126
0.215628	0.205644	-0.009984	-0.210636	0.112806	0.097830	0.068843	0.407215	0.464062	0.360480	0.250199	0.240259
0.289679	0.269966	-0.019713	-0.279823	0.154696	0.125127	0.000443	0.389184	0.531920	0.460790	0.350448	0.319928
0.366332	0.294411	-0.071921	-0.330371	0.219127	0.111245	-0.110641	0.311639	0.568251	0.539189	0.444685	0.399871
0.459503	0.348545	-0.110958	-0.404024	0.285230	0.118794	-0.202853	0.200138	0.563996	0.603585	0.526893	0.475147
0.530975	0.414529	-0.116447	-0.472752	0.323711	0.149041	-0.287298	0.070694	0.551741	0.615516	0.572446	0.529680
0.585912	0.442895	-0.143017	-0.514404	0.364464	0.149939	-0.381561	-0.099812	0.479802	0.582827	0.605381	0.587590
0.604964	0.461555	-0.143409	-0.533260	0.374187	0.159073	-0.443247	-0.324962	0.310134	0.527241	0.614257	0.638128
0.535907	0.288880	-0.247027	-0.412394	0.391467	0.020927	-0.552702	-0.624697	-0.035451	0.258067	0.461564	0.592180
0.404701	0.219194	-0.185507	-0.311948	0.295104	0.016844	-0.647344	-1.007623	-0.308655	0.059460	0.376269	0.539399
0.281396	0.178254	-0.103142	-0.229825	0.192269	0.037556	-0.693532	-1.312290	-0.457046	-0.061054	0.307750	0.526182
0.198480	0.123153	-0.075327	-0.160817	0.136904	0.023913	-0.702429	-1.364564	-0.534389	-0.139204	0.233375	0.514148
0.126994	0.081212	-0.045782	-0.104103	0.086388	0.017715	-0.698323	-1.318189	-0.601154	-0.226083	0.166555	0.461089
0.061930	0.028943	-0.032986	-0.045436	0.047458	-0.002022	-0.641802	-1.203195	-0.599321	-0.273138	0.093722	0.409609
0.013062	-0.014406	-0.027468	0.000672	0.020265	-0.020937	-0.579404	-1.079524	-0.587157	-0.297333	0.030655	0.359906
0.026642	-0.030826	-0.057468	0.002092	0.042055	-0.044147	-0.540750	-0.981536	-0.548622	-0.292657	0.013879	0.315027
0.038114	-0.039664	-0.077778	0.000775	0.057946	-0.058721	-0.504268	-0.854104	-0.497767	-0.283691	0.005651	0.279732
0.067747	-0.030122	-0.097869	-0.018813	0.082808	-0.063996	-0.436294	-0.691510	-0.412795	-0.246878	-0.010431	0.245200
0.036142	-0.025754	-0.061895	-0.005194	0.049019	-0.043825	-0.364719	-0.548577	-0.333351	-0.209606	-0.019771	0.225168
-0.020363	-0.044238	-0.023875	0.032300	0.001756	-0.034057	-0.304748	-0.431367	-0.266443	-0.190361	-0.030302	0.209798
-0.040508	-0.061156	-0.020648	0.050832	-0.009930	-0.040902	-0.250021	-0.343655	-0.223778	-0.169435	-0.060043	0.164800
-0.065511	-0.084276	-0.018765	0.074893	-0.023373	-0.051520	-0.184524	-0.256182	-0.185635	-0.144756	-0.084316	0.120792
-0.064070	-0.080616	-0.016546	0.072343	-0.023762	-0.048581	-0.120683	-0.188397	-0.148918	-0.119702	-0.080627	0.114530
-0.026314	-0.074425	-0.048111	0.050370	0.010898	-0.061268	-0.088994	-0.130559	-0.115457	-0.105111	-0.079616	0.110266
-0.023713	-0.070785	-0.047072	0.047249	0.011679	-0.058928	-0.065972	-0.073330	-0.074179	-0.094280	-0.080229	0.104757
-0.025851	-0.069737	-0.043886	0.047794	0.009018	-0.056811	-0.059383	-0.026050	-0.036020	-0.080820	-0.079932	0.100082
-0.024330	-0.065662	-0.041332	0.044996	0.008501	-0.053497	-0.054939	-0.014157	-0.029043	-0.069101	-0.080104	0.094912
-0.020208	-0.059827	-0.039619	0.040018	0.009705	-0.049723	-0.049786	-0.005218	-0.029973	-0.055529	-0.079970	0.089831
-0.020593	-0.060171	-0.039578	0.040382	0.009492	-0.049874	-0.044928	0.005328	-0.024816	-0.044384	-0.080041	0.085496
-0.019261	-0.054903	-0.035642	0.037082	0.008191	-0.045273	-0.040016	0.015085	-0.024999	-0.046892	-0.080051	0.084972
-0.015816	-0.050123	-0.034307	0.032970	0.009246	-0.042215	-0.034310	0.024328	-0.024950	-0.068903	-0.079440	0.085041
-0.019192	-0.049740	-0.030548	0.034466	0.005678	-0.040144	-0.025338	0.035719	-0.019868	-0.061001	-0.075290	0.084648
-0.016556	-0.045531	-0.028975	0.031043	0.006210	-0.037253	-0.019309	0.059618	-0.020470	-0.054057	-0.074915	0.080591
-0.013682	-0.044982	-0.031300	0.029332	0.008809	-0.038141	-0.010687	0.065565	-0.019875	-0.050620	-0.075072	0.079956
0.004323	-0.045060	-0.049383	0.020369	0.026853	-0.047222	-0.004417	0.069456	-0.015459	-0.039129	-0.074979	0.080078
0.005928	-0.044674	-0.050602	0.019373	0.028265	-0.047638	0.004956	0.075033	-0.014959	-0.035557	-0.075000	0.079663
0.009503	-0.040588	-0.050090	0.015542	0.029797	-0.045339	0.010334	0.075364	-0.014589	-0.029181	-0.075007	0.075574
0.010853	-0.039946	-0.050799	0.014547	0.030826	-0.045373	0.009848	0.080041	-0.010034	-0.026957	-0.075017	0.074997
0.009642	-0.040082	-0.049724	0.015220	0.029683	-0.044903	0.010120	0.080448	-0.009618	-0.048332	-0.075047	0.074992
0.010482	-0.039674	-0.050156	0.014596	0.030319	-0.044915	0.009949	0.079880	-0.009832	-0.045901	-0.074771	0.075026
0.014317	-0.035580	-0.049897	0.010631	0.032107	-0.042739	0.010059	0.080081	-0.005519	-0.043872	-0.070063	0.074544
0.015107	-0.034982	-0.050089	0.009937	0.032598	-0.042535	0.009946	0.079994	-0.004974	-0.045324	-0.064976	0.070104
0.014967	-0.034995	-0.049962	0.010014	0.032465	-0.042478	0.010609	0.080035	-0.005066	-0.044825	-0.060063	0.069522
0.015001	-0.035039	-0.050040	0.010019	0.032521	-0.042539	0.014676	0.079963	-0.004689	-0.045084	-0.054847	0.070174
0.015491	-0.034528	-0.050019	0.009519	0.032755	-0.042273	0.015101	0.080014	-0.000593	-0.044954	-0.050618	0.069482
0.019890	-0.030090	-0.049980	0.005100	0.034935	-0.040035	0.014928	0.080023	0.000066	-0.045017	-0.049309	0.065111
0.020560	-0.029502	-0.050063	0.004471	0.035312	-0.039783	0.015606	0.080001	-0.000085	-0.045061	-0.045609	0.064567
0.019685	-0.030179	-0.049865	0.005247	0.034775	-0.040022	0.019663	0.079979	0.000312	-0.044853	-0.044845	0.065006
0.020711	-0.029454	-0.050165	0.004371	0.035438	-0.039809	0.020098	0.079994	0.004417	-0.045472	-0.045050	0.065366
0.024649	-0.025118	-0.049766	0.000234	0.037208	-0.037442	0.019932	0.080032	0.005034	-0.044933	-0.044980	0.065006
0.025834	-0.024512	-0.050346	-0.000661	0.038090	-0.037429	0.020600	0.079995	0.005002	-0.040454	-0.045005	0.060406
0.024424	-0.025145	-0.049568	0.000361	0.036996	-0.037356	0.024680	0.079959	0.004954	-0.039944	-0.045014	0.059959
0.026071	-0.024701	-0.050772	-0.000685	0.038421	-0.037737	0.025068	0.080002	0.005450	-0.040003	-0.044551	0.059985
-0.002489	-0.025215	-0.022726	0.013852	0.010118	-0.023970	0.025010	0.079999	0.009928	-0.040017	-0.040087	0.060030
-0.036620	-0.044970	-0.008350	0.040795	-0.014135	-0.026660	0.024931	0.080031	0.010472	-0.039998	-0.039528	0.059987
0.002362	-0.069655	-0.072018	0.033647	0.037190	-0.070837	0.025311	0.079903	0.009806	-0.039991	-0.040139	0.059983
0.006443	-0.065304	-0.071746	0.029430	0.039095	-0.068525	0.029403	0.080083	0.010512	-0.040000	-0.039930	0.059996
0.003867	-0.059401	-0.063268	0.027767	0.033567	-0.061334	0.030085	0.079870	0.014921	-0.040021	-0.040031	0.060021
0.010014	-0.055160	-0.065174	0.022573	0.037594	-0.060167	0.029910	0.080268	0.015427	-0.039983	-0.040048	0.059995
0.009915	-0.049950	-0.059865	0.020017	0.034890	-0.054907	0.030315	0.079255	0.014974	-0.040058	-0.039700	0.059981
0.015018	-0.044980	-0.059998	0.014981	0.037508	-0.052489	0.034419	0.080576	0.014628	-0.039521	-0.035564	0.059995
0.014906	-0.040659	-0.055564	0.012877	0.035235	-0.048112	0.035052	0.099417	0.015026	-0.035136	-0.034994	0.060024
0.010417	-0.039942	-0.050359	0.014762	0.030388	-0.045150	0.034987	0.105373	0.019588	-0.034486	-0.034988	0.059998
0.009865	-0.040030	-0.049895	0.015082	0.029880	-0.044962	0.035050	0.104799	0.020017	-0.035064	-0.035011	0.059985
0.005169	-0.039979	-0.045148	0.017405	0.025158	-0.042563	0.034541	0.105102	0.020009	-0.029954	-0.034971	0.060002
0.005343	-0.040052	-0.045395	0.017355	0.025369	-0.042723	0.030101	0.104951	0.019998	-0.030015	-0.035058	0.060017
-0.006203	-0.039953	-0.033750	0.023078	0.013773	-0.036851	0.029519	0.105618	0.020007	-0.030044	-0.034951	0.060008
-0.012706	-0.039884	-0.027178	0.026295	0.007236	-0.033531	0.030163	0.109653	0.019994	-0.024931	-0.034914	0.059971
0.027791	-0.035049	-0.062840	0.003629	0.045316	-0.048945	0.029910	0.110078	0.019997	-0.025512	-0.030009	0.060023
0.026803	-0.034953	-0.061756	0.004075	0.044279	-0.048354	0.030065	0.110033	0.020009	-0.024896	-0.030014	0.059983
0.024131	-0.035091	-0.059223	0.005480	0.041677	-0.047157	0.029970	0.109942	0.020005	-0.020461	-0.029988	0.060085
0.030356	-0.029909	-0.060265	-0.000223	0.045310	-0.045087	0.030001	0.110273	0.019949	-0.019997	-0.025078	0.059675
0.029349	-0.030525	-0.059874	0.000588	0.044612	-0.045200	0.030008	0.114406	0.020456	-0.019531	-0.025047	0.055579
0.030193	-0.029876	-0.060068	-0.000159	0.045130	-0.044972	0.029978	0.115084	0.024924	-0.015122	-0.024992	0.054990
0.034577	-0.025488	-0.060065	-0.004545	0.047321	-0.042777	0.030079	0.114973	0.025484	-0.014465	-0.024459	0.055001
0.030715	-0.024870	-0.055585	-0.002922	0.043150	-0.040228	0.029681	0.114979	0.024828	-0.015068	-0.020266	0.054987
0.029439	-0.025307	-0.054746	-0.002066	0.042093	-0.040027	0.025582	0.114920	0.025094	-0.009912	-0.019959	0.054991
0.030194	-0.025026	-0.055219	-0.002584	0.042707	-0.040122	0.024969	0.115688	0.024958	-0.010052	-0.020012	0.055055
0.039714	-0.015075	-0.054789	-0.012320	0.047252	-0.034932	0.024994	0.119928	0.025016	-0.009952	-0.019499	0.054398
0.045466	-0.009878	-0.055343	-0.017794	0.050405	-0.032611	0.024977	0.124979	0.024991	-0.005076	-0.015133	0.050299
0.049838	-0.005259	-0.055097	-0.022290	0.052468	-0.030178	0.024986	0.129591	0.024962	-0.005092	-0.015421	0.049874
0.050092	-0.000510	-0.050602	-0.024791	0.050347	-0.025556	0.025010	0.129769	0.025065	-0.004485	-0.014910	0.050088
0.024539	-0.025426	-0.049965	0.000443	0.037252	-0.037695	0.024988	0.131074	0.024920	-0.005415	-0.010526	0.049918
0.000465	-0.049519	-0.049984	0.024527	0.025225	-0.049752	0.024985	0.129073	0.024948	-0.019766	-0.009800	0.050060
0.009220	-0.040791	-0.050010	0.015785	0.029615	-0.045400	0.025042	0.126558	0.019937	-0.029748	-0.010492	0.049884
0.015552	-0.034462	-0.050014	0.009455	0.032783	-0.042238	0.024552	0.148231	0.020107	-0.025422	-0.009910	0.050202
0.019983	-0.030033	-0.050016	0.005025	0.035000	-0.040025	0.025268	0.145462	0.019692	-0.020009	-0.005498	0.049053
0.024804	-0.025189	-0.049993	0.000193	0.037398	-0.037591	0.040317	0.144776	0.020354	-0.015131	-0.004913	0.050713
0.030532	-0.019508	-0.050040	-0.005512	0.040286	-0.034774	0.059885	0.164555	0.039322	-0.014986	-0.005148	0.068777
0.034774	-0.015211	-0.049985	-0.009782	0.042379	-0.032598	0.055344	0.170542	0.045491	-0.010056	-0.004273	0.075545
0.035667	-0.014384	-0.050051	-0.010641	0.042859	-0.032218	0.049541	0.175412	0.044323	-0.004964	-0.000181	0.079596
0.039479	-0.010497	-0.049975	-0.014491	0.044727	-0.030236	0.044983	0.189758	0.040177	-0.005088	0.005153	0.075247
0.045716	-0.003792	-0.049508	-0.020962	0.047612	-0.026650	0.040473	0.194642	0.040374	0.000418	0.009700	0.070308
0.033593	-0.006421	-0.040013	-0.013586	0.036803	-0.023217	0.034266	0.201045	0.039684	0.004978	0.015818	0.064751
0.001669	-0.028361	-0.030031	0.013346	0.015850	-0.029196	0.030375	0.204159	0.040597	0.005230	0.018882	0.060563
0.034383	0.009488	-0.024895	-0.021935	0.029639	-0.007703	0.064861	0.211171	0.069660	0.014666	0.020889	0.084570
0.059105	0.044085	-0.015020	-0.051595	0.037063	0.014532	0.094767	0.228382	0.095081	0.025038	0.043670	0.104680
0.045992	0.041250	-0.004742	-0.043621	0.025367	0.018254	0.090214	0.227274	0.094759	0.035046	0.050149	0.110537
0.069712	0.069535	-0.000177	-0.069624	0.034945	0.034679	0.085160	0.248767	0.096208	0.044857	0.049694	0.114850
0.105178	0.089862	-0.015316	-0.097520	0.060247	0.037273	0.084736	0.245489	0.114289	0.055245	0.055355	0.120142
0.114312	0.089967	-0.024345	-0.102139	0.069328	0.032811	0.080508	0.244768	0.110202	0.064454	0.053960	0.124475
0.105439	0.089953	-0.015485	-0.097696	0.060462	0.037234	0.079920	0.269396	0.110540	0.080775	0.060944	0.130191
0.099762	0.090296	-0.009466	-0.095029	0.054614	0.040415	0.075498	0.274911	0.134738	0.103432	0.083554	0.139364
0.089415	0.089146	-0.000269	-0.089280	0.044842	0.044438	0.070008	0.279853	0.145486	0.106471	0.091274	0.145910
0.090605	0.096074	0.005468	-0.093340	0.042569	0.050771	0.069720	0.285418	0.150232	0.124121	0.109343	0.164004
0.113609	0.128978	0.015369	-0.121294	0.049120	0.072174	0.064872	0.285343	0.144544	0.120922	0.110176	0.160233
0.110425	0.130048	0.019623	-0.120237	0.045401	0.074836	0.065429	0.290568	0.145640	0.114891	0.109759	0.160356
0.125389	0.130506	0.005117	-0.127948	0.060136	0.067812	0.069033	0.289405	0.169084	0.134755	0.124883	0.184421
0.164575	0.159210	-0.005365	-0.161893	0.084970	0.076923	0.070928	0.290896	0.176073	0.150582	0.134873	0.189914
0.175625	0.160809	-0.014816	-0.168217	0.095221	0.072996	0.089402	0.309467	0.179095	0.144756	0.129465	0.189924
0.184574	0.160373	-0.024200	-0.172473	0.104387	0.068086	0.085549	0.305635	0.180968	0.141266	0.130711	0.194773
0.175077	0.159473	-0.015604	-0.167275	0.095340	0.071935	0.079447	0.299470	0.184064	0.158702	0.154045	0.194837
0.170288	0.160898	-0.009390	-0.165593	0.089839	0.075754	0.075243	0.300319	0.186335	0.171403	0.166150	0.205757
0.194898	0.194326	-0.000572	-0.194612	0.097735	0.096877	0.069929	0.294905	0.199337	0.193552	0.184200	0.224372
0.194436	0.199791	0.005355	-0.197114	0.094541	0.102573	0.065013	0.290268	0.195687	0.191330	0.191059	0.230443
0.191172	0.206450	0.015277	-0.198811	0.087948	0.110863	0.060101	0.289275	0.194602	0.189193	0.194778	0.234855
0.223902	0.243468	0.019566	-0.233685	0.102168	0.131517	0.054563	0.275730	0.195632	0.190426	0.200472	0.240142
0.210601	0.230832	0.020232	-0.220717	0.095185	0.125532	0.050098	0.264379	0.189822	0.189871	0.194845	0.244429
0.195954	0.214733	0.018779	-0.205344	0.088587	0.116756	0.049504	0.250647	0.189816	0.189616	0.190194	0.245106
0.182966	0.200174	0.017208	-0.191570	0.082879	0.108691	0.045290	0.239801	0.189693	0.185186	0.189790	0.244988
0.132858	0.184648	0.051789	-0.158753	0.040534	0.118218	0.044443	0.230109	0.185652	0.185063	0.185494	0.245022
0.143034	0.190179	0.047145	-0.166606	0.047945	0.118662	0.040529	0.219989	0.184920	0.184984	0.185042	0.245152
0.155521	0.189732	0.034211	-0.172627	0.060655	0.111972	0.040259	0.210118	0.185847	0.185801	0.180424	0.245002
0.164684	0.195550	0.030866	-0.180117	0.066909	0.113208	0.034971	0.199753	0.184593	0.184694	0.175138	0.244716
0.174295	0.193767	0.019472	-0.184031	0.077412	0.106619	0.029757	0.190529	0.170198	0.170028	0.174521	0.230439
0.175322	0.187247	0.011925	-0.181285	0.081698	0.099586	0.029462	0.179933	0.159445	0.160094	0.170658	0.214986
0.210773	0.212635	0.001862	-0.211704	0.104456	0.107248	0.025589	0.165532	0.150168	0.149979	0.169092	0.204680
0.197671	0.186449	-0.011222	-0.192060	0.104446	0.087614	0.024606	0.154593	0.139880	0.135080	0.155489	0.189863
0.112670	0.153875	0.041205	-0.133273	0.035732	0.097540	0.020650	0.140641	0.130093	0.125057	0.139833	0.175570
0.103251	0.140816	0.037565	-0.122033	0.032843	0.089190	0.019311	0.129371	0.119944	0.115008	0.125133	0.165037
0.105743	0.129044	0.023301	-0.117393	0.041221	0.076172	0.015595	0.115551	0.110659	0.105020	0.109967	0.154978
0.099911	0.115624	0.015713	-0.107768	0.042099	0.065668	0.014746	0.104745	0.104510	0.094959	0.095048	0.144975
0.099511	0.104128	0.004617	-0.101820	0.047447	0.054373	0.010107	0.090049	0.095731	0.085015	0.085416	0.134963
0.095850	0.090881	-0.004969	-0.093366	0.050410	0.042956	0.009915	0.080003	0.089259	0.075015	0.074946	0.125064
0.089825	0.079220	-0.010606	-0.084523	0.050216	0.034307	0.010086	0.069947	0.080673	0.064981	0.060449	0.115456
0.060266	0.065330	0.005064	-0.062798	0.027601	0.035197	0.004921	0.055064	0.074603	0.054955	0.049807	0.109798
0.039949	0.054855	0.014905	-0.047402	0.012522	0.034880	0.005495	0.044924	0.065117	0.044999	0.040518	0.099599
0.039718	0.045035	0.005317	-0.042377	0.017201	0.025176	0.004938	0.035670	0.054934	0.034980	0.034959	0.090051
0.039881	0.035009	-0.004872	-0.037445	0.022377	0.015068	0.000364	0.029824	0.045044	0.025018	0.030537	0.084567
0.039992	0.024575	-0.015417	-0.032283	0.027704	0.004579	0.000232	0.025288	0.034888	0.014872	0.029624	0.074898
0.039804	0.015508	-0.024296	-0.027656	0.032050	-0.004394	0.000174	0.024347	0.025076	0.005520	0.025500	0.065495
0.060521	0.040699	-0.019822	-0.050610	0.040171	0.010439	-0.004462	0.020678	0.015039	-0.000029	0.024925	0.060012
0.084504	0.064011	-0.020493	-0.074257	0.052499	0.021759	-0.005511	0.019401	0.010031	-0.004512	0.020390	0.055449
0.070582	0.050782	-0.019800	-0.060682	0.045191	0.015491	-0.009865	0.015185	0.010027	-0.005085	0.015138	0.054991
0.054460	0.039724	-0.014736	-0.047092	0.034598	0.012494	-0.009597	0.014943	0.009931	-0.005028	0.014443	0.054405
0.044995	0.030273	-0.014722	-0.037634	0.029859	0.007776	-0.010057	0.009996	0.010029	-0.004941	0.010661	0.050674
0.034832	0.019605	-0.015227	-0.027219	0.025029	0.002189	-0.014574	0.005050	0.009951	-0.005105	0.009409	0.049918
0.041008	0.010862	-0.030146	-0.025935	0.035577	-0.009642	-0.014990	0.004775	0.010039	-0.005172	0.005115	0.050022
0.043214	-0.000927	-0.044141	-0.021144	0.043678	-0.022534	-0.015464	0.000593	0.009528	-0.020011	-0.000039	0.049555
0.016395	-0.024243	-0.040638	0.003924	0.028517	-0.032440	-0.019917	-0.000704	0.005082	-0.034986	-0.005003	0.045055
0.018294	-0.021116	-0.039410	0.001411	0.028852	-0.030263	-0.020492	-0.004326	0.004520	-0.035238	-0.009448	0.044605
0.020825	-0.019291	-0.040117	-0.000767	0.030471	-0.029704	-0.019831	-0.005434	0.005149	-0.035008	-0.010298	0.044826
0.014471	-0.020444	-0.034915	0.002986	0.024693	-0.027679	-0.020095	-0.009321	0.004932	-0.034989	-0.014928	0.040507
0.015420	-0.019666	-0.035086	0.002123	0.025253	-0.027376	-0.019953	-0.010708	0.005018	-0.035032	-0.020038	0.039999
0.014510	-0.020450	-0.034960	0.002970	0.024735	-0.027705	-0.020039	-0.014411	0.005051	-0.035002	-0.025021	0.040047
0.010877	-0.019172	-0.030049	0.004147	0.020463	-0.024610	-0.019977	-0.015221	0.004707	-0.035008	-0.029789	0.039694
0.013389	-0.015725	-0.029114	0.001168	0.021251	-0.022420	-0.020016	-0.019932	0.000575	-0.035007	-0.030457	0.035563
0.021912	-0.008278	-0.030191	-0.006817	0.026052	-0.019235	-0.019999	-0.020025	-0.000032	-0.035016	-0.034980	0.034986
0.048473	0.023334	-0.025139	-0.035903	0.036806	-0.000902	-0.020006	-0.020031	0.000012	-0.035008	-0.035402	0.034995
0.041120	0.016321	-0.024799	-0.028720	0.032960	-0.004239	-0.019994	-0.024821	-0.000008	-0.034990	-0.034997	0.034985
0.029527	0.004056	-0.025470	-0.016792	0.027499	-0.010707	-0.019998	-0.025532	0.000021	-0.034997	-0.034618	0.034997
0.015545	-0.004337	-0.019882	-0.005604	0.017713	-0.012109	-0.020008	-0.029399	-0.000021	-0.035014	-0.035041	0.035011
0.004476	-0.015139	-0.019615	0.005331	0.012045	-0.017377	-0.019998	-0.030540	0.000059	-0.035000	-0.039588	0.034996
0.010139	-0.009822	-0.019961	-0.000159	0.015050	-0.014891	-0.019994	-0.034848	-0.000266	-0.034997	-0.040017	0.034988
0.009569	-0.005436	-0.015005	-0.002067	0.012287	-0.010220	-0.020006	-0.034611	-0.004439	-0.034995	-0.040016	0.034997
0.015838	0.000883	-0.014956	-0.008361	0.015397	-0.007036	-0.019999	-0.035056	-0.005530	-0.035011	-0.039975	0.035013
0.013876	-0.001201	-0.015077	-0.006337	0.014476	-0.008139	-0.020016	-0.039576	-0.010240	-0.034995	-0.040587	0.034997
-0.008116	-0.017989	-0.009873	0.013053	0.000878	-0.013931	-0.019974	-0.040025	-0.010018	-0.034982	-0.044678	0.034991
-0.027298	-0.037857	-0.010558	0.032578	-0.008370	-0.024208	-0.020026	-0.040010	-0.009693	-0.034996	-0.045084	0.034997
-0.067708	-0.077687	-0.009979	0.072697	-0.028864	-0.043833	-0.019954	-0.040010	-0.014551	-0.035004	-0.044979	0.035014
-0.031102	-0.041541	-0.010439	0.036321	-0.010332	-0.025990	-0.020079	-0.040011	-0.015442	-0.035013	-0.045024	0.034997
0.020306	0.000010	-0.020296	-0.010158	0.020301	-0.010143	-0.019830	-0.039995	-0.019917	-0.034836	-0.044975	0.034991
0.019872	-0.009709	-0.029581	-0.005082	0.024726	-0.019645	-0.020458	-0.039998	-0.019548	-0.029712	-0.045009	0.034997
0.010270	-0.015366	-0.025636	0.002548	0.017953	-0.020501	-0.019941	-0.040009	-0.020078	-0.025151	-0.045010	0.035014
-0.000358	-0.024770	-0.024412	0.012564	0.012027	-0.024591	-0.015410	-0.040004	-0.025073	-0.035299	-0.045004	0.034997
-0.004950	-0.030163	-0.025213	0.017556	0.010131	-0.027688	-0.015038	-0.039964	-0.029836	-0.054241	-0.044988	0.034991
0.000449	-0.024453	-0.024902	0.012002	0.012675	-0.024677	-0.014591	-0.040028	-0.029673	-0.051038	-0.044999	0.034997
0.004907	-0.020142	-0.025049	0.007617	0.014978	-0.022595	-0.015688	-0.039955	-0.029945	-0.049239	-0.045018	0.035014
0.005547	-0.019497	-0.025044	0.006975	0.015295	-0.022270	-0.029813	-0.040098	-0.034735	-0.050246	-0.045003	0.034997
0.009564	-0.015158	-0.024722	0.002797	0.017143	-0.019940	-0.039848	-0.039668	-0.034748	-0.049865	-0.044944	0.034991
0.005692	-0.014874	-0.020567	0.004591	0.013129	-0.017720	-0.035072	-0.035388	-0.035676	-0.050085	-0.045449	0.034997
0.009908	-0.010082	-0.019990	0.000087	0.014949	-0.015036	-0.034463	-0.034393	-0.034406	-0.049969	-0.049968	0.035014
0.015096	-0.004899	-0.019995	-0.005099	0.017546	-0.012447	-0.035116	-0.045510	-0.036148	-0.050040	-0.049896	0.034997
0.014938	-0.005060	-0.019998	-0.004939	0.017468	-0.012529	-0.034997	-0.063937	-0.058615	-0.049980	-0.045134	0.034991
0.020359	0.000376	-0.019983	-0.010367	0.020171	-0.009803	-0.034578	-0.060684	-0.056267	-0.050013	-0.045010	0.034997
0.019869	-0.000203	-0.020071	-0.009833	0.019970	-0.010137	-0.030081	-0.059465	-0.054098	-0.050047	-0.044994	0.035014
0.005224	-0.014156	-0.019381	0.004466	0.012302	-0.016768	-0.029541	-0.054783	-0.055408	-0.049416	-0.045026	0.034997
-0.009834	-0.025222	-0.015388	0.017528	0.002777	-0.020305	-0.030163	-0.054968	-0.054502	-0.045301	-0.044958	0.034991
-0.025396	-0.040215	-0.014819	0.032806	-0.005289	-0.027517	-0.029916	-0.055310	-0.050725	-0.044915	-0.045041	0.034997
-0.034722	-0.049919	-0.015196	0.042320	-0.009763	-0.032558	-0.030092	-0.050485	-0.049874	-0.045051	-0.044958	0.035014
-0.030482	-0.045236	-0.014755	0.037859	-0.007864	-0.029995	-0.029389	-0.049546	-0.050147	-0.044986	-0.045092	0.034997
-0.024860	-0.040253	-0.015393	0.032556	-0.004734	-0.027823	-0.025316	-0.045115	-0.049655	-0.044981	-0.044820	0.034991
-0.025360	-0.039458	-0.014097	0.032409	-0.005631	-0.026778	-0.024920	-0.045412	-0.045605	-0.045024	-0.045476	0.034997
-0.018869	-0.035553	-0.016684	0.027211	-0.001093	-0.026118	-0.025019	-0.044987	-0.044980	-0.044967	-0.044932	0.035014
-0.021408	-0.035253	-0.013845	0.028330	-0.003781	-0.024549	-0.025052	-0.040405	-0.044996	-0.045085	-0.040454	0.034997
-0.053227	-0.030028	0.023199	0.041628	-0.038213	-0.003415	-0.024696	-0.039845	-0.045033	-0.044826	-0.039944	0.034991
-0.046183	-0.024717	0.021466	0.035450	-0.033824	-0.001626	-0.020569	-0.035041	-0.044547	-0.045476	-0.040003	0.034997
-0.039163	-0.024575	0.014588	0.031869	-0.026875	-0.004994	-0.019980	-0.034962	-0.040092	-0.044935	-0.040017	0.035014
-0.030596	-0.019823	0.010773	0.025209	-0.020684	-0.004525	-0.019997	-0.035071	-0.039524	-0.040454	-0.039998	0.034997
-0.024733	-0.019814	0.004919	0.022274	-0.014826	-0.007448	-0.019991	-0.029902	-0.040186	-0.039944	-0.039990	0.034991
-0.029853	-0.025115	0.004739	0.027484	-0.017296	-0.010188	-0.019996	-0.030525	-0.039482	-0.040004	-0.040005	0.034997
-0.024722	-0.024931	-0.000209	0.024826	-0.012257	-0.012570	-0.020006	-0.029880	-0.035106	-0.040016	-0.040009	0.035014
-0.020373	-0.025101	-0.004728	0.022737	-0.007823	-0.014914	-0.019998	-0.025482	-0.034561	-0.039992	-0.040006	0.034997
-0.019369	-0.029797	-0.010427	0.024583	-0.004471	-0.020112	-0.019992	-0.024925	-0.035036	-0.040036	-0.040021	0.034991
-0.015616	-0.030372	-0.014756	0.022994	-0.000430	-0.022564	-0.019998	-0.025007	-0.035347	-0.039547	-0.039574	0.034997
-0.014327	-0.029921	-0.015594	0.022124	0.000634	-0.022758	-0.020007	-0.025039	-0.035034	-0.035091	-0.035052	0.035014
0.009516	-0.020364	-0.029879	0.005424	0.019698	-0.025121	-0.019998	-0.024413	-0.030346	-0.034527	-0.034618	0.034997
0.030071	-0.009922	-0.039993	-0.010075	0.035032	-0.024957	-0.019995	-0.020306	-0.030113	-0.035140	-0.034832	0.034991
0.039916	-0.000007	-0.039923	-0.019955	0.039920	-0.019965	-0.019998	-0.019916	-0.029365	-0.034930	-0.030514	0.034997
0.050059	0.009970	-0.040089	-0.030015	0.045074	-0.015059	-0.020008	-0.020040	-0.025711	-0.035029	-0.030000	0.035014
0.060153	0.020184	-0.039969	-0.040168	0.050061	-0.009892	-0.019998	-0.019982	-0.024904	-0.035049	-0.030044	0.034997
0.065143	0.025102	-0.040042	-0.045123	0.052593	-0.007470	-0.019995	-0.020033	-0.025069	-0.034700	-0.029720	0.034993
0.059460	0.019474	-0.039986	-0.039467	0.049723	-0.010256	-0.019998	-0.019569	-0.024534	-0.030569	-0.025537	0.034990
0.055205	0.015171	-0.040034	-0.035188	0.047620	-0.012432	-0.020008	-0.015041	-0.020095	-0.029980	-0.025029	0.035022
0.054480	0.014481	-0.039999	-0.034480	0.047239	-0.012759	-0.019996	-0.014605	-0.019517	-0.030008	-0.024950	0.034980
0.050382	0.010376	-0.040006	-0.030379	0.045194	-0.014815	-0.019995	-0.014997	-0.020196	-0.029975	-0.024913	0.035012
0.049393	0.009393	-0.040000	-0.029393	0.044697	-0.015304	-0.019992	-0.015384	-0.019476	-0.030025	-0.020011	0.034964
0.045613	0.005593	-0.040020	-0.025603	0.042817	-0.017213	-0.020014	-0.014977	-0.015103	-0.029968	-0.020001	0.035063
0.045141	0.005159	-0.039983	-0.025150	0.042562	-0.017412	-0.019986	-0.010414	-0.014571	-0.030085	-0.019985	0.034920
0.040153	0.000144	-0.040009	-0.020148	0.040081	-0.019933	-0.020009	-0.009970	-0.014859	-0.029676	-0.015052	0.035136
0.034494	-0.005468	-0.039962	-0.014513	0.037228	-0.022715	-0.019971	-0.009979	-0.010491	-0.025580	-0.015032	0.034555
0.034853	-0.005213	-0.040066	-0.014820	0.037460	-0.022640	-0.020050	-0.010017	-0.010000	-0.024976	-0.014976	0.035042
0.029969	-0.009949	-0.039918	-0.010010	0.034943	-0.024934	-0.019910	-0.009980	-0.010034	-0.025004	-0.014452	0.039634
0.030810	-0.009304	-0.040113	-0.010753	0.035461	-0.024709	-0.020309	-0.010007	-0.009717	-0.024992	-0.010235	0.039873
0.023296	-0.016485	-0.039781	-0.003406	0.031539	-0.028133	-0.024416	-0.009975	-0.005537	-0.024999	-0.009993	0.040473
0.028169	-0.012534	-0.040703	-0.007817	0.034436	-0.026619	-0.025044	-0.010042	-0.005017	-0.025010	-0.009536	0.039932
0.072312	0.032096	-0.040216	-0.052204	0.056264	-0.004060	-0.024993	-0.009912	-0.004908	-0.024997	-0.009871	0.035456
0.062456	0.021888	-0.040568	-0.042172	0.051512	-0.009340	-0.024999	-0.010317	-0.005306	-0.024995	-0.019794	0.034950
0.058551	0.008940	-0.049611	-0.033746	0.054081	-0.020335	-0.024998	-0.014370	-0.009416	-0.024992	-0.029965	0.035003
0.046046	0.000448	-0.045599	-0.023247	0.045822	-0.022575	-0.025012	-0.015655	-0.010035	-0.025043	-0.040528	0.035018
0.029644	-0.014799	-0.044442	-0.007422	0.037043	-0.029621	-0.024996	-0.020073	-0.009993	-0.024415	-0.049515	0.034996
0.020126	-0.025095	-0.045221	0.002485	0.032674	-0.035158	-0.024997	-0.020248	-0.009999	-0.020315	-0.045555	0.034996
0.009697	-0.034782	-0.044479	0.012542	0.027088	-0.039630	-0.024992	-0.014879	-0.009999	-0.019878	-0.044846	0.034999
0.009619	-0.030465	-0.040085	0.010423	0.024852	-0.035275	-0.025018	-0.015083	-0.010005	-0.020084	-0.045096	0.035013
0.010018	-0.029585	-0.039604	0.009783	0.024811	-0.034595	-0.024986	-0.014957	-0.010000	-0.019905	-0.044978	0.034991
0.010096	-0.029836	-0.039932	0.009870	0.025014	-0.034884	-0.025008	-0.010096	-0.010001	-0.020091	-0.045015	0.035037
0.014950	-0.025525	-0.040475	0.005287	0.027712	-0.033000	-0.024971	-0.010059	-0.010000	-0.019842	-0.045025	0.034540
0.014839	-0.024971	-0.039811	0.005066	0.027325	-0.032391	-0.025051	-0.009947	-0.010005	-0.020220	-0.044980	0.030098
0.010036	-0.025656	-0.035692	0.007810	0.022864	-0.030674	-0.024909	-0.009535	-0.009996	-0.019649	-0.045088	0.029518
0.004943	-0.029457	-0.034400	0.012257	0.019671	-0.031928	-0.025304	-0.005109	-0.009996	-0.020665	-0.044831	0.030160
0.005037	-0.030041	-0.035079	0.012502	0.020058	-0.032560	-0.029414	-0.005416	-0.009998	-0.019250	-0.045476	0.029909
-0.005376	-0.039245	-0.033869	0.022310	0.014247	-0.036557	-0.030044	-0.004914	-0.009998	-0.021321	-0.044932	0.030063
-0.008580	-0.045400	-0.036820	0.026990	0.014120	-0.041110	-0.029992	-0.000477	-0.010007	-0.043354	-0.040454	0.029970
0.028309	-0.039860	-0.068170	0.005775	0.048240	-0.054015	-0.029991	0.000130	-0.009974	-0.041072	-0.039936	0.030005
0.031481	-0.034823	-0.066304	0.001671	0.048893	-0.050564	-0.030010	-0.000093	-0.010029	-0.039632	-0.040003	0.030008
0.029674	-0.034451	-0.064125	0.002389	0.046900	-0.049288	-0.029971	-0.000023	-0.009957	-0.040249	-0.040011	0.029981
0.034774	-0.030546	-0.065320	-0.002114	0.050047	-0.047933	-0.030598	-0.004593	-0.010050	-0.039303	-0.039997	0.030078
0.035035	-0.029777	-0.064812	-0.002629	0.049924	-0.047295	-0.034659	-0.009837	-0.010073	-0.035402	-0.039982	0.029685
0.040425	-0.024698	-0.065123	-0.007864	0.052774	-0.044911	-0.035126	-0.010522	-0.014996	-0.034858	-0.039997	0.025582
0.045070	-0.019879	-0.064949	-0.012595	0.055009	-0.042414	-0.034916	-0.014386	-0.014998	-0.035126	-0.040011	0.024979
0.045236	-0.019827	-0.065062	-0.012704	0.055149	-0.042445	-0.035120	-0.015538	-0.015025	-0.034385	-0.040003	0.024998
0.050401	-0.014561	-0.064962	-0.017920	0.057681	-0.039762	-0.034810	-0.019805	-0.019894	-0.030331	-0.039936	0.025043
0.049092	-0.015934	-0.065026	-0.016579	0.057059	-0.040480	-0.035492	-0.020048	-0.020034	-0.029927	-0.040454	0.024542
0.040696	-0.024322	-0.065019	-0.008187	0.052858	-0.044671	-0.034921	-0.024996	-0.019363	-0.030012	-0.044932	0.020094
0.033243	-0.031754	-0.064998	-0.000745	0.049120	-0.048376	-0.030462	-0.029992	-0.015596	-0.030065	-0.045479	0.019518
0.011203	-0.053777	-0.064979	0.021287	0.038091	-0.059378	-0.029947	-0.030151	-0.014881	-0.029675	-0.044822	0.020164
0.013820	-0.051197	-0.065017	0.018688	0.039418	-0.058107	-0.030007	-0.034530	-0.015053	-0.025595	-0.045091	0.019904
0.015877	-0.049136	-0.065013	0.016630	0.040445	-0.057075	-0.030013	-0.035511	-0.014975	-0.024932	-0.044960	0.020092
0.014635	-0.050376	-0.065011	0.017871	0.039823	-0.057694	-0.029996	-0.040256	-0.015021	-0.025093	-0.045037	0.019388
0.015408	-0.049535	-0.064942	0.017063	0.040175	-0.057238	-0.029993	-0.039986	-0.014980	-0.024661	-0.044967	0.015320
0.019346	-0.045695	-0.065040	0.013174	0.042193	-0.055368	-0.029999	-0.035461	-0.015010	-0.020593	-0.045014	0.014914
0.020020	-0.044921	-0.064941	0.012451	0.042481	-0.054931	-0.030011	-0.035059	-0.015000	-0.019947	-0.045009	0.015023
0.020080	-0.045058	-0.065138	0.012489	0.042609	-0.055098	-0.029991	-0.034962	-0.014989	-0.020044	-0.045004	0.015036
0.019609	-0.045019	-0.064628	0.012705	0.042118	-0.054823	-0.030038	-0.035032	-0.014988	-0.019879	-0.044988	0.014721
0.020360	-0.044572	-0.064932	0.012106	0.042646	-0.054752	-0.029540	-0.034979	-0.014975	-0.020577	-0.044997	0.010529
0.025002	-0.040087	-0.065089	0.007542	0.045046	-0.052588	-0.025096	-0.035029	-0.015023	-0.024365	-0.045016	0.010034
0.005087	-0.039526	-0.044613	0.017220	0.024850	-0.042069	-0.024513	-0.034991	-0.014960	-0.025523	-0.044996	0.009903
-0.009260	-0.040182	-0.030922	0.024721	0.010831	-0.035552	-0.025162	-0.034999	-0.015034	-0.029973	-0.044986	0.010160
0.024797	-0.039484	-0.064281	0.007344	0.044539	-0.051883	-0.024897	-0.034991	-0.014907	-0.030233	-0.044996	0.009514
0.049857	-0.035099	-0.084956	-0.007379	0.067407	-0.060027	-0.025074	-0.035047	-0.015164	-0.025519	-0.045016	0.010088
0.045339	-0.034567	-0.079906	-0.005386	0.062623	-0.057236	-0.024946	-0.034415	-0.014133	-0.025030	-0.044997	0.014541
0.044755	-0.035014	-0.079769	-0.004870	0.062262	-0.057392	-0.025030	-0.030308	-0.015421	-0.024943	-0.044986	0.015039
0.044698	-0.035358	-0.080056	-0.004670	0.062377	-0.057707	-0.024953	-0.029899	-0.029809	-0.025064	-0.044995	0.014992
0.045010	-0.035001	-0.080010	-0.005005	0.062510	-0.057505	-0.025061	-0.030064	-0.039901	-0.024937	-0.044992	0.015004
0.049617	-0.030397	-0.080014	-0.009610	0.064816	-0.055205	-0.024903	-0.029952	-0.040408	-0.025104	-0.045562	0.015001
0.050000	-0.029977	-0.079977	-0.010011	0.064988	-0.054977	-0.025309	-0.030029	-0.039883	-0.024823	-0.049697	0.014996
0.050037	-0.029971	-0.080008	-0.010033	0.065023	-0.054989	-0.029415	-0.029948	-0.040063	-0.025480	-0.050045	0.014997
0.049986	-0.030045	-0.080031	-0.009971	0.065009	-0.055038	-0.030046	-0.030070	-0.039984	-0.024929	-0.050035	0.015007
0.050083	-0.029930	-0.080013	-0.010077	0.065048	-0.054971	-0.029993	-0.029905	-0.040029	-0.020424	-0.049929	0.015005
0.049699	-0.030274	-0.079974	-0.009713	0.064837	-0.055124	-0.029997	-0.030152	-0.039988	-0.019969	-0.050137	0.014951
0.045556	-0.034442	-0.079998	-0.005557	0.062777	-0.057220	-0.029998	-0.029486	-0.040013	-0.019938	-0.049526	0.015456
0.044471	-0.035562	-0.080032	-0.004455	0.062252	-0.057797	-0.030014	-0.030701	-0.040014	-0.020090	-0.050097	0.019922
0.039759	-0.040235	-0.079994	0.000238	0.059877	-0.060114	-0.029999	-0.039082	-0.040006	-0.019858	-0.054546	0.020484
0.039999	-0.039987	-0.079987	-0.000006	0.059993	-0.059987	-0.029995	-0.035677	-0.039989	-0.020183	-0.055032	0.019827
0.044463	-0.035525	-0.079988	-0.004469	0.062225	-0.057756	-0.030005	-0.034771	-0.039997	-0.019644	-0.054991	0.020100
0.045665	-0.034380	-0.080045	-0.005643	0.062855	-0.057212	-0.030005	-0.035131	-0.040016	-0.020928	-0.055022	0.019944
0.049409	-0.030586	-0.079995	-0.009412	0.064702	-0.055291	-0.030015	-0.034938	-0.039994	-0.019196	-0.055003	0.020051
0.050154	-0.029673	-0.079827	-0.010240	0.064990	-0.054750	-0.029970	-0.035023	-0.039990	-0.021493	-0.054945	0.019959
0.049669	-0.025486	-0.075155	-0.012092	0.062412	-0.050320	-0.030038	-0.035004	-0.039991	-0.047751	-0.055453	0.020043
0.050035	-0.024393	-0.074428	-0.012821	0.062231	-0.049410	-0.029954	-0.034980	-0.040022	-0.046300	-0.059944	0.019959
0.059890	-0.015224	-0.075114	-0.022333	0.067502	-0.045169	-0.030093	-0.035080	-0.039985	-0.044275	-0.060477	0.020095
0.065248	-0.009725	-0.074973	-0.027762	0.070110	-0.042349	-0.029825	-0.034835	-0.040004	-0.045286	-0.059825	0.019683
0.070564	-0.004334	-0.074898	-0.033115	0.072731	-0.039616	-0.030480	-0.035476	-0.039969	-0.044847	-0.060098	0.015582
0.075005	-0.000595	-0.075600	-0.037205	0.075302	-0.038097	-0.029926	-0.034928	-0.040058	-0.045122	-0.059960	0.014974
0.059962	-0.014924	-0.074886	-0.022519	0.067424	-0.044905	-0.025456	-0.030457	-0.039909	-0.044946	-0.060046	0.015004
0.044819	-0.025242	-0.070061	-0.009788	0.057440	-0.047651	-0.024948	-0.029920	-0.040304	-0.045036	-0.059991	0.014995
0.035148	-0.034971	-0.070119	-0.000089	0.052634	-0.052545	-0.025004	-0.030022	-0.044414	-0.044999	-0.059595	0.015001
0.024885	-0.044913	-0.069798	0.010014	0.047341	-0.057355	-0.025011	-0.029969	-0.045051	-0.044999	-0.055042	0.015029
0.015063	-0.055847	-0.070910	0.020392	0.042987	-0.063378	-0.024996	-0.030052	-0.044991	-0.045074	-0.054618	0.014433
0.005236	-0.064592	-0.069827	0.029678	0.037531	-0.067210	-0.024994	-0.029898	-0.044990	-0.044677	-0.054985	0.010285
0.009566	-0.060058	-0.069624	0.025246	0.039595	-0.064841	-0.025000	-0.030121	-0.044996	-0.040579	-0.055390	0.009950
0.015141	-0.055011	-0.070153	0.019935	0.042647	-0.062582	-0.025009	-0.029812	-0.045018	-0.039983	-0.054987	0.009987
0.015202	-0.050066	-0.065268	0.017432	0.040235	-0.057667	-0.024992	-0.030338	-0.044997	-0.040003	-0.050426	0.010066
0.020286	-0.044892	-0.065178	0.012303	0.042732	-0.055035	-0.025040	-0.029151	-0.044988	-0.039987	-0.049950	0.009846
0.025050	-0.040630	-0.065680	0.007790	0.045365	-0.053155	-0.024541	-0.031034	-0.045002	-0.040005	-0.050013	0.010462
0.025639	-0.039318	-0.064957	0.006839	0.045298	-0.052137	-0.020094	-0.048829	-0.044985	-0.040007	-0.049987	0.009933
0.029391	-0.035594	-0.064985	0.003101	0.047188	-0.050290	-0.019514	-0.045577	-0.045579	-0.040013	-0.050076	0.005434
0.030126	-0.034890	-0.065016	0.002382	0.047571	-0.049953	-0.020140	-0.044772	-0.049674	-0.039973	-0.049676	0.004967
0.029897	-0.034992	-0.064890	0.002547	0.047394	-0.049941	-0.019916	-0.045385	-0.050088	-0.040031	-0.045581	0.004965
0.030129	-0.035099	-0.065228	0.002485	0.047678	-0.050163	-0.020032	-0.040433	-0.049978	-0.039994	-0.044984	0.005050
0.029702	-0.034307	-0.064009	0.002302	0.046855	-0.049158	-0.020005	-0.040089	-0.050032	-0.039511	-0.044996	0.004912
0.035434	-0.030471	-0.065905	-0.002482	0.050670	-0.048188	-0.019943	-0.039953	-0.049979	-0.035143	-0.045032	0.005140
0.054769	-0.029584	-0.084353	-0.012593	0.069561	-0.056968	-0.020091	-0.039632	-0.050026	-0.035394	-0.044547	0.004539
0.055147	-0.030948	-0.086095	-0.012099	0.070621	-0.058522	-0.019851	-0.035017	-0.050007	-0.034978	-0.040093	0.005045
0.056270	-0.029204	-0.085474	-0.013533	0.070872	-0.057339	-0.020273	-0.034645	-0.050029	-0.030414	-0.039531	0.009601
0.053738	-0.031584	-0.085322	-0.011077	0.069530	-0.058453	-0.019443	-0.034818	-0.049973	-0.030029	-0.040141	0.009901
0.026490	-0.058341	-0.084831	0.015926	0.055660	-0.071586	-0.025512	-0.030518	-0.050098	-0.029516	-0.039936	0.010609
0.038462	-0.046701	-0.085163	0.004120	0.061812	-0.065932	-0.043799	-0.029987	-0.049351	-0.025137	-0.040052	0.014322
0.055693	-0.029210	-0.084903	-0.013241	0.070298	-0.057056	-0.040168	-0.030063	-0.045091	-0.024479	-0.039471	0.015073
0.070041	-0.015072	-0.085113	-0.027485	0.077577	-0.050093	-0.034571	-0.029682	-0.039973	-0.025062	-0.035165	0.014940
0.079506	-0.005332	-0.084838	-0.037087	0.082172	-0.045085	-0.030201	-0.025597	-0.035027	-0.019952	-0.035377	0.015436
0.060382	-0.025268	-0.085650	-0.017557	0.073016	-0.055459	-0.024907	-0.024934	-0.029979	-0.020008	-0.034986	0.019965
0.045536	-0.039364	-0.084900	-0.003086	0.065218	-0.062132	-0.020040	-0.025096	-0.025575	-0.020042	-0.030407	0.020388
0.049434	-0.030412	-0.079846	-0.009511	0.064640	-0.055129	-0.015148	-0.024664	-0.024699	-0.014927	-0.030030	0.020158
0.055834	-0.019794	-0.075628	-0.018020	0.065731	-0.047711	-0.014995	-0.020608	-0.020067	-0.015519	-0.029516	0.024488
0.064042	-0.010304	-0.074346	-0.026869	0.069194	-0.042325	-0.014997	-0.019932	-0.014980	-0.014877	-0.025137	0.025027
0.071004	0.000422	-0.070582	-0.035713	0.070793	-0.035080	-0.015002	-0.020091	-0.010521	-0.010486	-0.024479	0.024948
0.079123	0.009311	-0.069812	-0.044217	0.074468	-0.030250	-0.014984	-0.019682	-0.009815	-0.009953	-0.025062	0.025290
0.086055	0.021428	-0.064627	-0.053741	0.075341	-0.021599	-0.014979	-0.015582	-0.004644	-0.009596	-0.019951	0.029431
0.083194	0.023142	-0.060052	-0.053168	0.071623	-0.018455	-0.015009	-0.014974	0.000002	-0.005024	-0.020012	0.030034
0.087384	0.027856	-0.059527	-0.057620	0.073455	-0.015836	-0.014973	-0.014996	0.000370	-0.004613	-0.020033	0.030007
0.137328	0.082151	-0.055176	-0.109739	0.096252	0.013487	-0.014997	-0.015041	0.005107	-0.005002	-0.014952	0.029952
0.136765	0.082167	-0.054598	-0.109466	0.095681	0.013785	-0.014962	-0.014551	0.009366	-0.005387	-0.015487	0.030040
0.128372	0.079029	-0.049342	-0.103700	0.088857	0.014843	-0.015039	-0.010086	0.010702	-0.004981	-0.014937	0.029927
0.120845	0.075612	-0.045233	-0.098228	0.083039	0.015189	-0.014932	-0.009530	0.014915	-0.000412	-0.010402	0.030118
0.119226	0.074572	-0.044654	-0.096899	0.081940	0.014959	-0.015104	-0.010218	0.020085	0.000000	-0.010109	0.029796
0.115776	0.075569	-0.040207	-0.095672	0.077991	0.017681	-0.014583	-0.009473	0.024524	0.000033	-0.009358	0.030271
0.104731	0.070298	-0.034434	-0.087514	0.069582	0.017932	-0.015152	-0.005125	0.025120	-0.000085	-0.005761	0.029742
0.105921	0.069709	-0.036212	-0.087815	0.071066	0.016749	-0.024593	-0.004520	0.029525	0.000633	-0.004794	0.035662
0.124223	0.064993	-0.059230	-0.094608	0.091727	0.002881	-0.035010	-0.005100	0.035030	0.004725	-0.005373	0.039238
0.151422	0.065258	-0.086164	-0.108340	0.118793	-0.010453	-0.039444	-0.005247	0.035075	0.010517	-0.004741	0.041390
0.173417	0.065157	-0.108261	-0.119287	0.140839	-0.021552	-0.040055	-0.004981	0.039503	0.014910	0.005010	0.063794
0.176487	0.070890	-0.105596	-0.123689	0.141041	-0.017353	-0.039995	0.004752	0.044568	0.015459	0.010427	0.061075
0.167466	0.068469	-0.098997	-0.117968	0.133232	-0.015264	-0.040009	0.014921	0.045000	0.020030	0.014877	0.059540
0.168634	0.072602	-0.096032	-0.120618	0.132333	-0.011715	-0.040000	0.025724	0.039603	0.024534	0.020079	0.060662
0.200591	0.112342	-0.088249	-0.156466	0.144420	0.012047	-0.040022	0.034900	0.035045	0.025157	0.025001	0.054747
0.194921	0.107192	-0.087729	-0.151056	0.141325	0.009732	-0.040005	0.025036	0.034615	0.029457	0.029500	0.054836
0.174460	0.098718	-0.075742	-0.136589	0.125101	0.011488	-0.040003	0.014828	0.030132	0.035330	0.030140	0.054720
0.136387	0.091176	-0.045211	-0.113781	0.090799	0.022983	-0.040003	0.009989	0.030003	0.034734	0.029966	0.050645
0.189639	0.083993	-0.105646	-0.136816	0.147642	-0.010826	-0.040017	0.000564	0.025012	0.025043	0.030094	0.049924
0.184390	0.075962	-0.108428	-0.130176	0.146409	-0.016233	-0.039997	-0.009611	0.020026	0.019583	0.029938	0.050180
0.172429	0.069235	-0.103194	-0.120832	0.137811	-0.016979	-0.039989	-0.014920	0.019881	0.015177	0.030309	0.049449
0.161351	0.055798	-0.105553	-0.108575	0.133452	-0.024877	-0.040004	-0.020380	0.015419	0.009949	0.030107	0.040753
0.148705	0.044861	-0.103844	-0.096783	0.126274	-0.029491	-0.040007	-0.025038	0.014974	0.005079	0.020532	0.034229
0.141195	0.035631	-0.105564	-0.088413	0.123379	-0.034966	-0.040017	-0.025296	0.010443	-0.000564	0.009932	0.025748
0.134393	0.029840	-0.104553	-0.082117	0.119473	-0.037356	-0.039969	-0.030328	0.004884	-0.009902	0.000053	0.019506
0.130387	0.025071	-0.105316	-0.077729	0.117852	-0.040123	-0.040038	-0.035081	0.000056	-0.019604	-0.010019	0.010753
0.124726	0.019953	-0.104773	-0.072339	0.114750	-0.042410	-0.039964	-0.035715	-0.005000	-0.025046	-0.019443	0.004209
0.120351	0.015044	-0.105307	-0.067697	0.112829	-0.045132	-0.040084	-0.039193	-0.010038	-0.034609	-0.024820	-0.004292
0.114442	0.009758	-0.104684	-0.062100	0.109563	-0.047463	-0.039845	-0.041295	-0.015077	-0.044910	-0.035123	-0.010458
0.105427	0.000034	-0.105393	-0.052730	0.105410	-0.052679	-0.040461	-0.058762	-0.025029	-0.050426	-0.054481	-0.019369
0.094376	-0.010035	-0.104411	-0.042170	0.099393	-0.057223	-0.039966	-0.056316	-0.029950	-0.060002	-0.064931	-0.025611
0.086659	-0.020003	-0.106662	-0.033328	0.096661	-0.063333	-0.035426	-0.054300	-0.035148	-0.064936	-0.070030	-0.035242
0.072785	-0.030019	-0.102804	-0.021383	0.087794	-0.066412	-0.034846	-0.055038	-0.044720	-0.064971	-0.074843	-0.039847
0.068015	-0.039842	-0.107857	-0.014086	0.087936	-0.073850	-0.030055	-0.050370	-0.050564	-0.065050	-0.075040	-0.035496
0.112042	-0.044933	-0.156975	-0.033555	0.134508	-0.100954	-0.029955	-0.050159	-0.054271	-0.065009	-0.075036	-0.035055
0.071400	-0.040354	-0.111754	-0.015523	0.091577	-0.076054	-0.030086	-0.049882	-0.050624	-0.065032	-0.075026	-0.034986
0.030107	-0.035167	-0.065275	0.002530	0.047691	-0.050221	-0.024909	-0.049973	-0.049634	-0.064990	-0.074956	-0.035067
0.034161	-0.034533	-0.068695	0.000186	0.051428	-0.051614	-0.025538	-0.044974	-0.045668	-0.065015	-0.075465	-0.034571
0.041494	-0.029948	-0.071443	-0.005773	0.056469	-0.050696	-0.024884	-0.045059	-0.044329	-0.065024	-0.079951	-0.030060
0.073886	-0.025023	-0.098909	-0.024432	0.086398	-0.061966	-0.020481	-0.044969	-0.040614	-0.065003	-0.080486	-0.029586
0.071113	-0.024659	-0.095772	-0.023227	0.083442	-0.060215	-0.019992	-0.040165	-0.039738	-0.065012	-0.079829	-0.030016
0.048684	-0.045702	-0.094386	-0.001491	0.071535	-0.070044	-0.019593	-0.040063	-0.035192	-0.064987	-0.080086	-0.030319
0.020848	-0.074420	-0.095268	0.026786	0.058058	-0.084844	-0.015094	-0.040128	-0.034879	-0.065097	-0.079996	-0.030077
0.019480	-0.070239	-0.089719	0.025380	0.054599	-0.079979	-0.014588	-0.039412	-0.035284	-0.064988	-0.080599	-0.025298
0.024525	-0.065152	-0.089677	0.020313	0.057101	-0.077415	-0.014856	-0.035717	-0.029921	-0.065256	-0.084857	-0.025233
0.025481	-0.064428	-0.089909	0.019473	0.057695	-0.077169	-0.005054	-0.034465	-0.030910	-0.064977	-0.085056	-0.024693
0.023973	-0.060535	-0.084508	0.018281	0.054240	-0.072521	0.000081	-0.035597	-0.029659	-0.065377	-0.085292	-0.025994
0.032624	-0.053557	-0.086181	0.010466	0.059403	-0.069869	0.004893	-0.034169	-0.026135	-0.064703	-0.084760	-0.024299
0.025527	-0.057324	-0.082851	0.015899	0.054189	-0.070087	0.015520	-0.006094	-0.024149	-0.066314	-0.086061	-0.026440
0.000255	-0.087208	-0.087463	0.043476	0.043859	-0.087335	0.019447	0.020576	-0.027403	-0.063679	-0.083521	-0.048909
0.068982	-0.062030	-0.131011	-0.003476	0.099996	-0.096520	0.025583	0.070231	-0.023111	-0.042201	-0.071857	-0.056563
0.048027	-0.028682	-0.076709	-0.009673	0.062368	-0.052695	0.070155	0.150536	0.047857	-0.017726	-0.058051	-0.053731
0.038482	0.024126	-0.014356	-0.031304	0.026419	0.004885	0.099723	0.229722	0.121309	0.057923	-0.001995	-0.011424
0.084536	0.080406	-0.004130	-0.082471	0.044333	0.038138	0.101849	0.291300	0.214557	0.136888	0.056579	0.030378
0.146343	0.150772	0.004428	-0.148557	0.070957	0.077600	0.098553	0.365174	0.330356	0.234512	0.128425	0.074998
0.259664	0.224032	-0.035632	-0.241848	0.147648	0.094200	0.057567	0.384912	0.414117	0.325395	0.201679	0.129989
0.329022	0.256698	-0.072324	-0.292860	0.200673	0.092187	0.014015	0.327220	0.482144	0.411419	0.284032	0.194886
0.438771	0.324699	-0.114071	-0.381735	0.276421	0.105314	-0.084026	0.269395	0.533453	0.498572	0.372014	0.264914
0.605137	0.369281	-0.235857	-0.487209	0.420497	0.066712	-0.199996	0.165490	0.527571	0.552912	0.443303	0.330584
0.644433	0.412414	-0.232019	-0.528423	0.438226	0.090197	-0.284932	0.035667	0.518351	0.566885	0.518310	0.394365
0.688532	0.462574	-0.225957	-0.575553	0.457245	0.118308	-0.375115	-0.100528	0.472657	0.544887	0.571216	0.471405
0.664016	0.403129	-0.260887	-0.533573	0.462451	0.071121	-0.454371	-0.314688	0.328201	0.505851	0.509674	0.518732
0.655598	0.338666	-0.316932	-0.497132	0.486265	0.010867	-0.537315	-0.584664	0.036188	0.288967	0.435668	0.466951
0.652241	0.275866	-0.376375	-0.464054	0.514308	-0.050255	-0.643759	-0.958823	-0.260914	0.068797	0.318677	0.409444
0.443101	0.210087	-0.233014	-0.326594	0.338058	-0.011463	-0.716558	-1.352443	-0.433449	-0.043994	0.262962	0.405836
0.349300	0.144382	-0.204917	-0.246841	0.277109	-0.030268	-0.734374	-1.442652	-0.533318	-0.131966	0.221613	0.404484
0.284257	0.081230	-0.203027	-0.182743	0.243642	-0.060898	-0.711928	-1.375947	-0.616788	-0.223655	0.144053	0.355360
0.206409	0.022687	-0.183722	-0.114548	0.195066	-0.080517	-0.688989	-1.315436	-0.618803	-0.282411	0.076154	0.305255
0.148398	-0.027399	-0.175797	-0.060499	0.162097	-0.101598	-0.636924	-1.215955	-0.608046	-0.318240	0.028914	0.264869
0.126696	-0.038520	-0.165216	-0.044088	0.145956	-0.101868	-0.579291	-1.095647	-0.562587	-0.307712	-0.009531	0.225264
0.088269	-0.072308	-0.160578	-0.007981	0.124423	-0.116443	-0.516721	-0.965171	-0.509023	-0.293454	-0.025646	0.200202
0.102814	-0.046551	-0.149365	-0.028132	0.126090	-0.097958	-0.453306	-0.800497	-0.426074	-0.245806	-0.034915	0.174803
0.125013	-0.019554	-0.144566	-0.052729	0.134790	-0.082060	-0.371081	-0.625084	-0.335494	-0.195200	-0.045660	0.145081
0.115130	-0.019613	-0.134744	-0.047759	0.124937	-0.077178	-0.299297	-0.495494	-0.274519	-0.174767	-0.059387	0.120220
0.109089	-0.020729	-0.129818	-0.044180	0.119454	-0.075274	-0.235554	-0.394277	-0.215900	-0.155059	-0.070675	0.079453
0.085542	-0.019381	-0.104923	-0.033080	0.095232	-0.062152	-0.169212	-0.296057	-0.164048	-0.139620	-0.079589	0.040697
0.059707	-0.021803	-0.081510	-0.018952	0.070608	-0.051656	-0.110693	-0.228375	-0.120556	-0.125114	-0.075663	0.034281
0.003639	-0.048326	-0.051965	0.022344	0.027802	-0.050146	-0.078954	-0.170383	-0.098889	-0.109802	-0.074892	0.030512
0.008229	-0.031351	-0.039579	0.011561	0.023904	-0.035465	-0.055953	-0.133630	-0.080271	-0.095778	-0.075093	0.029901
0.096494	-0.014245	-0.110739	-0.041124	0.103616	-0.062492	-0.044199	-0.100121	-0.059443	-0.084697	-0.075069	0.025293
0.122671	0.010098	-0.112573	-0.066384	0.117622	-0.051237	-0.035020	-0.063768	-0.044932	-0.075285	-0.074707	0.020264
0.137705	0.028949	-0.108757	-0.083327	0.123231	-0.039904	-0.024730	-0.030713	-0.039906	-0.069283	-0.070605	0.019810
0.131067	0.021038	-0.110029	-0.076053	0.120548	-0.044496	-0.015124	-0.024480	-0.035452	-0.060136	-0.069958	0.009874
0.119017	0.014333	-0.104685	-0.066675	0.111851	-0.045176	-0.004073	-0.024957	-0.035171	-0.049720	-0.070092	0.004665
0.111037	0.005760	-0.105277	-0.058398	0.108157	-0.049759	0.004778	-0.024779	-0.029904	-0.045082	-0.069823	-0.000239
0.103758	-0.000317	-0.104075	-0.051721	0.103916	-0.052196	0.000053	-0.024900	-0.024694	-0.055333	-0.070475	-0.009488
0.059893	-0.034848	-0.094741	-0.012523	0.077317	-0.064795	0.000275	-0.025428	-0.024487	-0.059972	-0.069941	-0.014994
0.020867	-0.069609	-0.090476	0.024371	0.055671	-0.080042	0.004135	-0.025092	-0.020481	-0.054626	-0.065452	-0.020075
0.012922	-0.065512	-0.078434	0.026295	0.045678	-0.071973	0.010782	-0.015227	-0.019906	-0.054815	-0.064940	-0.024796
0.017649	-0.059607	-0.077256	0.020979	0.047453	-0.068432	0.028932	-0.010360	-0.020004	-0.054617	-0.064996	-0.025059
0.067346	-0.059628	-0.126974	-0.003859	0.097160	-0.093301	0.026240	-0.004935	-0.020025	-0.050029	-0.065059	-0.025002
0.057002	-0.055458	-0.112460	-0.000772	0.084731	-0.083959	0.024296	0.004535	-0.019427	-0.049626	-0.064414	-0.025012
0.039332	-0.054990	-0.094323	0.007829	0.066828	-0.074657	0.025299	0.010105	-0.015292	-0.049813	-0.060300	-0.025027
0.050515	-0.049552	-0.100067	-0.000482	0.075291	-0.074809	0.024852	0.014906	-0.014933	-0.045526	-0.059910	-0.024971
0.054455	-0.045168	-0.099622	-0.004644	0.077038	-0.072395	0.025112	0.019977	-0.015022	-0.044988	-0.060071	-0.025069
0.055870	-0.044447	-0.100318	-0.005711	0.078094	-0.072383	0.024949	0.020417	-0.015033	-0.045071	-0.059954	-0.024912
0.059125	-0.040570	-0.099695	-0.009277	0.079410	-0.070132	0.025040	0.020143	-0.014744	-0.044672	-0.060068	-0.025165
0.060518	-0.039769	-0.100287	-0.010374	0.080403	-0.070028	0.025002	0.024527	-0.010538	-0.040597	-0.059502	-0.024518
0.069417	-0.029912	-0.099329	-0.019752	0.084373	-0.064621	0.024989	0.024976	-0.009493	-0.039940	-0.055154	-0.025096
0.075564	-0.024656	-0.100220	-0.025454	0.087892	-0.062438	0.025076	0.025058	-0.004727	-0.040095	-0.054459	-0.029540
0.084871	-0.019921	-0.104792	-0.032475	0.094832	-0.062357	0.024682	0.024950	-0.005001	-0.039660	-0.055041	-0.030047
0.089440	-0.015524	-0.104963	-0.036958	0.097202	-0.060244	0.020581	0.025059	-0.005237	-0.035607	-0.049926	-0.029991
0.095936	-0.009157	-0.105093	-0.043390	0.100515	-0.057125	0.019973	0.024928	-0.000534	-0.034938	-0.050025	-0.030017
0.098625	-0.006292	-0.104916	-0.046166	0.101771	-0.055604	0.020003	0.025136	0.000581	-0.035089	-0.050008	-0.029998
0.071365	-0.033746	-0.105111	-0.018809	0.088238	-0.069428	0.019983	0.024647	0.004696	-0.034678	-0.044963	-0.029999
0.100024	-0.004552	-0.104576	-0.047736	0.102300	-0.054564	0.019999	0.025249	0.005167	-0.030580	-0.045213	-0.030005
0.128961	0.023949	-0.105012	-0.076455	0.116987	-0.040532	0.019996	0.035050	0.004249	-0.029980	-0.044309	-0.030008
0.106966	-0.003323	-0.110288	-0.051821	0.108627	-0.056805	0.020006	0.039877	0.000729	-0.029995	-0.045208	-0.030008
0.072995	-0.037244	-0.110239	-0.017876	0.091617	-0.073741	0.019962	0.039974	-0.000473	-0.030039	-0.054110	-0.030025
0.031709	-0.078199	-0.109909	0.023245	0.070809	-0.094054	0.020024	0.040022	-0.004295	-0.029537	-0.066226	-0.029580
0.079102	-0.031029	-0.110131	-0.024036	0.094616	-0.070580	0.019931	0.040003	-0.005693	-0.025095	-0.084264	-0.025038
0.124939	0.015007	-0.109932	-0.069973	0.117435	-0.047462	0.020643	0.040019	-0.010027	-0.024497	-0.080577	-0.024613
0.115679	0.005645	-0.110035	-0.060662	0.112857	-0.052195	0.024533	0.040000	-0.010301	-0.025212	-0.079692	-0.024994
0.109369	-0.000595	-0.109963	-0.054387	0.109666	-0.055279	0.025714	0.039984	-0.004398	-0.024423	-0.080559	-0.025392
0.100456	-0.008907	-0.109363	-0.045775	0.104910	-0.059135	0.029244	0.040043	-0.000164	-0.020172	-0.074823	-0.024975
0.083891	-0.015994	-0.099885	-0.033948	0.091888	-0.057940	0.030696	0.039948	0.000514	-0.019439	-0.074760	-0.020428
0.050703	-0.038938	-0.089641	-0.005883	0.070172	-0.064289	0.034589	0.040059	0.004921	-0.020234	-0.074774	-0.019958
0.044408	-0.040601	-0.085010	-0.001903	0.064709	-0.062805	0.035570	0.039874	0.009880	-0.019766	-0.070540	-0.020015
0.034615	-0.039303	-0.073918	0.002344	0.054266	-0.056610	0.039874	0.040176	0.009879	-0.020805	-0.070050	-0.019975
0.025883	-0.040005	-0.065888	0.007061	0.045886	-0.052946	0.040522	0.039752	0.000395	-0.024745	-0.069964	-0.020078
0.017892	-0.040424	-0.058316	0.011266	0.038104	-0.049370	0.039796	0.040186	-0.010122	-0.030547	-0.069891	-0.019683
0.023578	-0.039416	-0.062994	0.007919	0.043286	-0.051205	0.040114	0.029593	-0.019813	-0.039563	-0.065032	-0.015585
0.066177	-0.041783	-0.107960	-0.012197	0.087068	-0.074871	0.039934	0.025619	-0.024928	-0.035619	-0.064976	-0.014966
0.038211	-0.068652	-0.106863	0.015221	0.072537	-0.087757	0.040062	0.049264	-0.020396	-0.034480	-0.065073	-0.014998
0.033286	-0.066000	-0.099286	0.016357	0.066286	-0.082643	0.039928	0.055526	-0.014912	-0.034935	-0.059898	-0.015029
0.040656	-0.059222	-0.099877	0.009283	0.070267	-0.079550	0.040049	0.060206	-0.010074	-0.030432	-0.060526	-0.014541
0.034926	-0.060428	-0.095354	0.012751	0.065140	-0.077891	0.039938	0.065073	-0.004960	-0.030106	-0.059899	-0.010086
0.040233	-0.055067	-0.095300	0.007417	0.067766	-0.075183	0.040117	0.065392	-0.000066	-0.029914	-0.055466	-0.009515
0.039574	-0.050581	-0.090155	0.005503	0.064865	-0.070368	0.039653	0.069805	0.005096	-0.029955	-0.054985	-0.010152
0.035758	-0.049602	-0.085360	0.006922	0.060559	-0.067481	0.040213	0.069970	0.009424	-0.025000	-0.054533	-0.009950
0.044491	-0.040568	-0.085059	-0.001962	0.064775	-0.062814	0.050075	0.070073	0.010591	-0.025021	-0.050135	-0.009626
0.045742	-0.034527	-0.080269	-0.005608	0.063005	-0.057398	0.055365	0.069931	0.015147	-0.024987	-0.049486	-0.009768
0.054582	-0.025096	-0.079678	-0.014743	0.067130	-0.052387	0.059815	0.070056	0.015263	-0.020080	-0.050053	-0.019969
0.064924	-0.020112	-0.085036	-0.022406	0.074980	-0.052574	0.059623	0.069998	0.015345	-0.020051	-0.044960	-0.024734
0.075947	-0.009528	-0.085476	-0.033210	0.080712	-0.047502	0.060046	0.075697	0.019969	-0.019991	-0.045014	-0.020523
0.079435	-0.006108	-0.085543	-0.036664	0.082489	-0.045825	0.064592	0.089591	0.020464	-0.019483	-0.045050	-0.019522
0.060766	-0.028805	-0.089570	-0.015980	0.075168	-0.059187	0.064950	0.095475	0.019960	-0.015062	-0.039926	-0.015137
0.064886	-0.025591	-0.090477	-0.019648	0.077682	-0.058034	0.065481	0.099192	0.025018	-0.010398	-0.040525	-0.015400
0.070223	-0.019820	-0.090043	-0.025201	0.080133	-0.054932	0.069904	0.100860	0.025017	-0.009984	-0.039909	-0.014992
0.064982	-0.019736	-0.084718	-0.022623	0.074850	-0.052227	0.070540	0.104175	0.024946	-0.005376	-0.034962	-0.010401
0.069721	-0.015019	-0.084740	-0.027351	0.077230	-0.049879	0.069703	0.105970	0.030048	-0.000162	-0.029981	-0.009889
0.069987	-0.015096	-0.085083	-0.027445	0.077535	-0.050090	0.070638	0.124027	0.029445	0.000550	-0.025467	-0.005012
0.075093	-0.009893	-0.084986	-0.032600	0.080039	-0.047440	0.074941	0.130330	0.030690	0.004370	-0.024912	-0.005017
0.079838	-0.005196	-0.085034	-0.037321	0.082436	-0.045115	0.080060	0.129467	0.040160	0.005540	-0.020510	-0.004974
0.080317	-0.004653	-0.084970	-0.037832	0.082644	-0.044812	0.084758	0.140086	0.045277	0.009814	-0.014952	-0.000156
0.083965	-0.001065	-0.085030	-0.041450	0.084497	-0.043047	0.085026	0.144749	0.049840	0.009607	-0.015062	0.000412
0.085931	0.000899	-0.085032	-0.043415	0.085482	-0.042067	0.085030	0.145750	0.055152	0.010013	-0.009993	0.004929
0.098784	0.013764	-0.085020	-0.056274	0.091902	-0.035628	0.084975	0.159030	0.059306	0.014582	-0.005008	0.005456
0.111297	0.026272	-0.085024	-0.068784	0.098160	-0.029376	0.085014	0.170424	0.060420	0.015084	-0.004879	0.004924
0.133946	0.048939	-0.085007	-0.091443	0.109477	-0.018034	0.084920	0.184727	0.064257	0.019932	0.005447	0.009995
0.120340	0.035273	-0.085067	-0.077806	0.102703	-0.024897	0.085159	0.179360	0.065762	0.020043	0.014899	0.009990
0.105286	0.020265	-0.085021	-0.062776	0.095154	-0.032378	0.084695	0.176261	0.069307	0.019801	0.020463	0.010417
0.134712	0.050145	-0.084568	-0.092428	0.109640	-0.017212	0.090333	0.198736	0.070596	0.030135	0.029950	0.024382
0.154459	0.084799	-0.069659	-0.119629	0.112059	0.007570	0.109242	0.211709	0.084834	0.055380	0.039772	0.035238
0.134751	0.080282	-0.054469	-0.107516	0.094610	0.012907	0.115643	0.228456	0.094902	0.074652	0.045598	0.044754
0.116084	0.076078	-0.040005	-0.096081	0.078045	0.018036	0.114733	0.226009	0.100133	0.080148	0.044659	0.055375
0.093245	0.067999	-0.025246	-0.080622	0.059245	0.021377	0.115237	0.224421	0.104633	0.079325	0.045005	0.064127
0.082644	0.072646	-0.009998	-0.077645	0.046321	0.031324	0.114333	0.245433	0.120864	0.090688	0.065524	0.075960
0.137219	0.141589	0.004370	-0.139404	0.066425	0.072980	0.110770	0.274353	0.153768	0.123835	0.089884	0.104300
0.151341	0.146897	-0.004444	-0.149119	0.077893	0.071226	0.109401	0.275512	0.160731	0.130680	0.095167	0.110746
0.154302	0.143974	-0.010328	-0.149138	0.082315	0.066823	0.105186	0.274514	0.159795	0.129893	0.095112	0.109753
0.160327	0.144950	-0.015377	-0.152639	0.087852	0.064787	0.105369	0.275118	0.160401	0.129699	0.099814	0.110060
0.170652	0.146201	-0.024452	-0.158426	0.097552	0.060874	0.105025	0.275247	0.165224	0.129766	0.100486	0.110242
0.173442	0.143441	-0.030001	-0.158442	0.101721	0.056720	0.100408	0.274675	0.165026	0.139952	0.104940	0.115283
0.182971	0.148265	-0.034706	-0.165618	0.108839	0.056780	0.100011	0.275675	0.165847	0.160194	0.130028	0.130425
0.189823	0.159944	-0.029879	-0.174884	0.109851	0.065032	0.099519	0.268420	0.163044	0.153866	0.128880	0.133479
0.171324	0.145706	-0.025618	-0.158515	0.098471	0.060044	0.095148	0.267053	0.167494	0.152529	0.131822	0.141922
0.244951	0.224569	-0.020382	-0.234760	0.132667	0.102094	0.094501	0.297754	0.212683	0.197615	0.173062	0.182890
0.243766	0.228829	-0.014937	-0.236298	0.129351	0.106946	0.094999	0.286841	0.206735	0.197174	0.171456	0.181567
0.227308	0.217557	-0.009752	-0.222432	0.118530	0.103902	0.090019	0.273755	0.198978	0.193766	0.168699	0.178619
0.221724	0.216737	-0.004987	-0.219230	0.113355	0.105875	0.089917	0.261128	0.195515	0.190570	0.170491	0.180546
0.224344	0.214494	-0.009850	-0.219419	0.117097	0.102322	0.090274	0.249187	0.185176	0.189339	0.169772	0.179737
0.224863	0.210657	-0.014206	-0.217760	0.119534	0.098225	0.080076	0.235164	0.180030	0.190025	0.170152	0.180171
0.210105	0.205096	-0.005009	-0.207600	0.107557	0.100043	0.074692	0.224705	0.175392	0.185365	0.169896	0.179884
0.209815	0.205355	-0.004459	-0.207585	0.107137	0.100448	0.075167	0.224684	0.175151	0.185188	0.170153	0.180162
0.209921	0.204824	-0.005098	-0.207372	0.107510	0.099863	0.074902	0.224991	0.174927	0.184912	0.169951	0.179952
0.210025	0.205084	-0.004941	-0.207554	0.107483	0.100071	0.075024	0.224929	0.175002	0.185027	0.170010	0.180008
0.209965	0.204943	-0.005022	-0.207454	0.107493	0.099961	0.074954	0.224968	0.174966	0.184963	0.169979	0.179978
0.210076	0.205094	-0.004982	-0.207585	0.107529	0.100056	0.075050	0.225072	0.175065	0.185080	0.170069	0.180073
0.209980	0.204970	-0.005010	-0.207475	0.107495	0.099980	0.074973	0.224968	0.174978	0.184978	0.169987	0.179986
0.209938	0.204948	-0.004989	-0.207443	0.107464	0.099980	0.074985	0.224922	0.174945	0.184953	0.169958	0.179956
0.209987	0.204980	-0.005006	-0.207484	0.107496	0.099987	0.074984	0.224978	0.174983	0.184985	0.169987	0.179986
0.210076	0.205080	-0.004997	-0.207578	0.107536	0.100042	0.075030	0.225084	0.175068	0.185072	0.170067	0.180071
0.209986	0.204985	-0.005001	-0.207485	0.107494	0.099992	0.074994	0.224985	0.174987	0.184986	0.169987	0.179986
0.209948	0.204950	-0.004999	-0.207449	0.107474	0.099975	0.074982	0.224945	0.174957	0.184955	0.169958	0.179956
0.209984	0.204985	-0.005000	-0.207484	0.107492	0.099992	0.074994	0.224983	0.174987	0.184986	0.169987	0.179986
0.210083	0.205081	-0.005002	-0.207582	0.107543	0.100040	0.075030	0.225089	0.175069	0.185073	0.170067	0.180071
0.209984	0.204985	-0.005000	-0.207484	0.107492	0.099992	0.074994	0.224983	0.174987	0.184986	0.169987	0.179986
0.209948	0.204950	-0.004999	-0.207449	0.107474	0.099975	0.074982	0.224945	0.174957	0.184955	0.169958	0.179956
0.209984	0.204985	-0.005000	-0.207484	0.107492	0.099992	0.074994	0.224983	0.174987	0.184986	0.169987	0.179986
0.210083	0.205081	-0.005002	-0.207582	0.107543	0.100040	0.075030	0.225089	0.175069	0.185073	0.170067	0.180071
0.209984	0.204985	-0.005000	-0.207484	0.107492	0.099992	0.074994	0.224983	0.174987	0.184986	0.169987	0.179986
0.209948	0.204950	-0.004999	-0.207449	0.107474	0.099975	0.074982	0.224945	0.174957	0.184955	0.169958	0.179956
0.209984	0.204985	-0.005000	-0.207484	0.107492	0.099992	0.074994	0.224983	0.174987	0.184986	0.169987	0.179986
0.210083	0.205081	-0.005002	-0.207582	0.107543	0.100040	0.075030	0.225089	0.175069	0.185073	0.170067	0.180071
0.209984	0.204985	-0.005000	-0.207484	0.107492	0.099992	0.074994	0.224983	0.174987	0.184986	0.169987	0.179986
0.209948	0.204950	-0.004999	-0.207449	0.107474	0.099975	0.074982	0.224945	0.174957	0.184955	0.169958	0.179956
0.209984	0.204985	-0.005000	-0.207484	0.107492	0.099992	0.074994	0.224983	0.174987	0.184986	0.169987	0.179986
0.210083	0.205081	-0.005002	-0.207582	0.107543	0.100040	0.075030	0.225089	0.175069	0.185073	0.170067	0.180071
0.209984	0.204985	-0.005000	-0.207484	0.107492	0.099992	0.074994	0.224983	0.174987	0.184986	0.169987	0.179986
0.209948	0.204950	-0.004999	-0.207449	0.107474	0.099975	0.074982	0.224945	0.174957	0.184955	0.169958	0.179956
0.209984	0.204985	-0.005000	-0.207484	0.107492	0.099992	0.074994	0.224983	0.174987	0.184986	0.169987	0.179986
0.210083	0.205081	-0.005002	-0.207582	0.107543	0.100040	0.075030	0.225089	0.175069	0.185073	0.170067	0.180071
0.209984	0.204985	-0.005000	-0.207484	0.107492	0.099992	0.074994	0.224983	0.174987	0.184986	0.169987	0.179986
0.209948	0.204950	-0.004999	-0.207449	0.107474	0.099975	0.074982	0.224945	0.174957	0.184955	0.169958	0.179956
0.209984	0.204985	-0.005000	-0.207484	0.107492	0.099992	0.074994	0.224983	0.174987	0.184986	0.169987	0.179986
0.210083	0.205081	-0.005002	-0.207582	0.107543	0.100040	0.075030	0.225089	0.175069	0.185073	0.170067	0.180071
0.210133	0.205130	-0.005003	-0.207631	0.107568	0.100063	0.075048	0.225143	0.175111	0.185117	0.170108	0.180114
0.209858	0.204862	-0.004997	-0.207360	0.107427	0.099932	0.074949	0.224848	0.174882	0.184875	0.169885	0.179878
0.210415	0.205405	-0.005010	-0.207910	0.107712	0.100198	0.075148	0.225445	0.175346	0.185366	0.170336	0.180356
0.209528	0.204540	-0.004989	-0.207034	0.107259	0.099775	0.074832	0.224495	0.174607	0.184585	0.169618	0.179596
0.210981	0.205957	-0.005023	-0.208469	0.108002	0.100467	0.075350	0.226051	0.175817	0.185864	0.170794	0.180840
0.208592	0.203626	-0.004966	-0.206109	0.106779	0.099330	0.074497	0.223492	0.173827	0.183760	0.168861	0.178794
0.212328	0.207273	-0.005055	-0.209800	0.108692	0.101109	0.075831	0.227494	0.176940	0.187051	0.171885	0.181996
0.206439	0.201523	-0.004915	-0.203981	0.105677	0.098304	0.073728	0.221184	0.172032	0.181863	0.167117	0.176947
0.216949	0.211784	-0.005165	-0.214366	0.111057	0.103309	0.077482	0.232446	0.180791	0.191122	0.175626	0.185956
0.000000	0.000000	0.000000	0.000000	0.000000	0.000000	0.000000	0.000000	0.000000	0.000000	0.000000	0.000000
0.000000	0.000000	0.000000	0.000000	0.000000	0.000000	0.000000	0.000000	0.000000	0.000000	0.000000	0.000000
0.000000	0.000000	0.000000	0.000000	0.000000	0.000000	0.000000	0.000000	0.000000	0.000000	0.000000	0.000000
0.000000	0.000000	0.000000	0.000000	0.000000	0.000000	0.000000	0.000000	0.000000	0.000000	0.000000	0.000000
0.000000	0.000000	0.000000	0.000000	0.000000	0.000000	0.000000	0.000000	0.000000	0.000000	0.000000	0.000000
0.000000	0.000000	0.000000	0.000000	0.000000	0.000000	0.000000	0.000000	0.000000	0.000000	0.000000	0.000000
0.000000	0.000000	0.000000	0.000000	0.000000	0.000000	0.000000	0.000000	0.000000	0.000000	0.000000	0.000000
0.000000	0.000000	0.000000	0.000000	0.000000	0.000000	0.000000	0.000000	0.000000	0.000000	0.000000	0.000000
0.000000	0.000000	0.000000	0.000000	0.000000	0.000000	0.000000	0.000000	0.000000	0.000000	0.000000	0.000000
0.000000	0.000000	0.000000	0.000000	0.000000	0.000000	0.000000	0.000000	0.000000	0.000000	0.000000	0.000000
0.000000	0.000000	0.000000	0.000000	0.000000	0.000000	0.000000	0.000000	0.000000	0.000000	0.000000	0.000000
0.000000	0.000000	0.000000	0.000000	0.000000	0.000000	0.000000	0.000000	0.000000	0.000000	0.000000	0.000000
0.000000	0.000000	0.000000	0.000000	0.000000	0.000000	0.000000	0.000000	0.000000	0.000000	0.000000	0.000000
0.000000	0.000000	0.000000	0.000000	0.000000	0.000000	0.000000	0.000000	0.000000	0.000000	0.000000	0.000000
0.000000	0.000000	0.000000	0.000000	0.000000	0.000000	0.000000	0.000000	0.000000	0.000000	0.000000	0.000000
0.000000	0.000000	0.000000	0.000000	0.000000	0.000000	0.000000	0.000000	0.000000	0.000000	0.000000	0.000000
0.000000	0.000000	0.000000	0.000000	0.000000	0.000000	0.000000	0.000000	0.000000	0.000000	0.000000	0.000000
0.000000	0.000000	0.000000	0.000000	0.000000	0.000000	0.000000	0.000000	0.000000	0.000000	0.000000	0.000000
0.000000	0.000000	0.000000	0.000000	0.000000	0.000000	0.000000	0.000000	0.000000	0.000000	0.000000	0.000000
0.000000	0.000000	0.000000	0.000000	0.000000	0.000000	0.000000	0.000000	0.000000	0.000000	0.000000	0.000000
0.000000	0.000000	0.000000	0.000000	0.000000	0.000000	0.000000	0.000000	0.000000	0.000000	0.000000	0.000000
0.000000	0.000000	0.000000	0.000000	0.000000	0.000000	0.000000	0.000000	0.000000	0.000000	0.000000	0.000000
0.000000	0.000000	0.000000	0.000000	0.000000	0.000000	0.000000	0.000000	0.000000	0.000000	0.000000	0.000000
0.000000	0.000000	0.000000	0.000000	0.000000	0.000000	0.000000	0.000000	0.000000	0.000000	0.000000	0.000000
0.000000	0.000000	0.000000	0.000000	0.000000	0.000000	0.000000	0.000000	0.000000	0.000000	0.000000	0.000000
0.000000	0.000000	0.000000	0.000000	0.000000	0.000000	0.000000	0.000000	0.000000	0.000000	0.000000	0.000000
0.000000	0.000000	0.000000	0.000000	0.000000	0.000000	0.000000	0.000000	0.000000	0.000000	0.000000	0.000000
0.000000	0.000000	0.000000	0.000000	0.000000	0.000000	0.000000	0.000000	0.000000	0.000000	0.000000	0.000000
0.000000	0.000000	0.000000	0.000000	0.000000	0.000000	0.000000	0.000000	0.000000	0.000000	0.000000	0.000000
0.000000	0.000000	0.000000	0.000000	0.000000	0.000000	0.000000	0.000000	0.000000	0.000000	0.000000	0.000000
0.000000	0.000000	0.000000	0.000000	0.000000	0.000000	0.000000	0.000000	0.000000	0.000000	0.000000	0.000000
0.000000	0.000000	0.000000	0.000000	0.000000	0.000000	0.000000	0.000000	0.000000	0.000000	0.000000	0.000000
0.000000	0.000000	0.000000	0.000000	0.000000	0.000000	0.000000	0.000000	0.000000	0.000000	0.000000	0.000000
0.000000	0.000000	0.000000	0.000000	0.000000	0.000000	0.000000	0.000000	0.000000	0.000000	0.000000	0.000000
0.000000	0.000000	0.000000	0.000000	0.000000	0.000000	0.000000	0.000000	0.000000	0.000000	0.000000	0.000000
0.000000	0.000000	0.000000	0.000000	0.000000	0.000000	0.000000	0.000000	0.000000	0.000000	0.000000	0.000000
0.000000	0.000000	0.000000	0.000000	0.000000	0.000000	0.000000	0.000000	0.000000	0.000000	0.000000	0.000000
0.000000	0.000000	0.000000	0.000000	0.000000	0.000000	0.000000	0.000000	0.000000	0.000000	0.000000	0.000000
0.000000	0.000000	0.000000	0.000000	0.000000	0.000000	0.000000	0.000000	0.000000	0.000000	0.000000	0.000000
0.000000	0.000000	0.000000	0.000000	0.000000	0.000000	0.000000	0.000000	0.000000	0.000000	0.000000	0.000000
0.000000	0.000000	0.000000	0.000000	0.000000	0.000000	0.000000	0.000000	0.000000	0.000000	0.000000	0.000000
0.000000	0.000000	0.000000	0.000000	0.000000	0.000000	0.000000	0.000000	0.000000	0.000000	0.000000	0.000000
0.000000	0.000000	0.000000	0.000000	0.000000	0.000000	0.000000	0.000000	0.000000	0.000000	0.000000	0.000000
0.000000	0.000000	0.000000	0.000000	0.000000	0.000000	0.000000	0.000000	0.000000	0.000000	0.000000	0.000000
0.000000	0.000000	0.000000	0.000000	0.000000	0.000000	0.000000	0.000000	0.000000	0.000000	0.000000	0.000000
0.000000	0.000000	0.000000	0.000000	0.000000	0.000000	0.000000	0.000000	0.000000	0.000000	0.000000	0.000000
0.000000	0.000000	0.000000	0.000000	0.000000	0.000000	0.000000	0.000000	0.000000	0.000000	0.000000	0.000000
0.000000	0.000000	0.000000	0.000000	0.000000	0.000000	0.000000	0.000000	0.000000	0.000000	0.000000	0.000000
